variety,condition,relative_path,filename,extension,size_bytes,dimensions,status
Amrapalli,After Ripening,Amrapalli/After Ripening/20250607_195040.jpg,20250607_195040.jpg,.jpg,1036378,3456x1610,ok
Amrapalli,After Ripening,Amrapalli/After Ripening/20250607_195042.jpg,20250607_195042.jpg,.jpg,1142823,3456x1964,ok
Amrapalli,After Ripening,Amrapalli/After Ripening/20250607_195055.jpg,20250607_195055.jpg,.jpg,4492241,4608x3456,ok
Amrapalli,After Ripening,Amrapalli/After Ripening/20250607_195102.jpg,20250607_195102.jpg,.jpg,4346930,4608x3456,ok
Amrapalli,After Ripening,Amrapalli/After Ripening/20250607_195105.jpg,20250607_195105.jpg,.jpg,3997005,4608x3456,ok
Amrapalli,After Ripening,Amrapalli/After Ripening/20250607_195107.jpg,20250607_195107.jpg,.jpg,4201931,4608x3456,ok
Amrapalli,After Ripening,Amrapalli/After Ripening/20250607_195108.jpg,20250607_195108.jpg,.jpg,4219383,4608x3456,ok
Amrapalli,After Ripening,Amrapalli/After Ripening/20250607_195110(0).jpg,20250607_195110(0).jpg,.jpg,4192431,4608x3456,ok
Amrapalli,After Ripening,Amrapalli/After Ripening/20250607_195110.jpg,20250607_195110.jpg,.jpg,4236610,4608x3456,ok
Amrapalli,After Ripening,Amrapalli/After Ripening/20250607_195112.jpg,20250607_195112.jpg,.jpg,4268007,4608x3456,ok
Amrapalli,After Ripening,Amrapalli/After Ripening/20250607_195144.jpg,20250607_195144.jpg,.jpg,4823661,4608x3456,ok
Amrapalli,After Ripening,Amrapalli/After Ripening/20250607_195208.jpg,20250607_195208.jpg,.jpg,4705014,4608x3456,ok
Amrapalli,After Ripening,Amrapalli/After Ripening/20250607_195214.jpg,20250607_195214.jpg,.jpg,5019878,4608x3456,ok
Amrapalli,After Ripening,Amrapalli/After Ripening/20250607_195239.jpg,20250607_195239.jpg,.jpg,4486863,4608x3456,ok
Amrapalli,After Ripening,Amrapalli/After Ripening/20250607_195241.jpg,20250607_195241.jpg,.jpg,4474131,4608x3456,ok
Amrapalli,After Ripening,Amrapalli/After Ripening/20250607_195243.jpg,20250607_195243.jpg,.jpg,4508437,4608x3456,ok
Amrapalli,After Ripening,Amrapalli/After Ripening/20250607_195249.jpg,20250607_195249.jpg,.jpg,5135441,4608x3456,ok
Amrapalli,After Ripening,Amrapalli/After Ripening/20250607_195256.jpg,20250607_195256.jpg,.jpg,4722393,4608x3456,ok
Amrapalli,After Ripening,Amrapalli/After Ripening/20250607_195300.jpg,20250607_195300.jpg,.jpg,4650538,4608x3456,ok
Amrapalli,After Ripening,Amrapalli/After Ripening/20250607_195303.jpg,20250607_195303.jpg,.jpg,4693250,4608x3456,ok
Amrapalli,After Ripening,Amrapalli/After Ripening/20250607_195305.jpg,20250607_195305.jpg,.jpg,4750348,4608x3456,ok
Amrapalli,After Ripening,Amrapalli/After Ripening/20250607_195322.jpg,20250607_195322.jpg,.jpg,4485491,4608x3456,ok
Amrapalli,After Ripening,Amrapalli/After Ripening/20250607_195326.jpg,20250607_195326.jpg,.jpg,4509760,4608x3456,ok
Amrapalli,After Ripening,Amrapalli/After Ripening/20250607_195328.jpg,20250607_195328.jpg,.jpg,4484508,4608x3456,ok
Amrapalli,After Ripening,Amrapalli/After Ripening/20250607_195332.jpg,20250607_195332.jpg,.jpg,4971992,4608x3456,ok
Amrapalli,After Ripening,Amrapalli/After Ripening/20250607_195334.jpg,20250607_195334.jpg,.jpg,4948111,4608x3456,ok
Amrapalli,After Ripening,Amrapalli/After Ripening/20250607_195350.jpg,20250607_195350.jpg,.jpg,4466484,4608x3456,ok
Amrapalli,After Ripening,Amrapalli/After Ripening/20250607_195352.jpg,20250607_195352.jpg,.jpg,4415577,4608x3456,ok
Amrapalli,After Ripening,Amrapalli/After Ripening/20250607_195428.jpg,20250607_195428.jpg,.jpg,4394439,4608x3456,ok
Amrapalli,After Ripening,Amrapalli/After Ripening/20250607_195432.jpg,20250607_195432.jpg,.jpg,4101488,4608x3456,ok
Amrapalli,After Ripening,Amrapalli/After Ripening/20250607_195435.jpg,20250607_195435.jpg,.jpg,4044449,4608x3456,ok
Amrapalli,After Ripening,Amrapalli/After Ripening/20250607_195437.jpg,20250607_195437.jpg,.jpg,3928162,4608x3456,ok
Amrapalli,After Ripening,Amrapalli/After Ripening/20250607_195439.jpg,20250607_195439.jpg,.jpg,4031416,4608x3456,ok
Amrapalli,After Ripening,Amrapalli/After Ripening/20250607_195441.jpg,20250607_195441.jpg,.jpg,4098846,4608x3456,ok
Amrapalli,After Ripening,Amrapalli/After Ripening/20250607_195444.jpg,20250607_195444.jpg,.jpg,4090509,4608x3456,ok
Amrapalli,After Ripening,Amrapalli/After Ripening/20250607_195449.jpg,20250607_195449.jpg,.jpg,4127848,4608x3456,ok
Amrapalli,After Ripening,Amrapalli/After Ripening/20250607_195451.jpg,20250607_195451.jpg,.jpg,4159112,4608x3456,ok
Amrapalli,After Ripening,Amrapalli/After Ripening/20250607_195459.jpg,20250607_195459.jpg,.jpg,4319935,4608x3456,ok
Amrapalli,After Ripening,Amrapalli/After Ripening/20250607_195502.jpg,20250607_195502.jpg,.jpg,4184222,4608x3456,ok
Amrapalli,After Ripening,Amrapalli/After Ripening/20250607_195504.jpg,20250607_195504.jpg,.jpg,3880158,4608x3456,ok
Amrapalli,After Ripening,Amrapalli/After Ripening/20250607_195523.jpg,20250607_195523.jpg,.jpg,4311017,4608x3456,ok
Amrapalli,After Ripening,Amrapalli/After Ripening/20250607_195525.jpg,20250607_195525.jpg,.jpg,4278977,4608x3456,ok
Amrapalli,After Ripening,Amrapalli/After Ripening/20250607_195527.jpg,20250607_195527.jpg,.jpg,4287171,4608x3456,ok
Amrapalli,After Ripening,Amrapalli/After Ripening/20250607_195538.jpg,20250607_195538.jpg,.jpg,4407574,4608x3456,ok
Amrapalli,After Ripening,Amrapalli/After Ripening/20250607_195542.jpg,20250607_195542.jpg,.jpg,4638395,4608x3456,ok
Amrapalli,After Ripening,Amrapalli/After Ripening/20250607_195604.jpg,20250607_195604.jpg,.jpg,4929467,4608x3456,ok
Amrapalli,After Ripening,Amrapalli/After Ripening/20250607_195616.jpg,20250607_195616.jpg,.jpg,4524396,4608x3456,ok
Amrapalli,After Ripening,Amrapalli/After Ripening/20250607_195618.jpg,20250607_195618.jpg,.jpg,4796772,4608x3456,ok
Amrapalli,After Ripening,Amrapalli/After Ripening/20250607_195620.jpg,20250607_195620.jpg,.jpg,4326956,4608x3456,ok
Amrapalli,After Ripening,Amrapalli/After Ripening/20250607_195622.jpg,20250607_195622.jpg,.jpg,4368115,4608x3456,ok
Amrapalli,After Ripening,Amrapalli/After Ripening/20250607_195624.jpg,20250607_195624.jpg,.jpg,4464353,4608x3456,ok
Amrapalli,After Ripening,Amrapalli/After Ripening/20250607_195626.jpg,20250607_195626.jpg,.jpg,4427584,4608x3456,ok
Amrapalli,After Ripening,Amrapalli/After Ripening/20250607_195628.jpg,20250607_195628.jpg,.jpg,4442046,4608x3456,ok
Amrapalli,After Ripening,Amrapalli/After Ripening/20250607_195631.jpg,20250607_195631.jpg,.jpg,4126125,4608x3456,ok
Amrapalli,After Ripening,Amrapalli/After Ripening/20250607_195651.jpg,20250607_195651.jpg,.jpg,5086257,4608x3456,ok
Amrapalli,After Ripening,Amrapalli/After Ripening/20250607_195654.jpg,20250607_195654.jpg,.jpg,4497628,4608x3456,ok
Amrapalli,After Ripening,Amrapalli/After Ripening/20250607_195656.jpg,20250607_195656.jpg,.jpg,4610558,4608x3456,ok
Amrapalli,After Ripening,Amrapalli/After Ripening/20250607_195708.jpg,20250607_195708.jpg,.jpg,4469435,4608x3456,ok
Amrapalli,After Ripening,Amrapalli/After Ripening/20250607_195722.jpg,20250607_195722.jpg,.jpg,4503243,4608x3456,ok
Amrapalli,After Ripening,Amrapalli/After Ripening/20250607_195725.jpg,20250607_195725.jpg,.jpg,4420155,4608x3456,ok
Amrapalli,After Ripening,Amrapalli/After Ripening/20250607_195728.jpg,20250607_195728.jpg,.jpg,4430336,4608x3456,ok
Amrapalli,After Ripening,Amrapalli/After Ripening/20250607_195735.jpg,20250607_195735.jpg,.jpg,4629925,4608x3456,ok
Amrapalli,After Ripening,Amrapalli/After Ripening/20250607_195737.jpg,20250607_195737.jpg,.jpg,5223624,4608x3456,ok
Amrapalli,After Ripening,Amrapalli/After Ripening/20250607_195739.jpg,20250607_195739.jpg,.jpg,4927644,4608x3456,ok
Amrapalli,After Ripening,Amrapalli/After Ripening/20250607_195742.jpg,20250607_195742.jpg,.jpg,5079425,4608x3456,ok
Amrapalli,After Ripening,Amrapalli/After Ripening/20250607_195744.jpg,20250607_195744.jpg,.jpg,4976996,4608x3456,ok
Amrapalli,After Ripening,Amrapalli/After Ripening/20260515_165916.jpg,20260515_165916.jpg,.jpg,2845025,4608x2128,ok
Amrapalli,After Ripening,Amrapalli/After Ripening/20260529_171533.jpg,20260529_171533.jpg,.jpg,3246803,4608x2128,ok
Amrapalli,After Ripening,Amrapalli/After Ripening/20260529_171535.jpg,20260529_171535.jpg,.jpg,3239258,4608x2128,ok
Amrapalli,After Ripening,Amrapalli/After Ripening/20260529_171537.jpg,20260529_171537.jpg,.jpg,3020443,4608x2128,ok
Amrapalli,After Ripening,Amrapalli/After Ripening/20260529_45246pmByGPSMapCamera.jpg,20260529_45246pmByGPSMapCamera.jpg,.jpg,9509077,3456x4608,ok
Amrapalli,After Ripening,Amrapalli/After Ripening/20260529_45249pmByGPSMapCamera.jpg,20260529_45249pmByGPSMapCamera.jpg,.jpg,9487243,3456x4608,ok
Amrapalli,After Ripening,Amrapalli/After Ripening/20260529_45306pmByGPSMapCamera.jpg,20260529_45306pmByGPSMapCamera.jpg,.jpg,10097298,3456x4608,ok
Amrapalli,After Ripening,Amrapalli/After Ripening/20260529_45310pmByGPSMapCamera.jpg,20260529_45310pmByGPSMapCamera.jpg,.jpg,10108791,3456x4608,ok
Amrapalli,After Ripening,Amrapalli/After Ripening/20260529_45320pmByGPSMapCamera.jpg,20260529_45320pmByGPSMapCamera.jpg,.jpg,9663936,3456x4608,ok
Amrapalli,After Ripening,Amrapalli/After Ripening/20260529_45321pmByGPSMapCamera.jpg,20260529_45321pmByGPSMapCamera.jpg,.jpg,9617740,3456x4608,ok
Amrapalli,After Ripening,Amrapalli/After Ripening/20260529_45328pmByGPSMapCamera.jpg,20260529_45328pmByGPSMapCamera.jpg,.jpg,9647533,3456x4608,ok
Amrapalli,After Ripening,Amrapalli/After Ripening/20260529_45329pmByGPSMapCamera.jpg,20260529_45329pmByGPSMapCamera.jpg,.jpg,9450385,3456x4608,ok
Amrapalli,After Ripening,Amrapalli/After Ripening/20260529_45339pmByGPSMapCamera.jpg,20260529_45339pmByGPSMapCamera.jpg,.jpg,9804677,3456x4608,ok
Amrapalli,After Ripening,Amrapalli/After Ripening/20260529_45451pmByGPSMapCamera.jpg,20260529_45451pmByGPSMapCamera.jpg,.jpg,9490124,3456x4608,ok
Amrapalli,After Ripening,Amrapalli/After Ripening/20260529_45454pmByGPSMapCamera.jpg,20260529_45454pmByGPSMapCamera.jpg,.jpg,9373337,3456x4608,ok
Amrapalli,After Ripening,Amrapalli/After Ripening/20260529_45456pmByGPSMapCamera.jpg,20260529_45456pmByGPSMapCamera.jpg,.jpg,9703067,3456x4608,ok
Amrapalli,After Ripening,Amrapalli/After Ripening/20260529_45508pmByGPSMapCamera.jpg,20260529_45508pmByGPSMapCamera.jpg,.jpg,8955941,3456x4608,ok
Amrapalli,After Ripening,Amrapalli/After Ripening/20260529_45522pmByGPSMapCamera.jpg,20260529_45522pmByGPSMapCamera.jpg,.jpg,9130509,3456x4608,ok
Amrapalli,After Ripening,Amrapalli/After Ripening/20260529_45524pmByGPSMapCamera.jpg,20260529_45524pmByGPSMapCamera.jpg,.jpg,8904666,3456x4608,ok
Amrapalli,After Ripening,Amrapalli/After Ripening/20260529_45529pmByGPSMapCamera.jpg,20260529_45529pmByGPSMapCamera.jpg,.jpg,9350484,3456x4608,ok
Amrapalli,After Ripening,Amrapalli/After Ripening/20260529_45619pmByGPSMapCamera.jpg,20260529_45619pmByGPSMapCamera.jpg,.jpg,9517853,3456x4608,ok
Amrapalli,After Ripening,Amrapalli/After Ripening/20260529_45623pmByGPSMapCamera.jpg,20260529_45623pmByGPSMapCamera.jpg,.jpg,9493264,3456x4608,ok
Amrapalli,After Ripening,Amrapalli/After Ripening/20260529_45624pmByGPSMapCamera.jpg,20260529_45624pmByGPSMapCamera.jpg,.jpg,9610314,3456x4608,ok
Amrapalli,After Ripening,Amrapalli/After Ripening/20260529_50733pmByGPSMapCamera.jpg,20260529_50733pmByGPSMapCamera.jpg,.jpg,5994542,3456x4608,ok
Amrapalli,After Ripening,Amrapalli/After Ripening/20260530_200205.jpg,20260530_200205.jpg,.jpg,2383968,4608x2128,ok
Amrapalli,After Ripening,Amrapalli/After Ripening/20260530_200212.jpg,20260530_200212.jpg,.jpg,2463214,4608x2128,ok
Amrapalli,After Ripening,Amrapalli/After Ripening/20260530_200221.jpg,20260530_200221.jpg,.jpg,2599812,4608x2128,ok
Amrapalli,After Ripening,Amrapalli/After Ripening/20260530_200223.jpg,20260530_200223.jpg,.jpg,2598094,4608x2128,ok
Amrapalli,After Ripening,Amrapalli/After Ripening/20260530_200225.jpg,20260530_200225.jpg,.jpg,2598052,4608x2128,ok
Amrapalli,After Ripening,Amrapalli/After Ripening/20260530_200227.jpg,20260530_200227.jpg,.jpg,2562666,4608x2128,ok
Amrapalli,After Ripening,Amrapalli/After Ripening/20260530_200228.jpg,20260530_200228.jpg,.jpg,2601630,4608x2128,ok
Amrapalli,After Ripening,Amrapalli/After Ripening/20260530_200231.jpg,20260530_200231.jpg,.jpg,2623575,4608x2128,ok
Amrapalli,After Ripening,Amrapalli/After Ripening/20260530_200244.jpg,20260530_200244.jpg,.jpg,2668862,4608x2128,ok
Amrapalli,After Ripening,Amrapalli/After Ripening/20260530_200251.jpg,20260530_200251.jpg,.jpg,2755139,4608x2128,ok
Amrapalli,After Ripening,Amrapalli/After Ripening/20260530_200252.jpg,20260530_200252.jpg,.jpg,2724807,4608x2128,ok
Amrapalli,After Ripening,Amrapalli/After Ripening/20260530_200254.jpg,20260530_200254.jpg,.jpg,2649589,4608x2128,ok
Amrapalli,After Ripening,Amrapalli/After Ripening/20260530_200256.jpg,20260530_200256.jpg,.jpg,2628654,4608x2128,ok
Amrapalli,After Ripening,Amrapalli/After Ripening/20260530_200258.jpg,20260530_200258.jpg,.jpg,2653742,4608x2128,ok
Amrapalli,After Ripening,Amrapalli/After Ripening/20260530_200320.jpg,20260530_200320.jpg,.jpg,2627934,4608x2128,ok
Amrapalli,After Ripening,Amrapalli/After Ripening/20260530_200321.jpg,20260530_200321.jpg,.jpg,2603590,4608x2128,ok
Amrapalli,After Ripening,Amrapalli/After Ripening/20260530_200323.jpg,20260530_200323.jpg,.jpg,2601325,4608x2128,ok
Amrapalli,After Ripening,Amrapalli/After Ripening/20260530_200325.jpg,20260530_200325.jpg,.jpg,2564099,4608x2128,ok
Amrapalli,After Ripening,Amrapalli/After Ripening/20260530_200326.jpg,20260530_200326.jpg,.jpg,2584231,4608x2128,ok
Amrapalli,After Ripening,Amrapalli/After Ripening/20260530_200341.jpg,20260530_200341.jpg,.jpg,2428033,4608x2128,ok
Amrapalli,After Ripening,Amrapalli/After Ripening/20260530_200344.jpg,20260530_200344.jpg,.jpg,2468826,4608x2128,ok
Amrapalli,After Ripening,Amrapalli/After Ripening/20260530_200346.jpg,20260530_200346.jpg,.jpg,2476756,4608x2128,ok
Amrapalli,After Ripening,Amrapalli/After Ripening/20260530_200347.jpg,20260530_200347.jpg,.jpg,2496153,4608x2128,ok
Amrapalli,After Ripening,Amrapalli/After Ripening/20260530_200349.jpg,20260530_200349.jpg,.jpg,2485227,4608x2128,ok
Amrapalli,After Ripening,Amrapalli/After Ripening/20260530_200357.jpg,20260530_200357.jpg,.jpg,2540651,4608x2128,ok
Amrapalli,After Ripening,Amrapalli/After Ripening/20260530_200400.jpg,20260530_200400.jpg,.jpg,2570430,4608x2128,ok
Amrapalli,After Ripening,Amrapalli/After Ripening/20260530_200402.jpg,20260530_200402.jpg,.jpg,2564145,4608x2128,ok
Amrapalli,After Ripening,Amrapalli/After Ripening/20260530_200411.jpg,20260530_200411.jpg,.jpg,2752812,4608x2128,ok
Amrapalli,After Ripening,Amrapalli/After Ripening/20260530_200414.jpg,20260530_200414.jpg,.jpg,2768540,4608x2128,ok
Amrapalli,After Ripening,Amrapalli/After Ripening/20260530_200416.jpg,20260530_200416.jpg,.jpg,2765088,4608x2128,ok
Amrapalli,After Ripening,Amrapalli/After Ripening/20260530_200418.jpg,20260530_200418.jpg,.jpg,2757362,4608x2128,ok
Amrapalli,After Ripening,Amrapalli/After Ripening/20260530_200430.jpg,20260530_200430.jpg,.jpg,2617807,4608x2128,ok
Amrapalli,After Ripening,Amrapalli/After Ripening/20260530_200432.jpg,20260530_200432.jpg,.jpg,2447988,4608x2128,ok
Amrapalli,After Ripening,Amrapalli/After Ripening/20260530_200433.jpg,20260530_200433.jpg,.jpg,2593880,4608x2128,ok
Amrapalli,After Ripening,Amrapalli/After Ripening/20260530_200435.jpg,20260530_200435.jpg,.jpg,2607631,4608x2128,ok
Amrapalli,After Ripening,Amrapalli/After Ripening/20260530_200510.jpg,20260530_200510.jpg,.jpg,2325705,4608x2128,ok
Amrapalli,After Ripening,Amrapalli/After Ripening/20260530_200511.jpg,20260530_200511.jpg,.jpg,2416528,4608x2128,ok
Amrapalli,After Ripening,Amrapalli/After Ripening/20260530_200513.jpg,20260530_200513.jpg,.jpg,2421543,4608x2128,ok
Amrapalli,After Ripening,Amrapalli/After Ripening/20260530_200515.jpg,20260530_200515.jpg,.jpg,2398431,4608x2128,ok
Amrapalli,After Ripening,Amrapalli/After Ripening/20260530_200545.jpg,20260530_200545.jpg,.jpg,2408214,4608x2128,ok
Amrapalli,After Ripening,Amrapalli/After Ripening/20260530_200547.jpg,20260530_200547.jpg,.jpg,2425521,4608x2128,ok
Amrapalli,After Ripening,Amrapalli/After Ripening/20260530_200558.jpg,20260530_200558.jpg,.jpg,2372162,4608x2128,ok
Amrapalli,After Ripening,Amrapalli/After Ripening/20260530_200600.jpg,20260530_200600.jpg,.jpg,2395209,4608x2128,ok
Amrapalli,After Ripening,Amrapalli/After Ripening/20260530_200601.jpg,20260530_200601.jpg,.jpg,2373690,4608x2128,ok
Amrapalli,After Ripening,Amrapalli/After Ripening/20260530_200603.jpg,20260530_200603.jpg,.jpg,2386115,4608x2128,ok
Amrapalli,After Ripening,Amrapalli/After Ripening/20260530_200609.jpg,20260530_200609.jpg,.jpg,2452964,4608x2128,ok
Amrapalli,After Ripening,Amrapalli/After Ripening/20260530_200611.jpg,20260530_200611.jpg,.jpg,2505138,4608x2128,ok
Amrapalli,After Ripening,Amrapalli/After Ripening/20260530_200613.jpg,20260530_200613.jpg,.jpg,2461697,4608x2128,ok
Amrapalli,After Ripening,Amrapalli/After Ripening/20260530_200627.jpg,20260530_200627.jpg,.jpg,2401535,4608x2128,ok
Amrapalli,After Ripening,Amrapalli/After Ripening/20260530_200629.jpg,20260530_200629.jpg,.jpg,2407608,4608x2128,ok
Amrapalli,After Ripening,Amrapalli/After Ripening/20260530_200631.jpg,20260530_200631.jpg,.jpg,2443690,4608x2128,ok
Amrapalli,After Ripening,Amrapalli/After Ripening/20260530_200632.jpg,20260530_200632.jpg,.jpg,2466987,4608x2128,ok
Amrapalli,After Ripening,Amrapalli/After Ripening/20260530_200634.jpg,20260530_200634.jpg,.jpg,2457697,4608x2128,ok
Amrapalli,After Ripening,Amrapalli/After Ripening/20260530_200647.jpg,20260530_200647.jpg,.jpg,2434248,4608x2128,ok
Amrapalli,After Ripening,Amrapalli/After Ripening/20260530_200649.jpg,20260530_200649.jpg,.jpg,2444584,4608x2128,ok
Amrapalli,After Ripening,Amrapalli/After Ripening/20260530_200651.jpg,20260530_200651.jpg,.jpg,2459761,4608x2128,ok
Amrapalli,After Ripening,Amrapalli/After Ripening/20260530_200653.jpg,20260530_200653.jpg,.jpg,2449775,4608x2128,ok
Amrapalli,After Ripening,Amrapalli/After Ripening/20260530_200654.jpg,20260530_200654.jpg,.jpg,2456587,4608x2128,ok
Amrapalli,After Ripening,Amrapalli/After Ripening/20260530_200656.jpg,20260530_200656.jpg,.jpg,2442435,4608x2128,ok
Amrapalli,After Ripening,Amrapalli/After Ripening/20260530_200712.jpg,20260530_200712.jpg,.jpg,2541973,4608x2128,ok
Amrapalli,After Ripening,Amrapalli/After Ripening/20260530_200716.jpg,20260530_200716.jpg,.jpg,2524580,4608x2128,ok
Amrapalli,After Ripening,Amrapalli/After Ripening/20260530_200718.jpg,20260530_200718.jpg,.jpg,2504802,4608x2128,ok
Amrapalli,After Ripening,Amrapalli/After Ripening/20260530_200720.jpg,20260530_200720.jpg,.jpg,2538353,4608x2128,ok
Amrapalli,After Ripening,Amrapalli/After Ripening/20260530_200722.jpg,20260530_200722.jpg,.jpg,2559894,4608x2128,ok
Amrapalli,After Ripening,Amrapalli/After Ripening/20260530_200734.jpg,20260530_200734.jpg,.jpg,2398220,4608x2128,ok
Amrapalli,After Ripening,Amrapalli/After Ripening/20260530_200736.jpg,20260530_200736.jpg,.jpg,2407849,4608x2128,ok
Amrapalli,After Ripening,Amrapalli/After Ripening/20260530_200738.jpg,20260530_200738.jpg,.jpg,2424233,4608x2128,ok
Amrapalli,After Ripening,Amrapalli/After Ripening/20260530_200748.jpg,20260530_200748.jpg,.jpg,2435614,4608x2128,ok
Amrapalli,After Ripening,Amrapalli/After Ripening/20260530_200750.jpg,20260530_200750.jpg,.jpg,2448163,4608x2128,ok
Amrapalli,After Ripening,Amrapalli/After Ripening/20260530_200751.jpg,20260530_200751.jpg,.jpg,2453172,4608x2128,ok
Amrapalli,After Ripening,Amrapalli/After Ripening/20260530_200903.jpg,20260530_200903.jpg,.jpg,2533434,4608x2128,ok
Amrapalli,After Ripening,Amrapalli/After Ripening/20260530_200905.jpg,20260530_200905.jpg,.jpg,2551700,4608x2128,ok
Amrapalli,After Ripening,Amrapalli/After Ripening/20260530_200907.jpg,20260530_200907.jpg,.jpg,2600471,4608x2128,ok
Amrapalli,After Ripening,Amrapalli/After Ripening/20260530_200909.jpg,20260530_200909.jpg,.jpg,2532993,4608x2128,ok
Amrapalli,After Ripening,Amrapalli/After Ripening/20260530_200911.jpg,20260530_200911.jpg,.jpg,2543370,4608x2128,ok
Amrapalli,After Ripening,Amrapalli/After Ripening/20260530_200928.jpg,20260530_200928.jpg,.jpg,2519044,4608x2128,ok
Amrapalli,After Ripening,Amrapalli/After Ripening/20260530_200930.jpg,20260530_200930.jpg,.jpg,2529883,4608x2128,ok
Amrapalli,After Ripening,Amrapalli/After Ripening/20260530_200932.jpg,20260530_200932.jpg,.jpg,2563996,4608x2128,ok
Amrapalli,After Ripening,Amrapalli/After Ripening/20260530_200934.jpg,20260530_200934.jpg,.jpg,2551224,4608x2128,ok
Amrapalli,After Ripening,Amrapalli/After Ripening/20260530_200936.jpg,20260530_200936.jpg,.jpg,2555403,4608x2128,ok
Amrapalli,After Ripening,Amrapalli/After Ripening/20260530_200937.jpg,20260530_200937.jpg,.jpg,2559042,4608x2128,ok
Amrapalli,After Ripening,Amrapalli/After Ripening/20260530_200953.jpg,20260530_200953.jpg,.jpg,2562065,4608x2128,ok
Amrapalli,After Ripening,Amrapalli/After Ripening/20260530_200955.jpg,20260530_200955.jpg,.jpg,2632340,4608x2128,ok
Amrapalli,After Ripening,Amrapalli/After Ripening/20260530_200957.jpg,20260530_200957.jpg,.jpg,2710542,4608x2128,ok
Amrapalli,After Ripening,Amrapalli/After Ripening/20260530_200959.jpg,20260530_200959.jpg,.jpg,2652011,4608x2128,ok
Amrapalli,After Ripening,Amrapalli/After Ripening/20260530_201007.jpg,20260530_201007.jpg,.jpg,2408262,4608x2128,ok
Amrapalli,After Ripening,Amrapalli/After Ripening/20260530_201009.jpg,20260530_201009.jpg,.jpg,2549265,4608x2128,ok
Amrapalli,After Ripening,Amrapalli/After Ripening/20260530_201010.jpg,20260530_201010.jpg,.jpg,2548820,4608x2128,ok
Amrapalli,After Ripening,Amrapalli/After Ripening/20260530_201022.jpg,20260530_201022.jpg,.jpg,2548438,4608x2128,ok
Amrapalli,After Ripening,Amrapalli/After Ripening/20260530_201024.jpg,20260530_201024.jpg,.jpg,2508528,4608x2128,ok
Amrapalli,After Ripening,Amrapalli/After Ripening/20260530_201026.jpg,20260530_201026.jpg,.jpg,2477643,4608x2128,ok
Amrapalli,After Ripening,Amrapalli/After Ripening/20260530_201028.jpg,20260530_201028.jpg,.jpg,2511094,4608x2128,ok
Amrapalli,After Ripening,Amrapalli/After Ripening/20260530_201029.jpg,20260530_201029.jpg,.jpg,2516638,4608x2128,ok
Amrapalli,After Ripening,Amrapalli/After Ripening/20260530_201047.jpg,20260530_201047.jpg,.jpg,2760360,4608x2128,ok
Amrapalli,After Ripening,Amrapalli/After Ripening/20260530_201050.jpg,20260530_201050.jpg,.jpg,2678418,4608x2128,ok
Amrapalli,After Ripening,Amrapalli/After Ripening/20260530_201052.jpg,20260530_201052.jpg,.jpg,2731027,4608x2128,ok
Amrapalli,After Ripening,Amrapalli/After Ripening/20260530_201053.jpg,20260530_201053.jpg,.jpg,2675075,4608x2128,ok
Amrapalli,After Ripening,Amrapalli/After Ripening/20260530_201056.jpg,20260530_201056.jpg,.jpg,2763659,4608x2128,ok
Amrapalli,After Ripening,Amrapalli/After Ripening/20260530_201108.jpg,20260530_201108.jpg,.jpg,2693804,4608x2128,ok
Amrapalli,After Ripening,Amrapalli/After Ripening/20260530_201110.jpg,20260530_201110.jpg,.jpg,2728008,4608x2128,ok
Amrapalli,After Ripening,Amrapalli/After Ripening/20260530_201112.jpg,20260530_201112.jpg,.jpg,2733934,4608x2128,ok
Amrapalli,After Ripening,Amrapalli/After Ripening/20260530_201114.jpg,20260530_201114.jpg,.jpg,2699608,4608x2128,ok
Amrapalli,After Ripening,Amrapalli/After Ripening/20260530_201134.jpg,20260530_201134.jpg,.jpg,2518351,4608x2128,ok
Amrapalli,After Ripening,Amrapalli/After Ripening/20260530_201140.jpg,20260530_201140.jpg,.jpg,2545623,4608x2128,ok
Amrapalli,After Ripening,Amrapalli/After Ripening/20260530_201141.jpg,20260530_201141.jpg,.jpg,2493396,4608x2128,ok
Amrapalli,After Ripening,Amrapalli/After Ripening/20260530_201143.jpg,20260530_201143.jpg,.jpg,2526376,4608x2128,ok
Amrapalli,After Ripening,Amrapalli/After Ripening/20260530_201154.jpg,20260530_201154.jpg,.jpg,2522061,4608x2128,ok
Amrapalli,After Ripening,Amrapalli/After Ripening/20260530_201157.jpg,20260530_201157.jpg,.jpg,2597997,4608x2128,ok
Amrapalli,After Ripening,Amrapalli/After Ripening/20260530_201158.jpg,20260530_201158.jpg,.jpg,2601194,4608x2128,ok
Amrapalli,After Ripening,Amrapalli/After Ripening/20260530_201200.jpg,20260530_201200.jpg,.jpg,2579396,4608x2128,ok
Amrapalli,After Ripening,Amrapalli/After Ripening/20260530_201212.jpg,20260530_201212.jpg,.jpg,2627261,4608x2128,ok
Amrapalli,After Ripening,Amrapalli/After Ripening/20260530_201214.jpg,20260530_201214.jpg,.jpg,2658641,4608x2128,ok
Amrapalli,After Ripening,Amrapalli/After Ripening/20260530_201215.jpg,20260530_201215.jpg,.jpg,2630320,4608x2128,ok
Amrapalli,After Ripening,Amrapalli/After Ripening/20260530_201217.jpg,20260530_201217.jpg,.jpg,2638609,4608x2128,ok
Amrapalli,After Ripening,Amrapalli/After Ripening/20260530_201630.jpg,20260530_201630.jpg,.jpg,2511769,4608x2128,ok
Amrapalli,After Ripening,Amrapalli/After Ripening/20260530_201632.jpg,20260530_201632.jpg,.jpg,2540270,4608x2128,ok
Amrapalli,After Ripening,Amrapalli/After Ripening/20260530_201634.jpg,20260530_201634.jpg,.jpg,2525412,4608x2128,ok
Amrapalli,After Ripening,Amrapalli/After Ripening/20260530_201635.jpg,20260530_201635.jpg,.jpg,2470445,4608x2128,ok
Amrapalli,After Ripening,Amrapalli/After Ripening/20260530_201637.jpg,20260530_201637.jpg,.jpg,2544577,4608x2128,ok
Amrapalli,After Ripening,Amrapalli/After Ripening/20260530_201639.jpg,20260530_201639.jpg,.jpg,2522668,4608x2128,ok
Amrapalli,After Ripening,Amrapalli/After Ripening/20260530_201650.jpg,20260530_201650.jpg,.jpg,2526538,4608x2128,ok
Amrapalli,After Ripening,Amrapalli/After Ripening/20260530_201652.jpg,20260530_201652.jpg,.jpg,2493849,4608x2128,ok
Amrapalli,After Ripening,Amrapalli/After Ripening/20260530_201653.jpg,20260530_201653.jpg,.jpg,2502057,4608x2128,ok
Amrapalli,After Ripening,Amrapalli/After Ripening/20260530_201655.jpg,20260530_201655.jpg,.jpg,2445354,4608x2128,ok
Amrapalli,After Ripening,Amrapalli/After Ripening/20260530_201709.jpg,20260530_201709.jpg,.jpg,2685446,4608x2128,ok
Amrapalli,After Ripening,Amrapalli/After Ripening/20260530_201710.jpg,20260530_201710.jpg,.jpg,2657759,4608x2128,ok
Amrapalli,After Ripening,Amrapalli/After Ripening/20260530_201712.jpg,20260530_201712.jpg,.jpg,2600571,4608x2128,ok
Amrapalli,After Ripening,Amrapalli/After Ripening/20260530_201714.jpg,20260530_201714.jpg,.jpg,2697203,4608x2128,ok
Amrapalli,After Ripening,Amrapalli/After Ripening/20260530_201730.jpg,20260530_201730.jpg,.jpg,2445733,4608x2128,ok
Amrapalli,After Ripening,Amrapalli/After Ripening/20260530_201732.jpg,20260530_201732.jpg,.jpg,2504894,4608x2128,ok
Amrapalli,After Ripening,Amrapalli/After Ripening/20260530_201734.jpg,20260530_201734.jpg,.jpg,2447400,4608x2128,ok
Amrapalli,After Ripening,Amrapalli/After Ripening/20260530_201736.jpg,20260530_201736.jpg,.jpg,2467342,4608x2128,ok
Amrapalli,After Ripening,Amrapalli/After Ripening/20260530_201737.jpg,20260530_201737.jpg,.jpg,2421636,4608x2128,ok
Amrapalli,After Ripening,Amrapalli/After Ripening/20260530_201739.jpg,20260530_201739.jpg,.jpg,2450395,4608x2128,ok
Amrapalli,After Ripening,Amrapalli/After Ripening/20260530_201749.jpg,20260530_201749.jpg,.jpg,2412181,4608x2128,ok
Amrapalli,After Ripening,Amrapalli/After Ripening/20260530_201751.jpg,20260530_201751.jpg,.jpg,2444246,4608x2128,ok
Amrapalli,After Ripening,Amrapalli/After Ripening/20260530_201752.jpg,20260530_201752.jpg,.jpg,2465600,4608x2128,ok
Amrapalli,After Ripening,Amrapalli/After Ripening/20260530_201754.jpg,20260530_201754.jpg,.jpg,2472603,4608x2128,ok
Amrapalli,After Ripening,Amrapalli/After Ripening/20260530_201802.jpg,20260530_201802.jpg,.jpg,2516968,4608x2128,ok
Amrapalli,After Ripening,Amrapalli/After Ripening/20260530_201804.jpg,20260530_201804.jpg,.jpg,2563022,4608x2128,ok
Amrapalli,After Ripening,Amrapalli/After Ripening/20260530_201806.jpg,20260530_201806.jpg,.jpg,2543443,4608x2128,ok
Amrapalli,After Ripening,Amrapalli/After Ripening/20260530_201808.jpg,20260530_201808.jpg,.jpg,2538557,4608x2128,ok
Amrapalli,After Ripening,Amrapalli/After Ripening/20260530_201920.jpg,20260530_201920.jpg,.jpg,2372231,4608x2128,ok
Amrapalli,After Ripening,Amrapalli/After Ripening/20260530_201922.jpg,20260530_201922.jpg,.jpg,2371443,4608x2128,ok
Amrapalli,After Ripening,Amrapalli/After Ripening/20260530_201924.jpg,20260530_201924.jpg,.jpg,2394458,4608x2128,ok
Amrapalli,After Ripening,Amrapalli/After Ripening/20260530_201925.jpg,20260530_201925.jpg,.jpg,2388523,4608x2128,ok
Amrapalli,After Ripening,Amrapalli/After Ripening/20260530_201927.jpg,20260530_201927.jpg,.jpg,2372177,4608x2128,ok
Amrapalli,After Ripening,Amrapalli/After Ripening/20260530_201943.jpg,20260530_201943.jpg,.jpg,2448059,4608x2128,ok
Amrapalli,After Ripening,Amrapalli/After Ripening/20260530_201945.jpg,20260530_201945.jpg,.jpg,2355126,4608x2128,ok
Amrapalli,After Ripening,Amrapalli/After Ripening/20260530_201951.jpg,20260530_201951.jpg,.jpg,2475689,4608x2128,ok
Amrapalli,After Ripening,Amrapalli/After Ripening/20260530_201953.jpg,20260530_201953.jpg,.jpg,2471587,4608x2128,ok
Amrapalli,After Ripening,Amrapalli/After Ripening/20260530_201955.jpg,20260530_201955.jpg,.jpg,2503377,4608x2128,ok
Amrapalli,After Ripening,Amrapalli/After Ripening/20260530_201956.jpg,20260530_201956.jpg,.jpg,2472874,4608x2128,ok
Amrapalli,After Ripening,Amrapalli/After Ripening/20260530_201958.jpg,20260530_201958.jpg,.jpg,2516911,4608x2128,ok
Amrapalli,After Ripening,Amrapalli/After Ripening/20260530_202010.jpg,20260530_202010.jpg,.jpg,2562519,4608x2128,ok
Amrapalli,After Ripening,Amrapalli/After Ripening/20260530_202011.jpg,20260530_202011.jpg,.jpg,2597099,4608x2128,ok
Amrapalli,After Ripening,Amrapalli/After Ripening/20260530_202013.jpg,20260530_202013.jpg,.jpg,2553848,4608x2128,ok
Amrapalli,After Ripening,Amrapalli/After Ripening/20260530_202015.jpg,20260530_202015.jpg,.jpg,2579657,4608x2128,ok
Amrapalli,After Ripening,Amrapalli/After Ripening/20260530_202023.jpg,20260530_202023.jpg,.jpg,2488578,4608x2128,ok
Amrapalli,After Ripening,Amrapalli/After Ripening/20260530_202025.jpg,20260530_202025.jpg,.jpg,2506733,4608x2128,ok
Amrapalli,After Ripening,Amrapalli/After Ripening/20260530_202026.jpg,20260530_202026.jpg,.jpg,2491534,4608x2128,ok
Amrapalli,After Ripening,Amrapalli/After Ripening/20260530_202028.jpg,20260530_202028.jpg,.jpg,2486300,4608x2128,ok
Amrapalli,After Ripening,Amrapalli/After Ripening/20260530_202039.jpg,20260530_202039.jpg,.jpg,2490677,4608x2128,ok
Amrapalli,After Ripening,Amrapalli/After Ripening/20260530_202042.jpg,20260530_202042.jpg,.jpg,2594698,4608x2128,ok
Amrapalli,After Ripening,Amrapalli/After Ripening/20260530_202043.jpg,20260530_202043.jpg,.jpg,2587031,4608x2128,ok
Amrapalli,After Ripening,Amrapalli/After Ripening/20260530_202045.jpg,20260530_202045.jpg,.jpg,2541863,4608x2128,ok
Amrapalli,After Ripening,Amrapalli/After Ripening/20260530_202054.jpg,20260530_202054.jpg,.jpg,2474794,4608x2128,ok
Amrapalli,After Ripening,Amrapalli/After Ripening/20260530_202056.jpg,20260530_202056.jpg,.jpg,2543252,4608x2128,ok
Amrapalli,After Ripening,Amrapalli/After Ripening/20260530_202058.jpg,20260530_202058.jpg,.jpg,2547072,4608x2128,ok
Amrapalli,After Ripening,Amrapalli/After Ripening/20260530_202059.jpg,20260530_202059.jpg,.jpg,2524383,4608x2128,ok
Amrapalli,After Ripening,Amrapalli/After Ripening/20260530_202101.jpg,20260530_202101.jpg,.jpg,2547109,4608x2128,ok
Amrapalli,After Ripening,Amrapalli/After Ripening/20260530_202110.jpg,20260530_202110.jpg,.jpg,2464416,4608x2128,ok
Amrapalli,After Ripening,Amrapalli/After Ripening/20260530_202111.jpg,20260530_202111.jpg,.jpg,2340554,4608x2128,ok
Amrapalli,After Ripening,Amrapalli/After Ripening/20260530_202155.jpg,20260530_202155.jpg,.jpg,2510594,4608x2128,ok
Amrapalli,After Ripening,Amrapalli/After Ripening/20260530_202157.jpg,20260530_202157.jpg,.jpg,2465654,4608x2128,ok
Amrapalli,After Ripening,Amrapalli/After Ripening/20260530_202159.jpg,20260530_202159.jpg,.jpg,2475745,4608x2128,ok
Amrapalli,After Ripening,Amrapalli/After Ripening/20260530_202200.jpg,20260530_202200.jpg,.jpg,2425556,4608x2128,ok
Amrapalli,After Ripening,Amrapalli/After Ripening/20260530_202202.jpg,20260530_202202.jpg,.jpg,2490190,4608x2128,ok
Amrapalli,After Ripening,Amrapalli/After Ripening/20260530_202203.jpg,20260530_202203.jpg,.jpg,2468533,4608x2128,ok
Amrapalli,After Ripening,Amrapalli/After Ripening/20260530_202214.jpg,20260530_202214.jpg,.jpg,2481325,4608x2128,ok
Amrapalli,After Ripening,Amrapalli/After Ripening/20260530_202215.jpg,20260530_202215.jpg,.jpg,2456610,4608x2128,ok
Amrapalli,After Ripening,Amrapalli/After Ripening/20260530_202217.jpg,20260530_202217.jpg,.jpg,2618020,4608x2128,ok
Amrapalli,After Ripening,Amrapalli/After Ripening/20260530_202219.jpg,20260530_202219.jpg,.jpg,2610674,4608x2128,ok
Amrapalli,After Ripening,Amrapalli/After Ripening/20260530_202221.jpg,20260530_202221.jpg,.jpg,2584827,4608x2128,ok
Amrapalli,After Ripening,Amrapalli/After Ripening/20260530_202224.jpg,20260530_202224.jpg,.jpg,2612371,4608x2128,ok
Amrapalli,After Ripening,Amrapalli/After Ripening/20260530_202226.jpg,20260530_202226.jpg,.jpg,2418847,4608x2128,ok
Amrapalli,After Ripening,Amrapalli/After Ripening/20260530_202233.jpg,20260530_202233.jpg,.jpg,2479192,4608x2128,ok
Amrapalli,After Ripening,Amrapalli/After Ripening/20260530_202235.jpg,20260530_202235.jpg,.jpg,2578033,4608x2128,ok
Amrapalli,After Ripening,Amrapalli/After Ripening/20260530_202237.jpg,20260530_202237.jpg,.jpg,2453359,4608x2128,ok
Amrapalli,After Ripening,Amrapalli/After Ripening/20260530_202238.jpg,20260530_202238.jpg,.jpg,2531807,4608x2128,ok
Amrapalli,After Ripening,Amrapalli/After Ripening/20260530_202240.jpg,20260530_202240.jpg,.jpg,2583840,4608x2128,ok
Amrapalli,After Ripening,Amrapalli/After Ripening/20260530_202242.jpg,20260530_202242.jpg,.jpg,2572649,4608x2128,ok
Amrapalli,After Ripening,Amrapalli/After Ripening/20260530_202243.jpg,20260530_202243.jpg,.jpg,2562109,4608x2128,ok
Amrapalli,After Ripening,Amrapalli/After Ripening/20260531_173617.jpg,20260531_173617.jpg,.jpg,2484162,4608x2128,ok
Amrapalli,After Ripening,Amrapalli/After Ripening/20260531_173619.jpg,20260531_173619.jpg,.jpg,2488810,4608x2128,ok
Amrapalli,After Ripening,Amrapalli/After Ripening/20260531_173621.jpg,20260531_173621.jpg,.jpg,2512659,4608x2128,ok
Amrapalli,After Ripening,Amrapalli/After Ripening/20260531_173622.jpg,20260531_173622.jpg,.jpg,2435985,4608x2128,ok
Amrapalli,After Ripening,Amrapalli/After Ripening/20260531_173624.jpg,20260531_173624.jpg,.jpg,2435595,4608x2128,ok
Amrapalli,After Ripening,Amrapalli/After Ripening/20260531_173626.jpg,20260531_173626.jpg,.jpg,2437588,4608x2128,ok
Amrapalli,After Ripening,Amrapalli/After Ripening/20260531_173641.jpg,20260531_173641.jpg,.jpg,2594192,4608x2128,ok
Amrapalli,After Ripening,Amrapalli/After Ripening/20260531_173643.jpg,20260531_173643.jpg,.jpg,2609177,4608x2128,ok
Amrapalli,After Ripening,Amrapalli/After Ripening/20260531_173645.jpg,20260531_173645.jpg,.jpg,2603609,4608x2128,ok
Amrapalli,After Ripening,Amrapalli/After Ripening/20260531_173646.jpg,20260531_173646.jpg,.jpg,2585343,4608x2128,ok
Amrapalli,After Ripening,Amrapalli/After Ripening/20260531_173648.jpg,20260531_173648.jpg,.jpg,2596491,4608x2128,ok
Amrapalli,After Ripening,Amrapalli/After Ripening/20260531_173650.jpg,20260531_173650.jpg,.jpg,2609416,4608x2128,ok
Amrapalli,After Ripening,Amrapalli/After Ripening/20260531_173652.jpg,20260531_173652.jpg,.jpg,2557971,4608x2128,ok
Amrapalli,After Ripening,Amrapalli/After Ripening/20260531_173653.jpg,20260531_173653.jpg,.jpg,2603003,4608x2128,ok
Amrapalli,After Ripening,Amrapalli/After Ripening/20260531_173655.jpg,20260531_173655.jpg,.jpg,2595671,4608x2128,ok
Amrapalli,After Ripening,Amrapalli/After Ripening/20260531_173657.jpg,20260531_173657.jpg,.jpg,2303532,4608x2128,ok
Amrapalli,After Ripening,Amrapalli/After Ripening/20260531_173713.jpg,20260531_173713.jpg,.jpg,2488117,4608x2128,ok
Amrapalli,After Ripening,Amrapalli/After Ripening/20260531_173715.jpg,20260531_173715.jpg,.jpg,2478063,4608x2128,ok
Amrapalli,After Ripening,Amrapalli/After Ripening/20260531_173716.jpg,20260531_173716.jpg,.jpg,2520437,4608x2128,ok
Amrapalli,After Ripening,Amrapalli/After Ripening/20260531_173718.jpg,20260531_173718.jpg,.jpg,2509543,4608x2128,ok
Amrapalli,After Ripening,Amrapalli/After Ripening/20260531_173720.jpg,20260531_173720.jpg,.jpg,2506971,4608x2128,ok
Amrapalli,After Ripening,Amrapalli/After Ripening/20260531_173721.jpg,20260531_173721.jpg,.jpg,2513072,4608x2128,ok
Amrapalli,After Ripening,Amrapalli/After Ripening/20260531_173723.jpg,20260531_173723.jpg,.jpg,2508485,4608x2128,ok
Amrapalli,After Ripening,Amrapalli/After Ripening/20260531_173752.jpg,20260531_173752.jpg,.jpg,2393162,4608x2128,ok
Amrapalli,After Ripening,Amrapalli/After Ripening/20260531_173755.jpg,20260531_173755.jpg,.jpg,2450128,4608x2128,ok
Amrapalli,After Ripening,Amrapalli/After Ripening/20260531_173756.jpg,20260531_173756.jpg,.jpg,2473110,4608x2128,ok
Amrapalli,After Ripening,Amrapalli/After Ripening/20260531_173758.jpg,20260531_173758.jpg,.jpg,2486762,4608x2128,ok
Amrapalli,After Ripening,Amrapalli/After Ripening/20260531_173800.jpg,20260531_173800.jpg,.jpg,2521252,4608x2128,ok
Amrapalli,After Ripening,Amrapalli/After Ripening/20260531_173806.jpg,20260531_173806.jpg,.jpg,2478371,4608x2128,ok
Amrapalli,After Ripening,Amrapalli/After Ripening/20260531_173808.jpg,20260531_173808.jpg,.jpg,2469557,4608x2128,ok
Amrapalli,After Ripening,Amrapalli/After Ripening/20260531_173823.jpg,20260531_173823.jpg,.jpg,2619039,4608x2128,ok
Amrapalli,After Ripening,Amrapalli/After Ripening/20260531_173826.jpg,20260531_173826.jpg,.jpg,2521702,4608x2128,ok
Amrapalli,After Ripening,Amrapalli/After Ripening/20260531_173827.jpg,20260531_173827.jpg,.jpg,2667090,4608x2128,ok
Amrapalli,After Ripening,Amrapalli/After Ripening/20260531_173829.jpg,20260531_173829.jpg,.jpg,2646409,4608x2128,ok
Amrapalli,After Ripening,Amrapalli/After Ripening/20260531_173831.jpg,20260531_173831.jpg,.jpg,2674013,4608x2128,ok
Amrapalli,After Ripening,Amrapalli/After Ripening/20260531_173848.jpg,20260531_173848.jpg,.jpg,2605758,4608x2128,ok
Amrapalli,After Ripening,Amrapalli/After Ripening/20260531_173850.jpg,20260531_173850.jpg,.jpg,2698019,4608x2128,ok
Amrapalli,After Ripening,Amrapalli/After Ripening/20260531_173854.jpg,20260531_173854.jpg,.jpg,2629093,4608x2128,ok
Amrapalli,After Ripening,Amrapalli/After Ripening/20260531_173856.jpg,20260531_173856.jpg,.jpg,2579986,4608x2128,ok
Amrapalli,After Ripening,Amrapalli/After Ripening/20260531_173858.jpg,20260531_173858.jpg,.jpg,2610051,4608x2128,ok
Amrapalli,After Ripening,Amrapalli/After Ripening/20260531_173900.jpg,20260531_173900.jpg,.jpg,2623305,4608x2128,ok
Amrapalli,After Ripening,Amrapalli/After Ripening/20260531_173901.jpg,20260531_173901.jpg,.jpg,2612757,4608x2128,ok
Amrapalli,After Ripening,Amrapalli/After Ripening/20260531_173903.jpg,20260531_173903.jpg,.jpg,2606131,4608x2128,ok
Amrapalli,After Ripening,Amrapalli/After Ripening/20260531_173914.jpg,20260531_173914.jpg,.jpg,2454577,4608x2128,ok
Amrapalli,After Ripening,Amrapalli/After Ripening/20260531_173916.jpg,20260531_173916.jpg,.jpg,2504144,4608x2128,ok
Amrapalli,After Ripening,Amrapalli/After Ripening/20260531_173918.jpg,20260531_173918.jpg,.jpg,2530601,4608x2128,ok
Amrapalli,After Ripening,Amrapalli/After Ripening/20260610_54911pmByGPSMapCamera.jpg,20260610_54911pmByGPSMapCamera.jpg,.jpg,6042931,3456x4608,ok
Amrapalli,After Ripening,Amrapalli/After Ripening/20260610_54914pmByGPSMapCamera.jpg,20260610_54914pmByGPSMapCamera.jpg,.jpg,5807608,3456x4608,ok
Amrapalli,After Ripening,Amrapalli/After Ripening/20260610_54918pmByGPSMapCamera.jpg,20260610_54918pmByGPSMapCamera.jpg,.jpg,6331103,3456x4608,ok
Amrapalli,After Ripening,Amrapalli/After Ripening/20260610_54939pmByGPSMapCamera.jpg,20260610_54939pmByGPSMapCamera.jpg,.jpg,4854554,3456x4608,ok
Amrapalli,After Ripening,Amrapalli/After Ripening/20260610_54941pmByGPSMapCamera.jpg,20260610_54941pmByGPSMapCamera.jpg,.jpg,5218088,3456x4608,ok
Amrapalli,After Ripening,Amrapalli/After Ripening/20260610_55027pmByGPSMapCamera.jpg,20260610_55027pmByGPSMapCamera.jpg,.jpg,5752365,3456x4608,ok
Amrapalli,After Ripening,Amrapalli/After Ripening/20260610_55029pmByGPSMapCamera.jpg,20260610_55029pmByGPSMapCamera.jpg,.jpg,5845247,3456x4608,ok
Amrapalli,After Ripening,Amrapalli/After Ripening/20260610_55033pmByGPSMapCamera.jpg,20260610_55033pmByGPSMapCamera.jpg,.jpg,5903237,3456x4608,ok
Amrapalli,After Ripening,Amrapalli/After Ripening/20260610_55042pmByGPSMapCamera.jpg,20260610_55042pmByGPSMapCamera.jpg,.jpg,4219368,3456x4608,ok
Amrapalli,After Ripening,Amrapalli/After Ripening/20260610_55044pmByGPSMapCamera.jpg,20260610_55044pmByGPSMapCamera.jpg,.jpg,5464973,3456x4608,ok
Amrapalli,After Ripening,Amrapalli/After Ripening/20260610_55204pmByGPSMapCamera.jpg,20260610_55204pmByGPSMapCamera.jpg,.jpg,4128804,3456x4608,ok
Amrapalli,After Ripening,Amrapalli/After Ripening/20260610_55207pmByGPSMapCamera.jpg,20260610_55207pmByGPSMapCamera.jpg,.jpg,5485840,3456x4608,ok
Amrapalli,After Ripening,Amrapalli/After Ripening/20260610_55222pmByGPSMapCamera.jpg,20260610_55222pmByGPSMapCamera.jpg,.jpg,6384626,3456x4608,ok
Amrapalli,After Ripening,Amrapalli/After Ripening/20260610_55225pmByGPSMapCamera.jpg,20260610_55225pmByGPSMapCamera.jpg,.jpg,5958948,3456x4608,ok
Amrapalli,After Ripening,Amrapalli/After Ripening/20260620_173103.jpg,20260620_173103.jpg,.jpg,2250072,4608x2128,ok
Amrapalli,Before Ripening,Amrapalli/Before Ripening/20250404_161232.jpg,20250404_161232.jpg,.jpg,2178618,4608x2128,ok
Amrapalli,Before Ripening,Amrapalli/Before Ripening/20250404_161236.jpg,20250404_161236.jpg,.jpg,2635486,4608x2128,ok
Amrapalli,Before Ripening,Amrapalli/Before Ripening/20250404_161239.jpg,20250404_161239.jpg,.jpg,2632563,4608x2128,ok
Amrapalli,Before Ripening,Amrapalli/Before Ripening/20250404_161246.jpg,20250404_161246.jpg,.jpg,2398035,4608x2128,ok
Amrapalli,Before Ripening,Amrapalli/Before Ripening/20250404_161248.jpg,20250404_161248.jpg,.jpg,2258331,4608x2128,ok
Amrapalli,Before Ripening,Amrapalli/Before Ripening/20250404_161304.jpg,20250404_161304.jpg,.jpg,2523398,4608x2128,ok
Amrapalli,Before Ripening,Amrapalli/Before Ripening/20250404_161305.jpg,20250404_161305.jpg,.jpg,2591063,4608x2128,ok
Amrapalli,Before Ripening,Amrapalli/Before Ripening/20250404_161307.jpg,20250404_161307.jpg,.jpg,2528247,4608x2128,ok
Amrapalli,Before Ripening,Amrapalli/Before Ripening/20250404_161314.jpg,20250404_161314.jpg,.jpg,2494400,4608x2128,ok
Amrapalli,Before Ripening,Amrapalli/Before Ripening/20250404_161315.jpg,20250404_161315.jpg,.jpg,2544612,4608x2128,ok
Amrapalli,Before Ripening,Amrapalli/Before Ripening/20250404_161316.jpg,20250404_161316.jpg,.jpg,2440499,4608x2128,ok
Amrapalli,Before Ripening,Amrapalli/Before Ripening/20250404_161326.jpg,20250404_161326.jpg,.jpg,2705478,4608x2128,ok
Amrapalli,Before Ripening,Amrapalli/Before Ripening/20250404_161327.jpg,20250404_161327.jpg,.jpg,2716951,4608x2128,ok
Amrapalli,Before Ripening,Amrapalli/Before Ripening/20250404_161328.jpg,20250404_161328.jpg,.jpg,2701196,4608x2128,ok
Amrapalli,Before Ripening,Amrapalli/Before Ripening/20250404_161330.jpg,20250404_161330.jpg,.jpg,2202152,4608x2128,ok
Amrapalli,Before Ripening,Amrapalli/Before Ripening/20250404_161339.jpg,20250404_161339.jpg,.jpg,2927029,4608x2128,ok
Amrapalli,Before Ripening,Amrapalli/Before Ripening/20250404_161340.jpg,20250404_161340.jpg,.jpg,2898988,4608x2128,ok
Amrapalli,Before Ripening,Amrapalli/Before Ripening/20250404_161341.jpg,20250404_161341.jpg,.jpg,2887176,4608x2128,ok
Amrapalli,Before Ripening,Amrapalli/Before Ripening/20250404_161347.jpg,20250404_161347.jpg,.jpg,4626846,4608x2128,ok
Amrapalli,Before Ripening,Amrapalli/Before Ripening/20250404_161349(0).jpg,20250404_161349(0).jpg,.jpg,2580674,4608x2128,ok
Amrapalli,Before Ripening,Amrapalli/Before Ripening/20250404_161349.jpg,20250404_161349.jpg,.jpg,2624275,4608x2128,ok
Amrapalli,Before Ripening,Amrapalli/Before Ripening/20250404_161358.jpg,20250404_161358.jpg,.jpg,2671373,4608x2128,ok
Amrapalli,Before Ripening,Amrapalli/Before Ripening/20250404_161359.jpg,20250404_161359.jpg,.jpg,2648837,4608x2128,ok
Amrapalli,Before Ripening,Amrapalli/Before Ripening/20250404_161415.jpg,20250404_161415.jpg,.jpg,2618437,4608x2128,ok
Amrapalli,Before Ripening,Amrapalli/Before Ripening/20250404_161421.jpg,20250404_161421.jpg,.jpg,2345121,4608x2128,ok
Amrapalli,Before Ripening,Amrapalli/Before Ripening/20250404_161430.jpg,20250404_161430.jpg,.jpg,2511346,4608x2128,ok
Amrapalli,Before Ripening,Amrapalli/Before Ripening/20250404_161450.jpg,20250404_161450.jpg,.jpg,2771267,4608x2128,ok
Amrapalli,Before Ripening,Amrapalli/Before Ripening/20250404_161453.jpg,20250404_161453.jpg,.jpg,2700057,4608x2128,ok
Amrapalli,Before Ripening,Amrapalli/Before Ripening/20250404_161454.jpg,20250404_161454.jpg,.jpg,2656864,4608x2128,ok
Amrapalli,Before Ripening,Amrapalli/Before Ripening/20250404_161458.jpg,20250404_161458.jpg,.jpg,3859378,4608x2128,ok
Amrapalli,Before Ripening,Amrapalli/Before Ripening/20250404_161509(0).jpg,20250404_161509(0).jpg,.jpg,2759186,4608x2128,ok
Amrapalli,Before Ripening,Amrapalli/Before Ripening/20250404_161509.jpg,20250404_161509.jpg,.jpg,2786355,4608x2128,ok
Amrapalli,Before Ripening,Amrapalli/Before Ripening/20250404_161517.jpg,20250404_161517.jpg,.jpg,2687843,4608x2128,ok
Amrapalli,Before Ripening,Amrapalli/Before Ripening/20250404_161518.jpg,20250404_161518.jpg,.jpg,2532515,4608x2128,ok
Amrapalli,Before Ripening,Amrapalli/Before Ripening/20250404_161543.jpg,20250404_161543.jpg,.jpg,2156293,4608x2128,ok
Amrapalli,Before Ripening,Amrapalli/Before Ripening/20250404_161544.jpg,20250404_161544.jpg,.jpg,2080511,4608x2128,ok
Amrapalli,Before Ripening,Amrapalli/Before Ripening/20250404_161546.jpg,20250404_161546.jpg,.jpg,2698077,4608x2128,ok
Amrapalli,Before Ripening,Amrapalli/Before Ripening/20250404_161549(0).jpg,20250404_161549(0).jpg,.jpg,2358410,4608x2128,ok
Amrapalli,Before Ripening,Amrapalli/Before Ripening/20250404_161549.jpg,20250404_161549.jpg,.jpg,2334359,4608x2128,ok
Amrapalli,Before Ripening,Amrapalli/Before Ripening/20250404_161551.jpg,20250404_161551.jpg,.jpg,2278016,4608x2128,ok
Amrapalli,Before Ripening,Amrapalli/Before Ripening/20250404_161705.jpg,20250404_161705.jpg,.jpg,2484578,4608x2128,ok
Amrapalli,Before Ripening,Amrapalli/Before Ripening/20250404_161707.jpg,20250404_161707.jpg,.jpg,2464018,4608x2128,ok
Amrapalli,Before Ripening,Amrapalli/Before Ripening/20250404_161713.jpg,20250404_161713.jpg,.jpg,2856743,4608x2128,ok
Amrapalli,Before Ripening,Amrapalli/Before Ripening/20250404_161716(0).jpg,20250404_161716(0).jpg,.jpg,2758306,4608x2128,ok
Amrapalli,Before Ripening,Amrapalli/Before Ripening/20250404_161716.jpg,20250404_161716.jpg,.jpg,2473080,4608x2128,ok
Amrapalli,Before Ripening,Amrapalli/Before Ripening/20250404_161729.jpg,20250404_161729.jpg,.jpg,2319592,4608x2128,ok
Amrapalli,Before Ripening,Amrapalli/Before Ripening/20250404_161731.jpg,20250404_161731.jpg,.jpg,2285542,4608x2128,ok
Amrapalli,Before Ripening,Amrapalli/Before Ripening/20250404_161733.jpg,20250404_161733.jpg,.jpg,2200192,4608x2128,ok
Amrapalli,Before Ripening,Amrapalli/Before Ripening/20250404_161739.jpg,20250404_161739.jpg,.jpg,2754494,4608x2128,ok
Amrapalli,Before Ripening,Amrapalli/Before Ripening/20250404_161740.jpg,20250404_161740.jpg,.jpg,2766589,4608x2128,ok
Amrapalli,Before Ripening,Amrapalli/Before Ripening/20250404_161742.jpg,20250404_161742.jpg,.jpg,2301658,4608x2128,ok
Amrapalli,Before Ripening,Amrapalli/Before Ripening/20250404_161744.jpg,20250404_161744.jpg,.jpg,2323199,4608x2128,ok
Amrapalli,Before Ripening,Amrapalli/Before Ripening/20250404_161751.jpg,20250404_161751.jpg,.jpg,2179238,4608x2128,ok
Amrapalli,Before Ripening,Amrapalli/Before Ripening/20250404_161813.jpg,20250404_161813.jpg,.jpg,2820613,4608x2128,ok
Amrapalli,Before Ripening,Amrapalli/Before Ripening/20250404_161814.jpg,20250404_161814.jpg,.jpg,2754671,4608x2128,ok
Amrapalli,Before Ripening,Amrapalli/Before Ripening/20250404_161815.jpg,20250404_161815.jpg,.jpg,2677533,4608x2128,ok
Amrapalli,Before Ripening,Amrapalli/Before Ripening/20250404_161823.jpg,20250404_161823.jpg,.jpg,2977865,4608x2128,ok
Amrapalli,Before Ripening,Amrapalli/Before Ripening/20250404_161824(0).jpg,20250404_161824(0).jpg,.jpg,2904951,4608x2128,ok
Amrapalli,Before Ripening,Amrapalli/Before Ripening/20250404_161824.jpg,20250404_161824.jpg,.jpg,2989779,4608x2128,ok
Amrapalli,Before Ripening,Amrapalli/Before Ripening/20250404_161825(0).jpg,20250404_161825(0).jpg,.jpg,2855945,4608x2128,ok
Amrapalli,Before Ripening,Amrapalli/Before Ripening/20250404_161825.jpg,20250404_161825.jpg,.jpg,2953058,4608x2128,ok
Amrapalli,Before Ripening,Amrapalli/Before Ripening/20250514_172920.jpg,20250514_172920.jpg,.jpg,3005356,4608x2128,ok
Amrapalli,Before Ripening,Amrapalli/Before Ripening/20250514_172922.jpg,20250514_172922.jpg,.jpg,2542402,4608x2128,ok
Amrapalli,Before Ripening,Amrapalli/Before Ripening/20250514_172924.jpg,20250514_172924.jpg,.jpg,2612905,4608x2128,ok
Amrapalli,Before Ripening,Amrapalli/Before Ripening/20250514_172925.jpg,20250514_172925.jpg,.jpg,3174224,4608x2128,ok
Amrapalli,Before Ripening,Amrapalli/Before Ripening/20250514_172926.jpg,20250514_172926.jpg,.jpg,3302134,4608x2128,ok
Amrapalli,Before Ripening,Amrapalli/Before Ripening/20250514_172928.jpg,20250514_172928.jpg,.jpg,2635873,4608x2128,ok
Amrapalli,Before Ripening,Amrapalli/Before Ripening/20250514_172929.jpg,20250514_172929.jpg,.jpg,2575718,4608x2128,ok
Amrapalli,Before Ripening,Amrapalli/Before Ripening/20250514_172930.jpg,20250514_172930.jpg,.jpg,2691751,4608x2128,ok
Amrapalli,Before Ripening,Amrapalli/Before Ripening/20250514_173057.jpg,20250514_173057.jpg,.jpg,3229083,4608x2128,ok
Amrapalli,Before Ripening,Amrapalli/Before Ripening/20250514_173342.jpg,20250514_173342.jpg,.jpg,2462942,4608x2128,ok
Amrapalli,Before Ripening,Amrapalli/Before Ripening/20250514_173344(0).jpg,20250514_173344(0).jpg,.jpg,2495881,4608x2128,ok
Amrapalli,Before Ripening,Amrapalli/Before Ripening/20250514_173344.jpg,20250514_173344.jpg,.jpg,2538695,4608x2128,ok
Amrapalli,Before Ripening,Amrapalli/Before Ripening/20250514_173345.jpg,20250514_173345.jpg,.jpg,2540195,4608x2128,ok
Amrapalli,Before Ripening,Amrapalli/Before Ripening/20250514_173346.jpg,20250514_173346.jpg,.jpg,2557857,4608x2128,ok
Amrapalli,Before Ripening,Amrapalli/Before Ripening/20250514_173348.jpg,20250514_173348.jpg,.jpg,2362825,4608x2128,ok
Amrapalli,Before Ripening,Amrapalli/Before Ripening/20250514_173349.jpg,20250514_173349.jpg,.jpg,2416852,4608x2128,ok
Amrapalli,Before Ripening,Amrapalli/Before Ripening/20250514_173350.jpg,20250514_173350.jpg,.jpg,2374061,4608x2128,ok
Amrapalli,Before Ripening,Amrapalli/Before Ripening/20250514_173351.jpg,20250514_173351.jpg,.jpg,2399573,4608x2128,ok
Amrapalli,Before Ripening,Amrapalli/Before Ripening/20250514_173352.jpg,20250514_173352.jpg,.jpg,2465456,4608x2128,ok
Amrapalli,Before Ripening,Amrapalli/Before Ripening/20250514_173353(0).jpg,20250514_173353(0).jpg,.jpg,2400306,4608x2128,ok
Amrapalli,Before Ripening,Amrapalli/Before Ripening/20250514_173353.jpg,20250514_173353.jpg,.jpg,2391156,4608x2128,ok
Amrapalli,Before Ripening,Amrapalli/Before Ripening/20250514_173354.jpg,20250514_173354.jpg,.jpg,2721596,4608x2128,ok
Amrapalli,Before Ripening,Amrapalli/Before Ripening/20250514_173355.jpg,20250514_173355.jpg,.jpg,2385316,4608x2128,ok
Amrapalli,Before Ripening,Amrapalli/Before Ripening/20250514_173400(0).jpg,20250514_173400(0).jpg,.jpg,3041726,4608x2128,ok
Amrapalli,Before Ripening,Amrapalli/Before Ripening/20250514_173400.jpg,20250514_173400.jpg,.jpg,3145360,4608x2128,ok
Amrapalli,Before Ripening,Amrapalli/Before Ripening/20250514_173402.jpg,20250514_173402.jpg,.jpg,3673079,4608x2128,ok
Amrapalli,Before Ripening,Amrapalli/Before Ripening/20250514_173407(0).jpg,20250514_173407(0).jpg,.jpg,3055951,4608x2128,ok
Amrapalli,Before Ripening,Amrapalli/Before Ripening/20250514_173407.jpg,20250514_173407.jpg,.jpg,3069124,4608x2128,ok
Amrapalli,Before Ripening,Amrapalli/Before Ripening/20250514_173408.jpg,20250514_173408.jpg,.jpg,3148639,4608x2128,ok
Amrapalli,Before Ripening,Amrapalli/Before Ripening/20250514_173409(0).jpg,20250514_173409(0).jpg,.jpg,3100307,4608x2128,ok
Amrapalli,Before Ripening,Amrapalli/Before Ripening/20250514_173409.jpg,20250514_173409.jpg,.jpg,3090859,4608x2128,ok
Amrapalli,Before Ripening,Amrapalli/Before Ripening/20250514_173431.jpg,20250514_173431.jpg,.jpg,2542435,4608x2128,ok
Amrapalli,Before Ripening,Amrapalli/Before Ripening/20250514_173432(0).jpg,20250514_173432(0).jpg,.jpg,2530726,4608x2128,ok
Amrapalli,Before Ripening,Amrapalli/Before Ripening/20250514_173432.jpg,20250514_173432.jpg,.jpg,2525095,4608x2128,ok
Amrapalli,Before Ripening,Amrapalli/Before Ripening/20250514_173433.jpg,20250514_173433.jpg,.jpg,2488272,4608x2128,ok
Amrapalli,Before Ripening,Amrapalli/Before Ripening/20250514_173435(0).jpg,20250514_173435(0).jpg,.jpg,2510076,4608x2128,ok
Amrapalli,Before Ripening,Amrapalli/Before Ripening/20250514_173435.jpg,20250514_173435.jpg,.jpg,2434268,4608x2128,ok
Amrapalli,Before Ripening,Amrapalli/Before Ripening/20250514_173438(0).jpg,20250514_173438(0).jpg,.jpg,2504255,4608x2128,ok
Amrapalli,Before Ripening,Amrapalli/Before Ripening/20250514_173438.jpg,20250514_173438.jpg,.jpg,2409340,4608x2128,ok
Amrapalli,Before Ripening,Amrapalli/Before Ripening/20250514_173440.jpg,20250514_173440.jpg,.jpg,2456866,4608x2128,ok
Amrapalli,Before Ripening,Amrapalli/Before Ripening/20250514_173441.jpg,20250514_173441.jpg,.jpg,2482576,4608x2128,ok
Amrapalli,Before Ripening,Amrapalli/Before Ripening/20250514_173443.jpg,20250514_173443.jpg,.jpg,2702015,4608x2128,ok
Amrapalli,Before Ripening,Amrapalli/Before Ripening/20250514_173444.jpg,20250514_173444.jpg,.jpg,2800388,4608x2128,ok
Amrapalli,Before Ripening,Amrapalli/Before Ripening/20250514_173445.jpg,20250514_173445.jpg,.jpg,2833645,4608x2128,ok
Amrapalli,Before Ripening,Amrapalli/Before Ripening/20250514_173446.jpg,20250514_173446.jpg,.jpg,2734484,4608x2128,ok
Amrapalli,Before Ripening,Amrapalli/Before Ripening/20250514_173452.jpg,20250514_173452.jpg,.jpg,2741985,4608x2128,ok
Amrapalli,Before Ripening,Amrapalli/Before Ripening/20250514_173454.jpg,20250514_173454.jpg,.jpg,3105128,4608x2128,ok
Amrapalli,Before Ripening,Amrapalli/Before Ripening/20250514_173511(0).jpg,20250514_173511(0).jpg,.jpg,2834706,4608x2128,ok
Amrapalli,Before Ripening,Amrapalli/Before Ripening/20250514_173511.jpg,20250514_173511.jpg,.jpg,2849550,4608x2128,ok
Amrapalli,Before Ripening,Amrapalli/Before Ripening/20250514_173512(0).jpg,20250514_173512(0).jpg,.jpg,2870273,4608x2128,ok
Amrapalli,Before Ripening,Amrapalli/Before Ripening/20250514_173512.jpg,20250514_173512.jpg,.jpg,2881369,4608x2128,ok
Amrapalli,Before Ripening,Amrapalli/Before Ripening/20250514_173513(0).jpg,20250514_173513(0).jpg,.jpg,2871457,4608x2128,ok
Amrapalli,Before Ripening,Amrapalli/Before Ripening/20250514_173513.jpg,20250514_173513.jpg,.jpg,2875897,4608x2128,ok
Amrapalli,Before Ripening,Amrapalli/Before Ripening/20250514_173514(0).jpg,20250514_173514(0).jpg,.jpg,2899291,4608x2128,ok
Amrapalli,Before Ripening,Amrapalli/Before Ripening/20250514_173514.jpg,20250514_173514.jpg,.jpg,2897427,4608x2128,ok
Amrapalli,Before Ripening,Amrapalli/Before Ripening/20250514_173515.jpg,20250514_173515.jpg,.jpg,2889319,4608x2128,ok
Amrapalli,Before Ripening,Amrapalli/Before Ripening/20250514_173516(0).jpg,20250514_173516(0).jpg,.jpg,2904076,4608x2128,ok
Amrapalli,Before Ripening,Amrapalli/Before Ripening/20250514_173516.jpg,20250514_173516.jpg,.jpg,2891034,4608x2128,ok
Amrapalli,Before Ripening,Amrapalli/Before Ripening/20250514_173529(0).jpg,20250514_173529(0).jpg,.jpg,2982055,4608x2128,ok
Amrapalli,Before Ripening,Amrapalli/Before Ripening/20250514_173529.jpg,20250514_173529.jpg,.jpg,3043651,4608x2128,ok
Amrapalli,Before Ripening,Amrapalli/Before Ripening/20250514_173530(0).jpg,20250514_173530(0).jpg,.jpg,3009419,4608x2128,ok
Amrapalli,Before Ripening,Amrapalli/Before Ripening/20250514_173530.jpg,20250514_173530.jpg,.jpg,3014234,4608x2128,ok
Amrapalli,Before Ripening,Amrapalli/Before Ripening/20250514_173531.jpg,20250514_173531.jpg,.jpg,2891709,4608x2128,ok
Amrapalli,Before Ripening,Amrapalli/Before Ripening/20250514_173538.jpg,20250514_173538.jpg,.jpg,2662759,4608x2128,ok
Amrapalli,Before Ripening,Amrapalli/Before Ripening/20250514_173539.jpg,20250514_173539.jpg,.jpg,2649765,4608x2128,ok
Amrapalli,Before Ripening,Amrapalli/Before Ripening/20250514_173540.jpg,20250514_173540.jpg,.jpg,2672973,4608x2128,ok
Amrapalli,Before Ripening,Amrapalli/Before Ripening/20250514_173544.jpg,20250514_173544.jpg,.jpg,2717593,4608x2128,ok
Amrapalli,Before Ripening,Amrapalli/Before Ripening/20250514_173545.jpg,20250514_173545.jpg,.jpg,2481902,4608x2128,ok
Amrapalli,Before Ripening,Amrapalli/Before Ripening/20250514_173548.jpg,20250514_173548.jpg,.jpg,2545553,4608x2128,ok
Amrapalli,Before Ripening,Amrapalli/Before Ripening/20250514_173549.jpg,20250514_173549.jpg,.jpg,2534273,4608x2128,ok
Amrapalli,Before Ripening,Amrapalli/Before Ripening/20250514_173633(0).jpg,20250514_173633(0).jpg,.jpg,2418104,4608x2128,ok
Amrapalli,Before Ripening,Amrapalli/Before Ripening/20250514_173633.jpg,20250514_173633.jpg,.jpg,2380898,4608x2128,ok
Amrapalli,Before Ripening,Amrapalli/Before Ripening/20250514_173634.jpg,20250514_173634.jpg,.jpg,2409861,4608x2128,ok
Amrapalli,Before Ripening,Amrapalli/Before Ripening/20250514_173635.jpg,20250514_173635.jpg,.jpg,2397835,4608x2128,ok
Amrapalli,Before Ripening,Amrapalli/Before Ripening/20250514_173636.jpg,20250514_173636.jpg,.jpg,2382010,4608x2128,ok
Amrapalli,Before Ripening,Amrapalli/Before Ripening/20250514_173637(0).jpg,20250514_173637(0).jpg,.jpg,2471440,4608x2128,ok
Amrapalli,Before Ripening,Amrapalli/Before Ripening/20250514_173637.jpg,20250514_173637.jpg,.jpg,2412471,4608x2128,ok
Amrapalli,Before Ripening,Amrapalli/Before Ripening/20250514_173728.jpg,20250514_173728.jpg,.jpg,3086725,4608x2128,ok
Amrapalli,Before Ripening,Amrapalli/Before Ripening/20250514_173729.jpg,20250514_173729.jpg,.jpg,3024153,4608x2128,ok
Amrapalli,Before Ripening,Amrapalli/Before Ripening/20250514_173730.jpg,20250514_173730.jpg,.jpg,2780463,4608x2128,ok
Amrapalli,Before Ripening,Amrapalli/Before Ripening/20250514_173731.jpg,20250514_173731.jpg,.jpg,2732152,4608x2128,ok
Amrapalli,Before Ripening,Amrapalli/Before Ripening/20250514_173738.jpg,20250514_173738.jpg,.jpg,2934953,4608x2128,ok
Amrapalli,Before Ripening,Amrapalli/Before Ripening/20250514_173739.jpg,20250514_173739.jpg,.jpg,2935340,4608x2128,ok
Amrapalli,Before Ripening,Amrapalli/Before Ripening/20250514_173740.jpg,20250514_173740.jpg,.jpg,2954432,4608x2128,ok
Amrapalli,Before Ripening,Amrapalli/Before Ripening/20250514_173741.jpg,20250514_173741.jpg,.jpg,2823768,4608x2128,ok
Amrapalli,Before Ripening,Amrapalli/Before Ripening/20250514_173742.jpg,20250514_173742.jpg,.jpg,2850671,4608x2128,ok
Amrapalli,Before Ripening,Amrapalli/Before Ripening/20250514_173743.jpg,20250514_173743.jpg,.jpg,2740334,4608x2128,ok
Amrapalli,Before Ripening,Amrapalli/Before Ripening/20260515_165927.jpg,20260515_165927.jpg,.jpg,2833658,4608x2128,ok
Amrapalli,Before Ripening,Amrapalli/Before Ripening/20260515_170011.jpg,20260515_170011.jpg,.jpg,3211481,4608x2128,ok
Amrapalli,Before Ripening,Amrapalli/Before Ripening/20260515_170051.jpg,20260515_170051.jpg,.jpg,2821659,4608x2128,ok
Amrapalli,Before Ripening,Amrapalli/Before Ripening/20260515_170059.jpg,20260515_170059.jpg,.jpg,3441520,4608x2128,ok
Amrapalli,Before Ripening,Amrapalli/Before Ripening/20260515_170101.jpg,20260515_170101.jpg,.jpg,3553471,4608x2128,ok
Amrapalli,Before Ripening,Amrapalli/Before Ripening/20260515_170104.jpg,20260515_170104.jpg,.jpg,4348373,4608x2128,ok
Amrapalli,Before Ripening,Amrapalli/Before Ripening/20260515_170106.jpg,20260515_170106.jpg,.jpg,4369388,4608x2128,ok
Amrapalli,Before Ripening,Amrapalli/Before Ripening/20260515_170114.jpg,20260515_170114.jpg,.jpg,4137356,4608x2128,ok
Amrapalli,Before Ripening,Amrapalli/Before Ripening/20260515_170117.jpg,20260515_170117.jpg,.jpg,2711317,4608x2128,ok
Amrapalli,Before Ripening,Amrapalli/Before Ripening/20260515_170118.jpg,20260515_170118.jpg,.jpg,4200949,4608x2128,ok
Amrapalli,Before Ripening,Amrapalli/Before Ripening/20260515_170204.jpg,20260515_170204.jpg,.jpg,4209973,4608x2128,ok
Amrapalli,Before Ripening,Amrapalli/Before Ripening/20260515_170206.jpg,20260515_170206.jpg,.jpg,3516480,4608x2128,ok
Amrapalli,Before Ripening,Amrapalli/Before Ripening/20260515_170208.jpg,20260515_170208.jpg,.jpg,3381132,4608x2128,ok
Amrapalli,Before Ripening,Amrapalli/Before Ripening/20260515_170215.jpg,20260515_170215.jpg,.jpg,2963123,4608x2128,ok
Amrapalli,Before Ripening,Amrapalli/Before Ripening/20260515_170219.jpg,20260515_170219.jpg,.jpg,3000700,4608x2128,ok
Amrapalli,Before Ripening,Amrapalli/Before Ripening/20260515_222326.jpg,20260515_222326.jpg,.jpg,2480974,4608x2128,ok
Amrapalli,Before Ripening,Amrapalli/Before Ripening/20260515_222329.jpg,20260515_222329.jpg,.jpg,2516241,4608x2128,ok
Amrapalli,Before Ripening,Amrapalli/Before Ripening/20260515_222330.jpg,20260515_222330.jpg,.jpg,2547539,4608x2128,ok
Amrapalli,Before Ripening,Amrapalli/Before Ripening/20260515_222332.jpg,20260515_222332.jpg,.jpg,2554921,4608x2128,ok
Amrapalli,Before Ripening,Amrapalli/Before Ripening/20260515_222335.jpg,20260515_222335.jpg,.jpg,2466957,4608x2128,ok
Amrapalli,Before Ripening,Amrapalli/Before Ripening/20260515_222337.jpg,20260515_222337.jpg,.jpg,2482452,4608x2128,ok
Amrapalli,Before Ripening,Amrapalli/Before Ripening/20260515_222352.jpg,20260515_222352.jpg,.jpg,2580191,4608x2128,ok
Amrapalli,Before Ripening,Amrapalli/Before Ripening/20260515_222354.jpg,20260515_222354.jpg,.jpg,2590620,4608x2128,ok
Amrapalli,Before Ripening,Amrapalli/Before Ripening/20260515_222356.jpg,20260515_222356.jpg,.jpg,2507561,4608x2128,ok
Amrapalli,Before Ripening,Amrapalli/Before Ripening/20260515_222412.jpg,20260515_222412.jpg,.jpg,2608257,4608x2128,ok
Amrapalli,Before Ripening,Amrapalli/Before Ripening/20260515_222419.jpg,20260515_222419.jpg,.jpg,2568184,4608x2128,ok
Amrapalli,Before Ripening,Amrapalli/Before Ripening/20260515_222421.jpg,20260515_222421.jpg,.jpg,2577783,4608x2128,ok
Amrapalli,Before Ripening,Amrapalli/Before Ripening/20260515_222422.jpg,20260515_222422.jpg,.jpg,2638930,4608x2128,ok
Amrapalli,Before Ripening,Amrapalli/Before Ripening/20260515_222432.jpg,20260515_222432.jpg,.jpg,2593533,4608x2128,ok
Amrapalli,Before Ripening,Amrapalli/Before Ripening/20260515_222437.jpg,20260515_222437.jpg,.jpg,2602506,4608x2128,ok
Amrapalli,Before Ripening,Amrapalli/Before Ripening/20260515_222454.jpg,20260515_222454.jpg,.jpg,2445171,4608x2128,ok
Amrapalli,Before Ripening,Amrapalli/Before Ripening/20260515_222455.jpg,20260515_222455.jpg,.jpg,2426456,4608x2128,ok
Amrapalli,Before Ripening,Amrapalli/Before Ripening/20260515_222457.jpg,20260515_222457.jpg,.jpg,2564023,4608x2128,ok
Amrapalli,Before Ripening,Amrapalli/Before Ripening/20260515_222459.jpg,20260515_222459.jpg,.jpg,2538833,4608x2128,ok
Amrapalli,Before Ripening,Amrapalli/Before Ripening/20260515_222500.jpg,20260515_222500.jpg,.jpg,2542115,4608x2128,ok
Amrapalli,Before Ripening,Amrapalli/Before Ripening/20260515_222502.jpg,20260515_222502.jpg,.jpg,2563439,4608x2128,ok
Amrapalli,Before Ripening,Amrapalli/Before Ripening/20260515_222504.jpg,20260515_222504.jpg,.jpg,2545827,4608x2128,ok
Amrapalli,Before Ripening,Amrapalli/Before Ripening/20260515_222505.jpg,20260515_222505.jpg,.jpg,2568063,4608x2128,ok
Amrapalli,Before Ripening,Amrapalli/Before Ripening/20260515_222515.jpg,20260515_222515.jpg,.jpg,2444058,4608x2128,ok
Amrapalli,Before Ripening,Amrapalli/Before Ripening/20260515_222517.jpg,20260515_222517.jpg,.jpg,2496515,4608x2128,ok
Amrapalli,Before Ripening,Amrapalli/Before Ripening/20260515_222519.jpg,20260515_222519.jpg,.jpg,2394612,4608x2128,ok
Amrapalli,Before Ripening,Amrapalli/Before Ripening/20260515_222524.jpg,20260515_222524.jpg,.jpg,2563380,4608x2128,ok
Amrapalli,Before Ripening,Amrapalli/Before Ripening/20260515_222525.jpg,20260515_222525.jpg,.jpg,2625757,4608x2128,ok
Amrapalli,Before Ripening,Amrapalli/Before Ripening/20260515_222527.jpg,20260515_222527.jpg,.jpg,2610780,4608x2128,ok
Amrapalli,Before Ripening,Amrapalli/Before Ripening/20260515_222529.jpg,20260515_222529.jpg,.jpg,2596874,4608x2128,ok
Amrapalli,Before Ripening,Amrapalli/Before Ripening/20260515_222531.jpg,20260515_222531.jpg,.jpg,2611283,4608x2128,ok
Amrapalli,Before Ripening,Amrapalli/Before Ripening/20260515_222548.jpg,20260515_222548.jpg,.jpg,2503618,4608x2128,ok
Amrapalli,Before Ripening,Amrapalli/Before Ripening/20260515_222551.jpg,20260515_222551.jpg,.jpg,2470489,4608x2128,ok
Amrapalli,Before Ripening,Amrapalli/Before Ripening/20260515_222552.jpg,20260515_222552.jpg,.jpg,2508227,4608x2128,ok
Amrapalli,Before Ripening,Amrapalli/Before Ripening/20260515_222554.jpg,20260515_222554.jpg,.jpg,2526953,4608x2128,ok
Amrapalli,Before Ripening,Amrapalli/Before Ripening/20260515_222605.jpg,20260515_222605.jpg,.jpg,2609092,4608x2128,ok
Amrapalli,Before Ripening,Amrapalli/Before Ripening/20260515_222607.jpg,20260515_222607.jpg,.jpg,2662147,4608x2128,ok
Amrapalli,Before Ripening,Amrapalli/Before Ripening/20260515_222618.jpg,20260515_222618.jpg,.jpg,2607447,4608x2128,ok
Amrapalli,Before Ripening,Amrapalli/Before Ripening/20260515_222620.jpg,20260515_222620.jpg,.jpg,2619016,4608x2128,ok
Amrapalli,Before Ripening,Amrapalli/Before Ripening/20260515_222621.jpg,20260515_222621.jpg,.jpg,2651558,4608x2128,ok
Amrapalli,Before Ripening,Amrapalli/Before Ripening/20260515_222626.jpg,20260515_222626.jpg,.jpg,2492542,4608x2128,ok
Amrapalli,Before Ripening,Amrapalli/Before Ripening/20260515_222631.jpg,20260515_222631.jpg,.jpg,2442021,4608x2128,ok
Amrapalli,Before Ripening,Amrapalli/Before Ripening/20260515_222635.jpg,20260515_222635.jpg,.jpg,2568479,4608x2128,ok
Amrapalli,Before Ripening,Amrapalli/Before Ripening/20260515_222637.jpg,20260515_222637.jpg,.jpg,2664406,4608x2128,ok
Amrapalli,Before Ripening,Amrapalli/Before Ripening/20260515_222639.jpg,20260515_222639.jpg,.jpg,2576680,4608x2128,ok
Amrapalli,Before Ripening,Amrapalli/Before Ripening/20260515_222641.jpg,20260515_222641.jpg,.jpg,2626138,4608x2128,ok
Amrapalli,Before Ripening,Amrapalli/Before Ripening/20260515_45431pmByGPSMapCamera.jpg,20260515_45431pmByGPSMapCamera.jpg,.jpg,11059865,3456x4608,ok
Amrapalli,Before Ripening,Amrapalli/Before Ripening/20260515_45444pmByGPSMapCamera.jpg,20260515_45444pmByGPSMapCamera.jpg,.jpg,9387533,3456x4608,ok
Amrapalli,Before Ripening,Amrapalli/Before Ripening/20260515_45459pmByGPSMapCamera.jpg,20260515_45459pmByGPSMapCamera.jpg,.jpg,9062536,3456x4608,ok
Amrapalli,Before Ripening,Amrapalli/Before Ripening/20260515_45503pmByGPSMapCamera.jpg,20260515_45503pmByGPSMapCamera.jpg,.jpg,9031566,3456x4608,ok
Amrapalli,Before Ripening,Amrapalli/Before Ripening/20260515_45516pmByGPSMapCamera.jpg,20260515_45516pmByGPSMapCamera.jpg,.jpg,9558649,3456x4608,ok
Amrapalli,Before Ripening,Amrapalli/Before Ripening/20260515_45532pmByGPSMapCamera.jpg,20260515_45532pmByGPSMapCamera.jpg,.jpg,9488012,3456x4608,ok
Amrapalli,Before Ripening,Amrapalli/Before Ripening/20260515_45535pmByGPSMapCamera.jpg,20260515_45535pmByGPSMapCamera.jpg,.jpg,9341708,3456x4608,ok
Amrapalli,Before Ripening,Amrapalli/Before Ripening/20260515_45540pmByGPSMapCamera.jpg,20260515_45540pmByGPSMapCamera.jpg,.jpg,9541675,3456x4608,ok
Amrapalli,Before Ripening,Amrapalli/Before Ripening/20260515_45604pmByGPSMapCamera.jpg,20260515_45604pmByGPSMapCamera.jpg,.jpg,8635181,3456x4608,ok
Amrapalli,Before Ripening,Amrapalli/Before Ripening/20260515_45632pmByGPSMapCamera.jpg,20260515_45632pmByGPSMapCamera.jpg,.jpg,9550241,3456x4608,ok
Amrapalli,Before Ripening,Amrapalli/Before Ripening/20260515_45639pmByGPSMapCamera.jpg,20260515_45639pmByGPSMapCamera.jpg,.jpg,9661358,3456x4608,ok
Amrapalli,Before Ripening,Amrapalli/Before Ripening/20260519_114819.jpg,20260519_114819.jpg,.jpg,2474245,4608x2128,ok
Amrapalli,Before Ripening,Amrapalli/Before Ripening/20260519_114821.jpg,20260519_114821.jpg,.jpg,2552454,4608x2128,ok
Amrapalli,Before Ripening,Amrapalli/Before Ripening/20260519_114823.jpg,20260519_114823.jpg,.jpg,2521210,4608x2128,ok
Amrapalli,Before Ripening,Amrapalli/Before Ripening/20260519_114825.jpg,20260519_114825.jpg,.jpg,2569223,4608x2128,ok
Amrapalli,Before Ripening,Amrapalli/Before Ripening/20260519_114827.jpg,20260519_114827.jpg,.jpg,2555497,4608x2128,ok
Amrapalli,Before Ripening,Amrapalli/Before Ripening/20260519_114829.jpg,20260519_114829.jpg,.jpg,2568202,4608x2128,ok
Amrapalli,Before Ripening,Amrapalli/Before Ripening/20260519_114841.jpg,20260519_114841.jpg,.jpg,2755693,4608x2128,ok
Amrapalli,Before Ripening,Amrapalli/Before Ripening/20260519_114853.jpg,20260519_114853.jpg,.jpg,2809586,4608x2128,ok
Amrapalli,Before Ripening,Amrapalli/Before Ripening/20260519_114855.jpg,20260519_114855.jpg,.jpg,2871623,4608x2128,ok
Amrapalli,Before Ripening,Amrapalli/Before Ripening/20260519_114904.jpg,20260519_114904.jpg,.jpg,2814199,4608x2128,ok
Amrapalli,Before Ripening,Amrapalli/Before Ripening/20260519_114906.jpg,20260519_114906.jpg,.jpg,2684084,4608x2128,ok
Amrapalli,Before Ripening,Amrapalli/Before Ripening/20260519_114908.jpg,20260519_114908.jpg,.jpg,2793427,4608x2128,ok
Amrapalli,Before Ripening,Amrapalli/Before Ripening/20260519_114918.jpg,20260519_114918.jpg,.jpg,2833673,4608x2128,ok
Amrapalli,Before Ripening,Amrapalli/Before Ripening/20260519_114920.jpg,20260519_114920.jpg,.jpg,2797491,4608x2128,ok
Amrapalli,Before Ripening,Amrapalli/Before Ripening/20260519_114930.jpg,20260519_114930.jpg,.jpg,2602872,4608x2128,ok
Amrapalli,Before Ripening,Amrapalli/Before Ripening/20260519_114932.jpg,20260519_114932.jpg,.jpg,2625767,4608x2128,ok
Amrapalli,Before Ripening,Amrapalli/Before Ripening/20260519_114933.jpg,20260519_114933.jpg,.jpg,2577511,4608x2128,ok
Amrapalli,Before Ripening,Amrapalli/Before Ripening/20260519_114953.jpg,20260519_114953.jpg,.jpg,2544424,4608x2128,ok
Amrapalli,Before Ripening,Amrapalli/Before Ripening/20260519_114955.jpg,20260519_114955.jpg,.jpg,2491865,4608x2128,ok
Amrapalli,Before Ripening,Amrapalli/Before Ripening/20260519_114957.jpg,20260519_114957.jpg,.jpg,2603840,4608x2128,ok
Amrapalli,Before Ripening,Amrapalli/Before Ripening/20260519_115000.jpg,20260519_115000.jpg,.jpg,2441789,4608x2128,ok
Amrapalli,Before Ripening,Amrapalli/Before Ripening/20260519_115001.jpg,20260519_115001.jpg,.jpg,2563279,4608x2128,ok
Amrapalli,Before Ripening,Amrapalli/Before Ripening/20260519_115003.jpg,20260519_115003.jpg,.jpg,2611039,4608x2128,ok
Amrapalli,Before Ripening,Amrapalli/Before Ripening/20260519_115015.jpg,20260519_115015.jpg,.jpg,2755285,4608x2128,ok
Amrapalli,Before Ripening,Amrapalli/Before Ripening/20260519_115017.jpg,20260519_115017.jpg,.jpg,2792996,4608x2128,ok
Amrapalli,Before Ripening,Amrapalli/Before Ripening/20260519_115027.jpg,20260519_115027.jpg,.jpg,2603434,4608x2128,ok
Amrapalli,Before Ripening,Amrapalli/Before Ripening/20260519_115028.jpg,20260519_115028.jpg,.jpg,2847246,4608x2128,ok
Amrapalli,Before Ripening,Amrapalli/Before Ripening/20260519_115030.jpg,20260519_115030.jpg,.jpg,2825342,4608x2128,ok
Amrapalli,Before Ripening,Amrapalli/Before Ripening/20260519_115050.jpg,20260519_115050.jpg,.jpg,2528262,4608x2128,ok
Amrapalli,Before Ripening,Amrapalli/Before Ripening/20260519_115051.jpg,20260519_115051.jpg,.jpg,2504330,4608x2128,ok
Amrapalli,Before Ripening,Amrapalli/Before Ripening/20260519_115053.jpg,20260519_115053.jpg,.jpg,2629518,4608x2128,ok
Amrapalli,Before Ripening,Amrapalli/Before Ripening/20260519_115102.jpg,20260519_115102.jpg,.jpg,2756679,4608x2128,ok
Amrapalli,Before Ripening,Amrapalli/Before Ripening/20260519_115104.jpg,20260519_115104.jpg,.jpg,2700999,4608x2128,ok
Amrapalli,Before Ripening,Amrapalli/Before Ripening/20260519_115106.jpg,20260519_115106.jpg,.jpg,2791213,4608x2128,ok
Amrapalli,Before Ripening,Amrapalli/Before Ripening/20260519_115119.jpg,20260519_115119.jpg,.jpg,2766946,4608x2128,ok
Amrapalli,Before Ripening,Amrapalli/Before Ripening/20260519_115121.jpg,20260519_115121.jpg,.jpg,2704276,4608x2128,ok
Amrapalli,Before Ripening,Amrapalli/Before Ripening/20260519_115123.jpg,20260519_115123.jpg,.jpg,2767226,4608x2128,ok
Amrapalli,Before Ripening,Amrapalli/Before Ripening/20260519_115125.jpg,20260519_115125.jpg,.jpg,2726449,4608x2128,ok
Amrapalli,Before Ripening,Amrapalli/Before Ripening/20260519_115151.jpg,20260519_115151.jpg,.jpg,2484241,4608x2128,ok
Amrapalli,Before Ripening,Amrapalli/Before Ripening/20260519_115153.jpg,20260519_115153.jpg,.jpg,2595209,4608x2128,ok
Amrapalli,Before Ripening,Amrapalli/Before Ripening/20260519_115155.jpg,20260519_115155.jpg,.jpg,2503963,4608x2128,ok
Amrapalli,Before Ripening,Amrapalli/Before Ripening/20260519_115156.jpg,20260519_115156.jpg,.jpg,2579775,4608x2128,ok
Amrapalli,Before Ripening,Amrapalli/Before Ripening/20260519_115158.jpg,20260519_115158.jpg,.jpg,2599237,4608x2128,ok
Amrapalli,Before Ripening,Amrapalli/Before Ripening/20260519_115210.jpg,20260519_115210.jpg,.jpg,2706048,4608x2128,ok
Amrapalli,Before Ripening,Amrapalli/Before Ripening/20260519_115212.jpg,20260519_115212.jpg,.jpg,2634647,4608x2128,ok
Amrapalli,Before Ripening,Amrapalli/Before Ripening/20260519_115223.jpg,20260519_115223.jpg,.jpg,2709657,4608x2128,ok
Amrapalli,Before Ripening,Amrapalli/Before Ripening/20260519_115225.jpg,20260519_115225.jpg,.jpg,2717150,4608x2128,ok
Amrapalli,Before Ripening,Amrapalli/Before Ripening/20260519_115228.jpg,20260519_115228.jpg,.jpg,2694742,4608x2128,ok
Amrapalli,Before Ripening,Amrapalli/Before Ripening/20260519_115241.jpg,20260519_115241.jpg,.jpg,2556921,4608x2128,ok
Amrapalli,Before Ripening,Amrapalli/Before Ripening/20260519_115243.jpg,20260519_115243.jpg,.jpg,2581997,4608x2128,ok
Amrapalli,Before Ripening,Amrapalli/Before Ripening/20260519_115253.jpg,20260519_115253.jpg,.jpg,2635498,4608x2128,ok
Amrapalli,Before Ripening,Amrapalli/Before Ripening/20260519_115254.jpg,20260519_115254.jpg,.jpg,2637250,4608x2128,ok
Amrapalli,Before Ripening,Amrapalli/Before Ripening/20260519_115303.jpg,20260519_115303.jpg,.jpg,2604302,4608x2128,ok
Amrapalli,Before Ripening,Amrapalli/Before Ripening/20260519_115305.jpg,20260519_115305.jpg,.jpg,2743656,4608x2128,ok
Amrapalli,Before Ripening,Amrapalli/Before Ripening/20260519_115310.jpg,20260519_115310.jpg,.jpg,2645223,4608x2128,ok
Amrapalli,Before Ripening,Amrapalli/Before Ripening/20260519_115311.jpg,20260519_115311.jpg,.jpg,2656363,4608x2128,ok
Amrapalli,Before Ripening,Amrapalli/Before Ripening/20260519_115327.jpg,20260519_115327.jpg,.jpg,2558776,4608x2128,ok
Amrapalli,Before Ripening,Amrapalli/Before Ripening/20260519_115329.jpg,20260519_115329.jpg,.jpg,2582854,4608x2128,ok
Amrapalli,Before Ripening,Amrapalli/Before Ripening/20260519_115331.jpg,20260519_115331.jpg,.jpg,2582962,4608x2128,ok
Amrapalli,Before Ripening,Amrapalli/Before Ripening/20260519_115333.jpg,20260519_115333.jpg,.jpg,2609659,4608x2128,ok
Amrapalli,Before Ripening,Amrapalli/Before Ripening/20260519_115334.jpg,20260519_115334.jpg,.jpg,2593843,4608x2128,ok
Amrapalli,Before Ripening,Amrapalli/Before Ripening/20260519_115342.jpg,20260519_115342.jpg,.jpg,2623770,4608x2128,ok
Amrapalli,Before Ripening,Amrapalli/Before Ripening/20260519_115344.jpg,20260519_115344.jpg,.jpg,2624889,4608x2128,ok
Amrapalli,Before Ripening,Amrapalli/Before Ripening/20260519_115346.jpg,20260519_115346.jpg,.jpg,2611337,4608x2128,ok
Amrapalli,Before Ripening,Amrapalli/Before Ripening/20260519_115353.jpg,20260519_115353.jpg,.jpg,2653918,4608x2128,ok
Amrapalli,Before Ripening,Amrapalli/Before Ripening/20260519_115355.jpg,20260519_115355.jpg,.jpg,2666469,4608x2128,ok
Amrapalli,Before Ripening,Amrapalli/Before Ripening/20260519_115357.jpg,20260519_115357.jpg,.jpg,2745908,4608x2128,ok
Amrapalli,Before Ripening,Amrapalli/Before Ripening/20260519_115410.jpg,20260519_115410.jpg,.jpg,2498402,4608x2128,ok
Amrapalli,Before Ripening,Amrapalli/Before Ripening/20260519_115412.jpg,20260519_115412.jpg,.jpg,2610964,4608x2128,ok
Amrapalli,Before Ripening,Amrapalli/Before Ripening/20260519_115413.jpg,20260519_115413.jpg,.jpg,2612553,4608x2128,ok
Amrapalli,Before Ripening,Amrapalli/Before Ripening/20260519_115423.jpg,20260519_115423.jpg,.jpg,2547101,4608x2128,ok
Amrapalli,Before Ripening,Amrapalli/Before Ripening/20260519_115425.jpg,20260519_115425.jpg,.jpg,2619215,4608x2128,ok
Amrapalli,Before Ripening,Amrapalli/Before Ripening/20260519_115426.jpg,20260519_115426.jpg,.jpg,2594452,4608x2128,ok
Amrapalli,Before Ripening,Amrapalli/Before Ripening/20260519_115435.jpg,20260519_115435.jpg,.jpg,2652809,4608x2128,ok
Amrapalli,Before Ripening,Amrapalli/Before Ripening/20260519_115436.jpg,20260519_115436.jpg,.jpg,2690517,4608x2128,ok
Amrapalli,Before Ripening,Amrapalli/Before Ripening/20260519_115438.jpg,20260519_115438.jpg,.jpg,2828517,4608x2128,ok
Amrapalli,Before Ripening,Amrapalli/Before Ripening/20260519_115447.jpg,20260519_115447.jpg,.jpg,2473314,4608x2128,ok
Amrapalli,Before Ripening,Amrapalli/Before Ripening/20260519_115449.jpg,20260519_115449.jpg,.jpg,2639855,4608x2128,ok
Amrapalli,Before Ripening,Amrapalli/Before Ripening/20260522_40350pmByGPSMapCamera.jpg,20260522_40350pmByGPSMapCamera.jpg,.jpg,10865455,4608x3456,ok
Amrapalli,Before Ripening,Amrapalli/Before Ripening/20260522_40353pmByGPSMapCamera.jpg,20260522_40353pmByGPSMapCamera.jpg,.jpg,10081645,4608x3456,ok
Amrapalli,Before Ripening,Amrapalli/Before Ripening/20260522_40411pmByGPSMapCamera.jpg,20260522_40411pmByGPSMapCamera.jpg,.jpg,9108645,3456x4608,ok
Amrapalli,Before Ripening,Amrapalli/Before Ripening/20260522_40417pmByGPSMapCamera.jpg,20260522_40417pmByGPSMapCamera.jpg,.jpg,8495164,3456x4608,ok
Amrapalli,Before Ripening,Amrapalli/Before Ripening/20260522_40449pmByGPSMapCamera.jpg,20260522_40449pmByGPSMapCamera.jpg,.jpg,10609064,3456x4608,ok
Amrapalli,Before Ripening,Amrapalli/Before Ripening/20260522_40504pmByGPSMapCamera.jpg,20260522_40504pmByGPSMapCamera.jpg,.jpg,10041651,3456x4608,ok
Amrapalli,Before Ripening,Amrapalli/Before Ripening/20260522_40517pmByGPSMapCamera.jpg,20260522_40517pmByGPSMapCamera.jpg,.jpg,9761622,3456x4608,ok
Amrapalli,Before Ripening,Amrapalli/Before Ripening/20260522_40518pmByGPSMapCamera.jpg,20260522_40518pmByGPSMapCamera.jpg,.jpg,10155484,3456x4608,ok
Amrapalli,Before Ripening,Amrapalli/Before Ripening/20260522_40522pmByGPSMapCamera.jpg,20260522_40522pmByGPSMapCamera.jpg,.jpg,11120566,3456x4608,ok
Amrapalli,Before Ripening,Amrapalli/Before Ripening/20260522_40529pmByGPSMapCamera.jpg,20260522_40529pmByGPSMapCamera.jpg,.jpg,10390730,3456x4608,ok
Amrapalli,Before Ripening,Amrapalli/Before Ripening/20260522_40631pmByGPSMapCamera.jpg,20260522_40631pmByGPSMapCamera.jpg,.jpg,9885108,3456x4608,ok
Amrapalli,Before Ripening,Amrapalli/Before Ripening/20260522_40634pmByGPSMapCamera.jpg,20260522_40634pmByGPSMapCamera.jpg,.jpg,9785497,3456x4608,ok
Amrapalli,Before Ripening,Amrapalli/Before Ripening/20260522_40646pmByGPSMapCamera.jpg,20260522_40646pmByGPSMapCamera.jpg,.jpg,9549938,3456x4608,ok
Amrapalli,Before Ripening,Amrapalli/Before Ripening/20260522_40648pmByGPSMapCamera.jpg,20260522_40648pmByGPSMapCamera.jpg,.jpg,9727463,3456x4608,ok
Amrapalli,Before Ripening,Amrapalli/Before Ripening/20260522_40652pmByGPSMapCamera.jpg,20260522_40652pmByGPSMapCamera.jpg,.jpg,8655185,3456x4608,ok
Amrapalli,Before Ripening,Amrapalli/Before Ripening/20260522_40706pmByGPSMapCamera.jpg,20260522_40706pmByGPSMapCamera.jpg,.jpg,9200224,3456x4608,ok
Amrapalli,Before Ripening,Amrapalli/Before Ripening/20260522_40707pmByGPSMapCamera.jpg,20260522_40707pmByGPSMapCamera.jpg,.jpg,9364551,3456x4608,ok
Amrapalli,Before Ripening,Amrapalli/Before Ripening/20260522_40759pmByGPSMapCamera.jpg,20260522_40759pmByGPSMapCamera.jpg,.jpg,9193004,3456x4608,ok
Amrapalli,Before Ripening,Amrapalli/Before Ripening/20260522_40809pmByGPSMapCamera.jpg,20260522_40809pmByGPSMapCamera.jpg,.jpg,8606308,3456x4608,ok
Amrapalli,Before Ripening,Amrapalli/Before Ripening/20260522_40824pmByGPSMapCamera.jpg,20260522_40824pmByGPSMapCamera.jpg,.jpg,9321602,3456x4608,ok
Amrapalli,Before Ripening,Amrapalli/Before Ripening/20260522_40953pmByGPSMapCamera.jpg,20260522_40953pmByGPSMapCamera.jpg,.jpg,9280953,3456x4608,ok
Amrapalli,Before Ripening,Amrapalli/Before Ripening/20260522_40957pmByGPSMapCamera.jpg,20260522_40957pmByGPSMapCamera.jpg,.jpg,9116559,3456x4608,ok
Amrapalli,Before Ripening,Amrapalli/Before Ripening/20260522_41036pmByGPSMapCamera.jpg,20260522_41036pmByGPSMapCamera.jpg,.jpg,9848464,3456x4608,ok
Amrapalli,Before Ripening,Amrapalli/Before Ripening/20260522_41048pmByGPSMapCamera.jpg,20260522_41048pmByGPSMapCamera.jpg,.jpg,11631795,3456x4608,ok
Amrapalli,Before Ripening,Amrapalli/Before Ripening/20260522_41049pmByGPSMapCamera.jpg,20260522_41049pmByGPSMapCamera.jpg,.jpg,10060315,3456x4608,ok
Amrapalli,Before Ripening,Amrapalli/Before Ripening/20260522_41209pmByGPSMapCamera.jpg,20260522_41209pmByGPSMapCamera.jpg,.jpg,12176123,3456x4608,ok
Amrapalli,Before Ripening,Amrapalli/Before Ripening/20260522_41221pmByGPSMapCamera.jpg,20260522_41221pmByGPSMapCamera.jpg,.jpg,9664053,3456x4608,ok
Amrapalli,Before Ripening,Amrapalli/Before Ripening/20260522_41225pmByGPSMapCamera.jpg,20260522_41225pmByGPSMapCamera.jpg,.jpg,9590799,3456x4608,ok
Amrapalli,Before Ripening,Amrapalli/Before Ripening/20260522_41227pmByGPSMapCamera.jpg,20260522_41227pmByGPSMapCamera.jpg,.jpg,9590280,3456x4608,ok
Amrapalli,Before Ripening,Amrapalli/Before Ripening/20260522_41310pmByGPSMapCamera.jpg,20260522_41310pmByGPSMapCamera.jpg,.jpg,9388271,3456x4608,ok
Amrapalli,Before Ripening,Amrapalli/Before Ripening/20260522_41314pmByGPSMapCamera.jpg,20260522_41314pmByGPSMapCamera.jpg,.jpg,9442632,3456x4608,ok
Amrapalli,Before Ripening,Amrapalli/Before Ripening/20260522_41315pmByGPSMapCamera.jpg,20260522_41315pmByGPSMapCamera.jpg,.jpg,9495427,3456x4608,ok
Amrapalli,Before Ripening,Amrapalli/Before Ripening/20260522_41327pmByGPSMapCamera.jpg,20260522_41327pmByGPSMapCamera.jpg,.jpg,10048954,3456x4608,ok
Amrapalli,Before Ripening,Amrapalli/Before Ripening/20260522_41328pmByGPSMapCamera.jpg,20260522_41328pmByGPSMapCamera.jpg,.jpg,10025108,3456x4608,ok
Amrapalli,Before Ripening,Amrapalli/Before Ripening/20260522_41332pmByGPSMapCamera.jpg,20260522_41332pmByGPSMapCamera.jpg,.jpg,10028179,3456x4608,ok
Amrapalli,Before Ripening,Amrapalli/Before Ripening/20260522_41336pmByGPSMapCamera.jpg,20260522_41336pmByGPSMapCamera.jpg,.jpg,9982713,3456x4608,ok
Amrapalli,Before Ripening,Amrapalli/Before Ripening/20260522_41346pmByGPSMapCamera.jpg,20260522_41346pmByGPSMapCamera.jpg,.jpg,12332293,3456x4608,ok
Amrapalli,Before Ripening,Amrapalli/Before Ripening/20260522_41350pmByGPSMapCamera.jpg,20260522_41350pmByGPSMapCamera.jpg,.jpg,12371578,3456x4608,ok
Amrapalli,Before Ripening,Amrapalli/Before Ripening/20260522_41403pmByGPSMapCamera.jpg,20260522_41403pmByGPSMapCamera.jpg,.jpg,10229148,3456x4608,ok
Amrapalli,Before Ripening,Amrapalli/Before Ripening/20260522_41406pmByGPSMapCamera.jpg,20260522_41406pmByGPSMapCamera.jpg,.jpg,10172349,3456x4608,ok
Amrapalli,Before Ripening,Amrapalli/Before Ripening/20260522_41418pmByGPSMapCamera.jpg,20260522_41418pmByGPSMapCamera.jpg,.jpg,9383921,3456x4608,ok
Amrapalli,Before Ripening,Amrapalli/Before Ripening/20260522_41420pmByGPSMapCamera.jpg,20260522_41420pmByGPSMapCamera.jpg,.jpg,9435478,3456x4608,ok
Amrapalli,Before Ripening,Amrapalli/Before Ripening/20260522_41426pmByGPSMapCamera.jpg,20260522_41426pmByGPSMapCamera.jpg,.jpg,9628164,3456x4608,ok
Amrapalli,Before Ripening,Amrapalli/Before Ripening/20260522_41446pmByGPSMapCamera.jpg,20260522_41446pmByGPSMapCamera.jpg,.jpg,9498370,3456x4608,ok
Amrapalli,Before Ripening,Amrapalli/Before Ripening/20260522_41516pmByGPSMapCamera.jpg,20260522_41516pmByGPSMapCamera.jpg,.jpg,11443832,3456x4608,ok
Amrapalli,Before Ripening,Amrapalli/Before Ripening/20260522_41537pmByGPSMapCamera.jpg,20260522_41537pmByGPSMapCamera.jpg,.jpg,8923595,3456x4608,ok
Amrapalli,Before Ripening,Amrapalli/Before Ripening/20260522_41540pmByGPSMapCamera.jpg,20260522_41540pmByGPSMapCamera.jpg,.jpg,9292465,3456x4608,ok
Amrapalli,Before Ripening,Amrapalli/Before Ripening/20260522_41548pmByGPSMapCamera.jpg,20260522_41548pmByGPSMapCamera.jpg,.jpg,8944495,3456x4608,ok
Amrapalli,Before Ripening,Amrapalli/Before Ripening/20260522_41627pmByGPSMapCamera.jpg,20260522_41627pmByGPSMapCamera.jpg,.jpg,11279092,3456x4608,ok
Amrapalli,Before Ripening,Amrapalli/Before Ripening/20260522_41632pmByGPSMapCamera.jpg,20260522_41632pmByGPSMapCamera.jpg,.jpg,11133010,3456x4608,ok
Amrapalli,Before Ripening,Amrapalli/Before Ripening/20260522_41735pmByGPSMapCamera.jpg,20260522_41735pmByGPSMapCamera.jpg,.jpg,9224401,3456x4608,ok
Amrapalli,Before Ripening,Amrapalli/Before Ripening/20260522_41737pmByGPSMapCamera.jpg,20260522_41737pmByGPSMapCamera.jpg,.jpg,9310366,3456x4608,ok
Amrapalli,Before Ripening,Amrapalli/Before Ripening/20260522_41740pmByGPSMapCamera.jpg,20260522_41740pmByGPSMapCamera.jpg,.jpg,9503979,3456x4608,ok
Amrapalli,Before Ripening,Amrapalli/Before Ripening/20260522_41757pmByGPSMapCamera.jpg,20260522_41757pmByGPSMapCamera.jpg,.jpg,8960937,3456x4608,ok
Amrapalli,Before Ripening,Amrapalli/Before Ripening/20260522_41759pmByGPSMapCamera.jpg,20260522_41759pmByGPSMapCamera.jpg,.jpg,9000192,3456x4608,ok
Amrapalli,Before Ripening,Amrapalli/Before Ripening/20260522_42021pmByGPSMapCamera.jpg,20260522_42021pmByGPSMapCamera.jpg,.jpg,11942588,3456x4608,ok
Amrapalli,Before Ripening,Amrapalli/Before Ripening/20260522_42033pmByGPSMapCamera.jpg,20260522_42033pmByGPSMapCamera.jpg,.jpg,9398607,3456x4608,ok
Amrapalli,Before Ripening,Amrapalli/Before Ripening/20260522_42038pmByGPSMapCamera.jpg,20260522_42038pmByGPSMapCamera.jpg,.jpg,9414058,3456x4608,ok
Amrapalli,Before Ripening,Amrapalli/Before Ripening/20260522_42045pmByGPSMapCamera.jpg,20260522_42045pmByGPSMapCamera.jpg,.jpg,9801448,3456x4608,ok
Amrapalli,Before Ripening,Amrapalli/Before Ripening/20260522_42053pmByGPSMapCamera.jpg,20260522_42053pmByGPSMapCamera.jpg,.jpg,10012173,3456x4608,ok
Amrapalli,Before Ripening,Amrapalli/Before Ripening/20260522_42101pmByGPSMapCamera.jpg,20260522_42101pmByGPSMapCamera.jpg,.jpg,9710944,3456x4608,ok
Amrapalli,Before Ripening,Amrapalli/Before Ripening/20260522_42106pmByGPSMapCamera.jpg,20260522_42106pmByGPSMapCamera.jpg,.jpg,9573242,3456x4608,ok
Amrapalli,Before Ripening,Amrapalli/Before Ripening/20260522_42125pmByGPSMapCamera.jpg,20260522_42125pmByGPSMapCamera.jpg,.jpg,9680282,3456x4608,ok
Amrapalli,Before Ripening,Amrapalli/Before Ripening/20260522_42128pmByGPSMapCamera.jpg,20260522_42128pmByGPSMapCamera.jpg,.jpg,9578558,3456x4608,ok
Amrapalli,Before Ripening,Amrapalli/Before Ripening/20260522_42131pmByGPSMapCamera.jpg,20260522_42131pmByGPSMapCamera.jpg,.jpg,9628770,3456x4608,ok
Amrapalli,Before Ripening,Amrapalli/Before Ripening/20260522_42229pmByGPSMapCamera.jpg,20260522_42229pmByGPSMapCamera.jpg,.jpg,9096519,3456x4608,ok
Amrapalli,Before Ripening,Amrapalli/Before Ripening/20260522_42247pmByGPSMapCamera.jpg,20260522_42247pmByGPSMapCamera.jpg,.jpg,10621103,3456x4608,ok
Amrapalli,Before Ripening,Amrapalli/Before Ripening/20260522_42256pmByGPSMapCamera.jpg,20260522_42256pmByGPSMapCamera.jpg,.jpg,12145181,3456x4608,ok
Amrapalli,Before Ripening,Amrapalli/Before Ripening/20260522_42258pmByGPSMapCamera.jpg,20260522_42258pmByGPSMapCamera.jpg,.jpg,9733123,3456x4608,ok
Amrapalli,Before Ripening,Amrapalli/Before Ripening/20260522_42307pmByGPSMapCamera.jpg,20260522_42307pmByGPSMapCamera.jpg,.jpg,10140959,3456x4608,ok
Amrapalli,Before Ripening,Amrapalli/Before Ripening/20260522_42310pmByGPSMapCamera.jpg,20260522_42310pmByGPSMapCamera.jpg,.jpg,10175952,3456x4608,ok
Amrapalli,Before Ripening,Amrapalli/Before Ripening/20260529_171144.jpg,20260529_171144.jpg,.jpg,2668864,4608x2128,ok
Amrapalli,Before Ripening,Amrapalli/Before Ripening/20260529_171146.jpg,20260529_171146.jpg,.jpg,2784894,4608x2128,ok
Amrapalli,Before Ripening,Amrapalli/Before Ripening/20260529_171244.jpg,20260529_171244.jpg,.jpg,2462063,4608x2128,ok
Amrapalli,Before Ripening,Amrapalli/Before Ripening/20260529_171246.jpg,20260529_171246.jpg,.jpg,3305660,4608x2128,ok
Amrapalli,Before Ripening,Amrapalli/Before Ripening/20260529_171249.jpg,20260529_171249.jpg,.jpg,2460590,4608x2128,ok
Amrapalli,Before Ripening,Amrapalli/Before Ripening/20260529_171309.jpg,20260529_171309.jpg,.jpg,2535694,4608x2128,ok
Amrapalli,Before Ripening,Amrapalli/Before Ripening/20260529_171313.jpg,20260529_171313.jpg,.jpg,2760137,4608x2128,ok
Amrapalli,Before Ripening,Amrapalli/Before Ripening/20260529_171316.jpg,20260529_171316.jpg,.jpg,2803739,4608x2128,ok
Amrapalli,Before Ripening,Amrapalli/Before Ripening/20260529_171335.jpg,20260529_171335.jpg,.jpg,3121648,4608x2128,ok
Amrapalli,Before Ripening,Amrapalli/Before Ripening/20260529_171337.jpg,20260529_171337.jpg,.jpg,3141829,4608x2128,ok
Amrapalli,Before Ripening,Amrapalli/Before Ripening/20260529_171400.jpg,20260529_171400.jpg,.jpg,2128669,4608x2128,ok
Amrapalli,Before Ripening,Amrapalli/Before Ripening/20260529_171402.jpg,20260529_171402.jpg,.jpg,2528713,4608x2128,ok
Amrapalli,Before Ripening,Amrapalli/Before Ripening/20260529_171405.jpg,20260529_171405.jpg,.jpg,2189595,4608x2128,ok
Amrapalli,Before Ripening,Amrapalli/Before Ripening/20260529_171608.jpg,20260529_171608.jpg,.jpg,2463206,4608x2128,ok
Amrapalli,Before Ripening,Amrapalli/Before Ripening/20260529_171612.jpg,20260529_171612.jpg,.jpg,3347683,4608x2128,ok
Amrapalli,Before Ripening,Amrapalli/Before Ripening/20260529_171616.jpg,20260529_171616.jpg,.jpg,2954251,4608x2128,ok
Amrapalli,Before Ripening,Amrapalli/Before Ripening/20260529_171628.jpg,20260529_171628.jpg,.jpg,3074835,4608x2128,ok
Amrapalli,Before Ripening,Amrapalli/Before Ripening/20260529_171636.jpg,20260529_171636.jpg,.jpg,2893094,4608x2128,ok
Amrapalli,Before Ripening,Amrapalli/Before Ripening/20260529_44801pmByGPSMapCamera.jpg,20260529_44801pmByGPSMapCamera.jpg,.jpg,10576106,4608x3456,ok
Amrapalli,Before Ripening,Amrapalli/Before Ripening/20260529_44810pmByGPSMapCamera.jpg,20260529_44810pmByGPSMapCamera.jpg,.jpg,10359053,4608x3456,ok
Amrapalli,Before Ripening,Amrapalli/Before Ripening/20260529_44836pmByGPSMapCamera.jpg,20260529_44836pmByGPSMapCamera.jpg,.jpg,9184876,3456x4608,ok
Amrapalli,Before Ripening,Amrapalli/Before Ripening/20260529_44839pmByGPSMapCamera.jpg,20260529_44839pmByGPSMapCamera.jpg,.jpg,9123373,3456x4608,ok
Amrapalli,Before Ripening,Amrapalli/Before Ripening/20260529_44845pmByGPSMapCamera.jpg,20260529_44845pmByGPSMapCamera.jpg,.jpg,9352963,3456x4608,ok
Amrapalli,Before Ripening,Amrapalli/Before Ripening/20260529_44859pmByGPSMapCamera.jpg,20260529_44859pmByGPSMapCamera.jpg,.jpg,8772083,3456x4608,ok
Amrapalli,Before Ripening,Amrapalli/Before Ripening/20260529_44903pmByGPSMapCamera.jpg,20260529_44903pmByGPSMapCamera.jpg,.jpg,8811809,3456x4608,ok
Amrapalli,Before Ripening,Amrapalli/Before Ripening/20260529_44936pmByGPSMapCamera.jpg,20260529_44936pmByGPSMapCamera.jpg,.jpg,10177222,3456x4608,ok
Amrapalli,Before Ripening,Amrapalli/Before Ripening/20260529_44951pmByGPSMapCamera.jpg,20260529_44951pmByGPSMapCamera.jpg,.jpg,10234700,3456x4608,ok
Amrapalli,Before Ripening,Amrapalli/Before Ripening/20260529_44954pmByGPSMapCamera.jpg,20260529_44954pmByGPSMapCamera.jpg,.jpg,10195664,3456x4608,ok
Amrapalli,Before Ripening,Amrapalli/Before Ripening/20260529_45007pmByGPSMapCamera.jpg,20260529_45007pmByGPSMapCamera.jpg,.jpg,9753098,3456x4608,ok
Amrapalli,Before Ripening,Amrapalli/Before Ripening/20260529_45010pmByGPSMapCamera.jpg,20260529_45010pmByGPSMapCamera.jpg,.jpg,9805498,3456x4608,ok
Amrapalli,Before Ripening,Amrapalli/Before Ripening/20260529_45015pmByGPSMapCamera.jpg,20260529_45015pmByGPSMapCamera.jpg,.jpg,9631398,3456x4608,ok
Amrapalli,Before Ripening,Amrapalli/Before Ripening/20260529_45042pmByGPSMapCamera.jpg,20260529_45042pmByGPSMapCamera.jpg,.jpg,10120575,3456x4608,ok
Amrapalli,Before Ripening,Amrapalli/Before Ripening/20260529_45144pmByGPSMapCamera.jpg,20260529_45144pmByGPSMapCamera.jpg,.jpg,9354375,3456x4608,ok
Amrapalli,Before Ripening,Amrapalli/Before Ripening/20260529_45702pmByGPSMapCamera.jpg,20260529_45702pmByGPSMapCamera.jpg,.jpg,10360018,3456x4608,ok
Amrapalli,Before Ripening,Amrapalli/Before Ripening/20260529_45717pmByGPSMapCamera.jpg,20260529_45717pmByGPSMapCamera.jpg,.jpg,9044227,3456x4608,ok
Amrapalli,Before Ripening,Amrapalli/Before Ripening/20260529_45720pmByGPSMapCamera.jpg,20260529_45720pmByGPSMapCamera.jpg,.jpg,8731989,3456x4608,ok
Amrapalli,Before Ripening,Amrapalli/Before Ripening/20260529_45721pmByGPSMapCamera.jpg,20260529_45721pmByGPSMapCamera.jpg,.jpg,8671448,3456x4608,ok
Amrapalli,Before Ripening,Amrapalli/Before Ripening/20260529_45820pmByGPSMapCamera.jpg,20260529_45820pmByGPSMapCamera.jpg,.jpg,9467193,3456x4608,ok
Amrapalli,Before Ripening,Amrapalli/Before Ripening/20260529_45823pmByGPSMapCamera.jpg,20260529_45823pmByGPSMapCamera.jpg,.jpg,9206360,3456x4608,ok
Amrapalli,Before Ripening,Amrapalli/Before Ripening/20260529_45827pmByGPSMapCamera.jpg,20260529_45827pmByGPSMapCamera.jpg,.jpg,9378352,3456x4608,ok
Amrapalli,Before Ripening,Amrapalli/Before Ripening/20260529_45902pmByGPSMapCamera.jpg,20260529_45902pmByGPSMapCamera.jpg,.jpg,8901213,3456x4608,ok
Amrapalli,Before Ripening,Amrapalli/Before Ripening/20260529_45905pmByGPSMapCamera.jpg,20260529_45905pmByGPSMapCamera.jpg,.jpg,8925852,3456x4608,ok
Amrapalli,Before Ripening,Amrapalli/Before Ripening/20260529_45907pmByGPSMapCamera.jpg,20260529_45907pmByGPSMapCamera.jpg,.jpg,8212075,3456x4608,ok
Amrapalli,Before Ripening,Amrapalli/Before Ripening/20260529_45943pmByGPSMapCamera.jpg,20260529_45943pmByGPSMapCamera.jpg,.jpg,8924119,3456x4608,ok
Amrapalli,Before Ripening,Amrapalli/Before Ripening/20260529_45945pmByGPSMapCamera.jpg,20260529_45945pmByGPSMapCamera.jpg,.jpg,9229639,3456x4608,ok
Amrapalli,Before Ripening,Amrapalli/Before Ripening/20260529_45950pmByGPSMapCamera.jpg,20260529_45950pmByGPSMapCamera.jpg,.jpg,9330391,3456x4608,ok
Amrapalli,Before Ripening,Amrapalli/Before Ripening/20260529_45959pmByGPSMapCamera.jpg,20260529_45959pmByGPSMapCamera.jpg,.jpg,9574989,3456x4608,ok
Amrapalli,Before Ripening,Amrapalli/Before Ripening/20260529_50002pmByGPSMapCamera.jpg,20260529_50002pmByGPSMapCamera.jpg,.jpg,9324353,3456x4608,ok
Amrapalli,Before Ripening,Amrapalli/Before Ripening/20260529_50003pmByGPSMapCamera.jpg,20260529_50003pmByGPSMapCamera.jpg,.jpg,9658292,3456x4608,ok
Amrapalli,Before Ripening,Amrapalli/Before Ripening/20260529_50040pmByGPSMapCamera.jpg,20260529_50040pmByGPSMapCamera.jpg,.jpg,9408916,3456x4608,ok
Amrapalli,Before Ripening,Amrapalli/Before Ripening/20260529_50042pmByGPSMapCamera.jpg,20260529_50042pmByGPSMapCamera.jpg,.jpg,9485620,3456x4608,ok
Amrapalli,Before Ripening,Amrapalli/Before Ripening/20260529_50049pmByGPSMapCamera.jpg,20260529_50049pmByGPSMapCamera.jpg,.jpg,10020592,3456x4608,ok
Amrapalli,Before Ripening,Amrapalli/Before Ripening/20260529_50053pmByGPSMapCamera.jpg,20260529_50053pmByGPSMapCamera.jpg,.jpg,9850630,3456x4608,ok
Amrapalli,Before Ripening,Amrapalli/Before Ripening/20260529_50100pmByGPSMapCamera.jpg,20260529_50100pmByGPSMapCamera.jpg,.jpg,9740634,3456x4608,ok
Amrapalli,Before Ripening,Amrapalli/Before Ripening/20260529_50105pmByGPSMapCamera.jpg,20260529_50105pmByGPSMapCamera.jpg,.jpg,9738305,3456x4608,ok
Amrapalli,Before Ripening,Amrapalli/Before Ripening/20260529_50119pmByGPSMapCamera.jpg,20260529_50119pmByGPSMapCamera.jpg,.jpg,10248708,3456x4608,ok
Amrapalli,Before Ripening,Amrapalli/Before Ripening/20260529_50122pmByGPSMapCamera.jpg,20260529_50122pmByGPSMapCamera.jpg,.jpg,9827303,3456x4608,ok
Amrapalli,Before Ripening,Amrapalli/Before Ripening/20260529_50130pmByGPSMapCamera.jpg,20260529_50130pmByGPSMapCamera.jpg,.jpg,10171655,3456x4608,ok
Amrapalli,Before Ripening,Amrapalli/Before Ripening/20260529_50131pmByGPSMapCamera.jpg,20260529_50131pmByGPSMapCamera.jpg,.jpg,10028231,3456x4608,ok
Amrapalli,Before Ripening,Amrapalli/Before Ripening/20260529_50147pmByGPSMapCamera.jpg,20260529_50147pmByGPSMapCamera.jpg,.jpg,10114678,3456x4608,ok
Amrapalli,Before Ripening,Amrapalli/Before Ripening/20260529_50148pmByGPSMapCamera.jpg,20260529_50148pmByGPSMapCamera.jpg,.jpg,10376410,3456x4608,ok
Amrapalli,Before Ripening,Amrapalli/Before Ripening/20260529_50155pmByGPSMapCamera.jpg,20260529_50155pmByGPSMapCamera.jpg,.jpg,10141223,3456x4608,ok
Amrapalli,Before Ripening,Amrapalli/Before Ripening/20260529_50214pmByGPSMapCamera.jpg,20260529_50214pmByGPSMapCamera.jpg,.jpg,10748467,3456x4608,ok
Amrapalli,Before Ripening,Amrapalli/Before Ripening/20260529_50216pmByGPSMapCamera.jpg,20260529_50216pmByGPSMapCamera.jpg,.jpg,10757269,3456x4608,ok
Amrapalli,Before Ripening,Amrapalli/Before Ripening/20260529_50255pmByGPSMapCamera.jpg,20260529_50255pmByGPSMapCamera.jpg,.jpg,9438079,3456x4608,ok
Amrapalli,Before Ripening,Amrapalli/Before Ripening/20260529_50258pmByGPSMapCamera.jpg,20260529_50258pmByGPSMapCamera.jpg,.jpg,9630821,3456x4608,ok
Amrapalli,Before Ripening,Amrapalli/Before Ripening/20260529_50311pmByGPSMapCamera.jpg,20260529_50311pmByGPSMapCamera.jpg,.jpg,10098570,3456x4608,ok
Amrapalli,Before Ripening,Amrapalli/Before Ripening/20260529_50312pmByGPSMapCamera.jpg,20260529_50312pmByGPSMapCamera.jpg,.jpg,9932392,3456x4608,ok
Amrapalli,Before Ripening,Amrapalli/Before Ripening/20260529_50318pmByGPSMapCamera.jpg,20260529_50318pmByGPSMapCamera.jpg,.jpg,9827596,3456x4608,ok
Amrapalli,Before Ripening,Amrapalli/Before Ripening/20260529_50336pmByGPSMapCamera.jpg,20260529_50336pmByGPSMapCamera.jpg,.jpg,6403609,3456x4608,ok
Amrapalli,Before Ripening,Amrapalli/Before Ripening/20260529_50339pmByGPSMapCamera.jpg,20260529_50339pmByGPSMapCamera.jpg,.jpg,6608483,3456x4608,ok
Amrapalli,Before Ripening,Amrapalli/Before Ripening/20260529_50342pmByGPSMapCamera.jpg,20260529_50342pmByGPSMapCamera.jpg,.jpg,6229348,3456x4608,ok
Amrapalli,Before Ripening,Amrapalli/Before Ripening/20260529_50353pmByGPSMapCamera.jpg,20260529_50353pmByGPSMapCamera.jpg,.jpg,6120815,3456x4608,ok
Amrapalli,Before Ripening,Amrapalli/Before Ripening/20260529_50357pmByGPSMapCamera.jpg,20260529_50357pmByGPSMapCamera.jpg,.jpg,6544470,3456x4608,ok
Amrapalli,Before Ripening,Amrapalli/Before Ripening/20260529_50418pmByGPSMapCamera.jpg,20260529_50418pmByGPSMapCamera.jpg,.jpg,5356842,3456x4608,ok
Amrapalli,Before Ripening,Amrapalli/Before Ripening/20260529_50420pmByGPSMapCamera.jpg,20260529_50420pmByGPSMapCamera.jpg,.jpg,5428214,3456x4608,ok
Amrapalli,Before Ripening,Amrapalli/Before Ripening/20260529_50423pmByGPSMapCamera.jpg,20260529_50423pmByGPSMapCamera.jpg,.jpg,5511365,3456x4608,ok
Amrapalli,Before Ripening,Amrapalli/Before Ripening/20260529_50447pmByGPSMapCamera.jpg,20260529_50447pmByGPSMapCamera.jpg,.jpg,5910250,3456x4608,ok
Amrapalli,Before Ripening,Amrapalli/Before Ripening/20260529_50450pmByGPSMapCamera.jpg,20260529_50450pmByGPSMapCamera.jpg,.jpg,5863757,3456x4608,ok
Amrapalli,Before Ripening,Amrapalli/Before Ripening/20260529_50454pmByGPSMapCamera.jpg,20260529_50454pmByGPSMapCamera.jpg,.jpg,5891204,3456x4608,ok
Amrapalli,Before Ripening,Amrapalli/Before Ripening/20260529_50456pmByGPSMapCamera.jpg,20260529_50456pmByGPSMapCamera.jpg,.jpg,5894138,3456x4608,ok
Amrapalli,Before Ripening,Amrapalli/Before Ripening/20260529_50507pmByGPSMapCamera.jpg,20260529_50507pmByGPSMapCamera.jpg,.jpg,6050607,3456x4608,ok
Amrapalli,Before Ripening,Amrapalli/Before Ripening/20260529_50508pmByGPSMapCamera.jpg,20260529_50508pmByGPSMapCamera.jpg,.jpg,6104707,3456x4608,ok
Amrapalli,Before Ripening,Amrapalli/Before Ripening/20260529_50512pmByGPSMapCamera.jpg,20260529_50512pmByGPSMapCamera.jpg,.jpg,5754243,3456x4608,ok
Amrapalli,Before Ripening,Amrapalli/Before Ripening/20260529_50527pmByGPSMapCamera.jpg,20260529_50527pmByGPSMapCamera.jpg,.jpg,5748637,3456x4608,ok
Amrapalli,Before Ripening,Amrapalli/Before Ripening/20260529_50529pmByGPSMapCamera.jpg,20260529_50529pmByGPSMapCamera.jpg,.jpg,5829295,3456x4608,ok
Amrapalli,Before Ripening,Amrapalli/Before Ripening/20260529_50533pmByGPSMapCamera.jpg,20260529_50533pmByGPSMapCamera.jpg,.jpg,5828713,3456x4608,ok
Amrapalli,Before Ripening,Amrapalli/Before Ripening/20260529_50547pmByGPSMapCamera.jpg,20260529_50547pmByGPSMapCamera.jpg,.jpg,6353153,3456x4608,ok
Amrapalli,Before Ripening,Amrapalli/Before Ripening/20260529_50549pmByGPSMapCamera.jpg,20260529_50549pmByGPSMapCamera.jpg,.jpg,7184786,3456x4608,ok
Amrapalli,Before Ripening,Amrapalli/Before Ripening/20260529_50554pmByGPSMapCamera.jpg,20260529_50554pmByGPSMapCamera.jpg,.jpg,7151808,3456x4608,ok
Amrapalli,Before Ripening,Amrapalli/Before Ripening/20260529_50602pmByGPSMapCamera.jpg,20260529_50602pmByGPSMapCamera.jpg,.jpg,5989052,3456x4608,ok
Amrapalli,Before Ripening,Amrapalli/Before Ripening/20260529_50611pmByGPSMapCamera.jpg,20260529_50611pmByGPSMapCamera.jpg,.jpg,6154648,3456x4608,ok
Amrapalli,Before Ripening,Amrapalli/Before Ripening/20260529_50613pmByGPSMapCamera.jpg,20260529_50613pmByGPSMapCamera.jpg,.jpg,6137301,3456x4608,ok
Amrapalli,Before Ripening,Amrapalli/Before Ripening/20260529_50706pmByGPSMapCamera.jpg,20260529_50706pmByGPSMapCamera.jpg,.jpg,5748553,3456x4608,ok
Amrapalli,Before Ripening,Amrapalli/Before Ripening/20260529_50709pmByGPSMapCamera.jpg,20260529_50709pmByGPSMapCamera.jpg,.jpg,5509871,3456x4608,ok
Amrapalli,Before Ripening,Amrapalli/Before Ripening/20260529_50712pmByGPSMapCamera.jpg,20260529_50712pmByGPSMapCamera.jpg,.jpg,5574203,3456x4608,ok
Amrapalli,Before Ripening,Amrapalli/Before Ripening/20260529_50828pmByGPSMapCamera.jpg,20260529_50828pmByGPSMapCamera.jpg,.jpg,6116106,3456x4608,ok
Amrapalli,Before Ripening,Amrapalli/Before Ripening/20260529_50830pmByGPSMapCamera.jpg,20260529_50830pmByGPSMapCamera.jpg,.jpg,6133001,3456x4608,ok
Amrapalli,Before Ripening,Amrapalli/Before Ripening/20260529_50836pmByGPSMapCamera.jpg,20260529_50836pmByGPSMapCamera.jpg,.jpg,5950496,3456x4608,ok
Amrapalli,Before Ripening,Amrapalli/Before Ripening/20260529_50845pmByGPSMapCamera.jpg,20260529_50845pmByGPSMapCamera.jpg,.jpg,5954196,3456x4608,ok
Amrapalli,Before Ripening,Amrapalli/Before Ripening/20260529_50849pmByGPSMapCamera.jpg,20260529_50849pmByGPSMapCamera.jpg,.jpg,5996011,3456x4608,ok
Amrapalli,Before Ripening,Amrapalli/Before Ripening/20260529_50853pmByGPSMapCamera.jpg,20260529_50853pmByGPSMapCamera.jpg,.jpg,5917356,3456x4608,ok
Amrapalli,Before Ripening,Amrapalli/Before Ripening/20260529_50900pmByGPSMapCamera.jpg,20260529_50900pmByGPSMapCamera.jpg,.jpg,5966694,3456x4608,ok
Amrapalli,Before Ripening,Amrapalli/Before Ripening/20260529_50902pmByGPSMapCamera.jpg,20260529_50902pmByGPSMapCamera.jpg,.jpg,6027555,3456x4608,ok
Amrapalli,Before Ripening,Amrapalli/Before Ripening/20260529_50907pmByGPSMapCamera.jpg,20260529_50907pmByGPSMapCamera.jpg,.jpg,6009545,3456x4608,ok
Amrapalli,Before Ripening,Amrapalli/Before Ripening/20260529_50910pmByGPSMapCamera.jpg,20260529_50910pmByGPSMapCamera.jpg,.jpg,6093856,3456x4608,ok
Amrapalli,Before Ripening,Amrapalli/Before Ripening/20260529_50934pmByGPSMapCamera.jpg,20260529_50934pmByGPSMapCamera.jpg,.jpg,6236710,3456x4608,ok
Amrapalli,Before Ripening,Amrapalli/Before Ripening/20260529_50938pmByGPSMapCamera.jpg,20260529_50938pmByGPSMapCamera.jpg,.jpg,6193694,3456x4608,ok
Amrapalli,Before Ripening,Amrapalli/Before Ripening/20260529_50940pmByGPSMapCamera.jpg,20260529_50940pmByGPSMapCamera.jpg,.jpg,6175256,3456x4608,ok
Amrapalli,Before Ripening,Amrapalli/Before Ripening/20260529_50958pmByGPSMapCamera.jpg,20260529_50958pmByGPSMapCamera.jpg,.jpg,5584213,3456x4608,ok
Amrapalli,Before Ripening,Amrapalli/Before Ripening/20260529_51001pmByGPSMapCamera.jpg,20260529_51001pmByGPSMapCamera.jpg,.jpg,5889225,3456x4608,ok
Amrapalli,Before Ripening,Amrapalli/Before Ripening/20260529_51005pmByGPSMapCamera.jpg,20260529_51005pmByGPSMapCamera.jpg,.jpg,6342459,3456x4608,ok
Amrapalli,Before Ripening,Amrapalli/Before Ripening/20260530_201302.jpg,20260530_201302.jpg,.jpg,2587452,4608x2128,ok
Amrapalli,Before Ripening,Amrapalli/Before Ripening/20260530_201304.jpg,20260530_201304.jpg,.jpg,2604525,4608x2128,ok
Amrapalli,Before Ripening,Amrapalli/Before Ripening/20260530_201306.jpg,20260530_201306.jpg,.jpg,2603628,4608x2128,ok
Amrapalli,Before Ripening,Amrapalli/Before Ripening/20260530_201313.jpg,20260530_201313.jpg,.jpg,2526756,4608x2128,ok
Amrapalli,Before Ripening,Amrapalli/Before Ripening/20260530_201315.jpg,20260530_201315.jpg,.jpg,2358761,4608x2128,ok
Amrapalli,Before Ripening,Amrapalli/Before Ripening/20260530_201317.jpg,20260530_201317.jpg,.jpg,2535567,4608x2128,ok
Amrapalli,Before Ripening,Amrapalli/Before Ripening/20260530_201328.jpg,20260530_201328.jpg,.jpg,2758852,4608x2128,ok
Amrapalli,Before Ripening,Amrapalli/Before Ripening/20260530_201330.jpg,20260530_201330.jpg,.jpg,2727457,4608x2128,ok
Amrapalli,Before Ripening,Amrapalli/Before Ripening/20260530_201332.jpg,20260530_201332.jpg,.jpg,2638312,4608x2128,ok
Amrapalli,Before Ripening,Amrapalli/Before Ripening/20260530_201334.jpg,20260530_201334.jpg,.jpg,2747300,4608x2128,ok
Amrapalli,Before Ripening,Amrapalli/Before Ripening/20260530_201336.jpg,20260530_201336.jpg,.jpg,2781459,4608x2128,ok
Amrapalli,Before Ripening,Amrapalli/Before Ripening/20260530_201338.jpg,20260530_201338.jpg,.jpg,2744688,4608x2128,ok
Amrapalli,Before Ripening,Amrapalli/Before Ripening/20260530_201354.jpg,20260530_201354.jpg,.jpg,2728515,4608x2128,ok
Amrapalli,Before Ripening,Amrapalli/Before Ripening/20260530_201356.jpg,20260530_201356.jpg,.jpg,2713054,4608x2128,ok
Amrapalli,Before Ripening,Amrapalli/Before Ripening/20260530_201409.jpg,20260530_201409.jpg,.jpg,2797449,4608x2128,ok
Amrapalli,Before Ripening,Amrapalli/Before Ripening/20260530_201411.jpg,20260530_201411.jpg,.jpg,2829011,4608x2128,ok
Amrapalli,Before Ripening,Amrapalli/Before Ripening/20260530_201412.jpg,20260530_201412.jpg,.jpg,2798383,4608x2128,ok
Amrapalli,Before Ripening,Amrapalli/Before Ripening/20260530_201435.jpg,20260530_201435.jpg,.jpg,2495553,4608x2128,ok
Amrapalli,Before Ripening,Amrapalli/Before Ripening/20260530_201437.jpg,20260530_201437.jpg,.jpg,2494756,4608x2128,ok
Amrapalli,Before Ripening,Amrapalli/Before Ripening/20260530_201440.jpg,20260530_201440.jpg,.jpg,2494827,4608x2128,ok
Amrapalli,Before Ripening,Amrapalli/Before Ripening/20260530_201441.jpg,20260530_201441.jpg,.jpg,2534312,4608x2128,ok
Amrapalli,Before Ripening,Amrapalli/Before Ripening/20260530_201443.jpg,20260530_201443.jpg,.jpg,2574638,4608x2128,ok
Amrapalli,Before Ripening,Amrapalli/Before Ripening/20260530_201445.jpg,20260530_201445.jpg,.jpg,2562878,4608x2128,ok
Amrapalli,Before Ripening,Amrapalli/Before Ripening/20260530_201447.jpg,20260530_201447.jpg,.jpg,2432727,4608x2128,ok
Amrapalli,Before Ripening,Amrapalli/Before Ripening/20260530_201458.jpg,20260530_201458.jpg,.jpg,2658665,4608x2128,ok
Amrapalli,Before Ripening,Amrapalli/Before Ripening/20260530_201500.jpg,20260530_201500.jpg,.jpg,2747073,4608x2128,ok
Amrapalli,Before Ripening,Amrapalli/Before Ripening/20260530_201502.jpg,20260530_201502.jpg,.jpg,2694913,4608x2128,ok
Amrapalli,Before Ripening,Amrapalli/Before Ripening/20260530_201503.jpg,20260530_201503.jpg,.jpg,2707646,4608x2128,ok
Amrapalli,Before Ripening,Amrapalli/Before Ripening/20260530_201505.jpg,20260530_201505.jpg,.jpg,2731668,4608x2128,ok
Amrapalli,Before Ripening,Amrapalli/Before Ripening/20260530_201519.jpg,20260530_201519.jpg,.jpg,2863383,4608x2128,ok
Amrapalli,Before Ripening,Amrapalli/Before Ripening/20260530_201521.jpg,20260530_201521.jpg,.jpg,2831756,4608x2128,ok
Amrapalli,Before Ripening,Amrapalli/Before Ripening/20260530_201523.jpg,20260530_201523.jpg,.jpg,2820400,4608x2128,ok
Amrapalli,Before Ripening,Amrapalli/Before Ripening/20260530_201524.jpg,20260530_201524.jpg,.jpg,2846283,4608x2128,ok
Amrapalli,Before Ripening,Amrapalli/Before Ripening/20260530_201535.jpg,20260530_201535.jpg,.jpg,2548400,4608x2128,ok
Amrapalli,Before Ripening,Amrapalli/Before Ripening/20260530_201537.jpg,20260530_201537.jpg,.jpg,2566180,4608x2128,ok
Amrapalli,Before Ripening,Amrapalli/Before Ripening/20260530_202253.jpg,20260530_202253.jpg,.jpg,2412304,4608x2128,ok
Amrapalli,Before Ripening,Amrapalli/Before Ripening/20260530_202255.jpg,20260530_202255.jpg,.jpg,2520927,4608x2128,ok
Amrapalli,Before Ripening,Amrapalli/Before Ripening/20260530_202256.jpg,20260530_202256.jpg,.jpg,2511662,4608x2128,ok
Amrapalli,Before Ripening,Amrapalli/Before Ripening/20260530_202258.jpg,20260530_202258.jpg,.jpg,2467111,4608x2128,ok
Amrapalli,Before Ripening,Amrapalli/Before Ripening/20260530_202306.jpg,20260530_202306.jpg,.jpg,2442390,4608x2128,ok
Amrapalli,Before Ripening,Amrapalli/Before Ripening/20260530_202307.jpg,20260530_202307.jpg,.jpg,2495153,4608x2128,ok
Amrapalli,Before Ripening,Amrapalli/Before Ripening/20260530_202309.jpg,20260530_202309.jpg,.jpg,2602068,4608x2128,ok
Amrapalli,Before Ripening,Amrapalli/Before Ripening/20260530_202311.jpg,20260530_202311.jpg,.jpg,2446008,4608x2128,ok
Amrapalli,Before Ripening,Amrapalli/Before Ripening/20260530_202312.jpg,20260530_202312.jpg,.jpg,2603027,4608x2128,ok
Amrapalli,Before Ripening,Amrapalli/Before Ripening/20260530_202321.jpg,20260530_202321.jpg,.jpg,2582716,4608x2128,ok
Amrapalli,Before Ripening,Amrapalli/Before Ripening/20260530_202323.jpg,20260530_202323.jpg,.jpg,2620911,4608x2128,ok
Amrapalli,Before Ripening,Amrapalli/Before Ripening/20260530_202331.jpg,20260530_202331.jpg,.jpg,2550876,4608x2128,ok
Amrapalli,Before Ripening,Amrapalli/Before Ripening/20260530_202333.jpg,20260530_202333.jpg,.jpg,2639756,4608x2128,ok
Amrapalli,Before Ripening,Amrapalli/Before Ripening/20260530_202335.jpg,20260530_202335.jpg,.jpg,2630104,4608x2128,ok
Amrapalli,Before Ripening,Amrapalli/Before Ripening/20260530_202336.jpg,20260530_202336.jpg,.jpg,2635116,4608x2128,ok
Amrapalli,Before Ripening,Amrapalli/Before Ripening/20260530_202338.jpg,20260530_202338.jpg,.jpg,2582037,4608x2128,ok
Amrapalli,Before Ripening,Amrapalli/Before Ripening/20260530_202340.jpg,20260530_202340.jpg,.jpg,2605829,4608x2128,ok
Amrapalli,Before Ripening,Amrapalli/Before Ripening/20260530_202459.jpg,20260530_202459.jpg,.jpg,2425101,4608x2128,ok
Amrapalli,Before Ripening,Amrapalli/Before Ripening/20260530_202500.jpg,20260530_202500.jpg,.jpg,2397627,4608x2128,ok
Amrapalli,Before Ripening,Amrapalli/Before Ripening/20260530_202502.jpg,20260530_202502.jpg,.jpg,2498590,4608x2128,ok
Amrapalli,Before Ripening,Amrapalli/Before Ripening/20260530_202512.jpg,20260530_202512.jpg,.jpg,2674652,4608x2128,ok
Amrapalli,Before Ripening,Amrapalli/Before Ripening/20260530_202514.jpg,20260530_202514.jpg,.jpg,2669215,4608x2128,ok
Amrapalli,Before Ripening,Amrapalli/Before Ripening/20260530_202515.jpg,20260530_202515.jpg,.jpg,2746896,4608x2128,ok
Amrapalli,Before Ripening,Amrapalli/Before Ripening/20260530_202517.jpg,20260530_202517.jpg,.jpg,2737963,4608x2128,ok
Amrapalli,Before Ripening,Amrapalli/Before Ripening/20260530_202518.jpg,20260530_202518.jpg,.jpg,2496929,4608x2128,ok
Amrapalli,Before Ripening,Amrapalli/Before Ripening/20260530_202520.jpg,20260530_202520.jpg,.jpg,2748530,4608x2128,ok
Amrapalli,Before Ripening,Amrapalli/Before Ripening/20260530_202532.jpg,20260530_202532.jpg,.jpg,2401860,4608x2128,ok
Amrapalli,Before Ripening,Amrapalli/Before Ripening/20260530_202534.jpg,20260530_202534.jpg,.jpg,2762071,4608x2128,ok
Amrapalli,Before Ripening,Amrapalli/Before Ripening/20260530_202536.jpg,20260530_202536.jpg,.jpg,2626997,4608x2128,ok
Amrapalli,Before Ripening,Amrapalli/Before Ripening/20260530_202538.jpg,20260530_202538.jpg,.jpg,2753013,4608x2128,ok
Amrapalli,Before Ripening,Amrapalli/Before Ripening/20260530_202540.jpg,20260530_202540.jpg,.jpg,2738837,4608x2128,ok
Amrapalli,Before Ripening,Amrapalli/Before Ripening/20260530_202541.jpg,20260530_202541.jpg,.jpg,2741264,4608x2128,ok
Amrapalli,Before Ripening,Amrapalli/Before Ripening/20260530_202544.jpg,20260530_202544.jpg,.jpg,2748491,4608x2128,ok
Amrapalli,Before Ripening,Amrapalli/Before Ripening/20260530_202545.jpg,20260530_202545.jpg,.jpg,2739290,4608x2128,ok
Amrapalli,Before Ripening,Amrapalli/Before Ripening/20260530_202553.jpg,20260530_202553.jpg,.jpg,2456317,4608x2128,ok
Amrapalli,Before Ripening,Amrapalli/Before Ripening/20260530_202555.jpg,20260530_202555.jpg,.jpg,2362736,4608x2128,ok
Amrapalli,Before Ripening,Amrapalli/Before Ripening/20260530_202557.jpg,20260530_202557.jpg,.jpg,2524670,4608x2128,ok
Amrapalli,Before Ripening,Amrapalli/Before Ripening/20260530_202607.jpg,20260530_202607.jpg,.jpg,2620497,4608x2128,ok
Amrapalli,Before Ripening,Amrapalli/Before Ripening/20260530_202609.jpg,20260530_202609.jpg,.jpg,2648827,4608x2128,ok
Amrapalli,Before Ripening,Amrapalli/Before Ripening/20260530_202618.jpg,20260530_202618.jpg,.jpg,2509877,4608x2128,ok
Amrapalli,Before Ripening,Amrapalli/Before Ripening/20260530_202620.jpg,20260530_202620.jpg,.jpg,2437099,4608x2128,ok
Amrapalli,Before Ripening,Amrapalli/Before Ripening/20260530_202622.jpg,20260530_202622.jpg,.jpg,2543034,4608x2128,ok
Amrapalli,Before Ripening,Amrapalli/Before Ripening/20260530_202623.jpg,20260530_202623.jpg,.jpg,2539561,4608x2128,ok
Amrapalli,Before Ripening,Amrapalli/Before Ripening/20260530_202631.jpg,20260530_202631.jpg,.jpg,2544650,4608x2128,ok
Amrapalli,Before Ripening,Amrapalli/Before Ripening/20260530_202632.jpg,20260530_202632.jpg,.jpg,2548358,4608x2128,ok
Amrapalli,Before Ripening,Amrapalli/Before Ripening/20260530_202634.jpg,20260530_202634.jpg,.jpg,2590383,4608x2128,ok
Amrapalli,Before Ripening,Amrapalli/Before Ripening/20260530_202636.jpg,20260530_202636.jpg,.jpg,2597877,4608x2128,ok
Amrapalli,Before Ripening,Amrapalli/Before Ripening/20260530_202642.jpg,20260530_202642.jpg,.jpg,2473124,4608x2128,ok
Amrapalli,Before Ripening,Amrapalli/Before Ripening/20260530_202644.jpg,20260530_202644.jpg,.jpg,2593116,4608x2128,ok
Amrapalli,Before Ripening,Amrapalli/Before Ripening/20260530_202646.jpg,20260530_202646.jpg,.jpg,2570787,4608x2128,ok
Amrapalli,Before Ripening,Amrapalli/Before Ripening/20260530_202647.jpg,20260530_202647.jpg,.jpg,2528226,4608x2128,ok
Amrapalli,Before Ripening,Amrapalli/Before Ripening/20260530_202654.jpg,20260530_202654.jpg,.jpg,2477271,4608x2128,ok
Amrapalli,Before Ripening,Amrapalli/Before Ripening/20260530_202655.jpg,20260530_202655.jpg,.jpg,2468543,4608x2128,ok
Amrapalli,Before Ripening,Amrapalli/Before Ripening/20260530_202657.jpg,20260530_202657.jpg,.jpg,2534370,4608x2128,ok
Amrapalli,Before Ripening,Amrapalli/Before Ripening/20260531_174013.jpg,20260531_174013.jpg,.jpg,2519378,4608x2128,ok
Amrapalli,Before Ripening,Amrapalli/Before Ripening/20260531_174016.jpg,20260531_174016.jpg,.jpg,2515070,4608x2128,ok
Amrapalli,Before Ripening,Amrapalli/Before Ripening/20260531_174017.jpg,20260531_174017.jpg,.jpg,2552726,4608x2128,ok
Amrapalli,Before Ripening,Amrapalli/Before Ripening/20260531_174019.jpg,20260531_174019.jpg,.jpg,2586149,4608x2128,ok
Amrapalli,Before Ripening,Amrapalli/Before Ripening/20260531_174027.jpg,20260531_174027.jpg,.jpg,2415041,4608x2128,ok
Amrapalli,Before Ripening,Amrapalli/Before Ripening/20260531_174028.jpg,20260531_174028.jpg,.jpg,2562076,4608x2128,ok
Amrapalli,Before Ripening,Amrapalli/Before Ripening/20260531_174030.jpg,20260531_174030.jpg,.jpg,2589587,4608x2128,ok
Amrapalli,Before Ripening,Amrapalli/Before Ripening/20260531_174035.jpg,20260531_174035.jpg,.jpg,2558889,4608x2128,ok
Amrapalli,Before Ripening,Amrapalli/Before Ripening/20260531_174037.jpg,20260531_174037.jpg,.jpg,2600182,4608x2128,ok
Amrapalli,Before Ripening,Amrapalli/Before Ripening/20260531_174055.jpg,20260531_174055.jpg,.jpg,2867498,4608x2128,ok
Amrapalli,Before Ripening,Amrapalli/Before Ripening/20260531_174057.jpg,20260531_174057.jpg,.jpg,2873390,4608x2128,ok
Amrapalli,Before Ripening,Amrapalli/Before Ripening/20260531_174059.jpg,20260531_174059.jpg,.jpg,2839760,4608x2128,ok
Amrapalli,Before Ripening,Amrapalli/Before Ripening/20260531_174100.jpg,20260531_174100.jpg,.jpg,2898844,4608x2128,ok
Amrapalli,Before Ripening,Amrapalli/Before Ripening/20260531_174117.jpg,20260531_174117.jpg,.jpg,2926016,4608x2128,ok
Amrapalli,Before Ripening,Amrapalli/Before Ripening/20260531_174119.jpg,20260531_174119.jpg,.jpg,2905670,4608x2128,ok
Amrapalli,Before Ripening,Amrapalli/Before Ripening/20260531_174121.jpg,20260531_174121.jpg,.jpg,2927276,4608x2128,ok
Amrapalli,Before Ripening,Amrapalli/Before Ripening/20260531_174123.jpg,20260531_174123.jpg,.jpg,2947988,4608x2128,ok
Amrapalli,Before Ripening,Amrapalli/Before Ripening/20260531_174145.jpg,20260531_174145.jpg,.jpg,2582327,4608x2128,ok
Amrapalli,Before Ripening,Amrapalli/Before Ripening/20260531_174147.jpg,20260531_174147.jpg,.jpg,2605992,4608x2128,ok
Amrapalli,Before Ripening,Amrapalli/Before Ripening/20260531_174151.jpg,20260531_174151.jpg,.jpg,2501715,4608x2128,ok
Amrapalli,Before Ripening,Amrapalli/Before Ripening/20260531_174153.jpg,20260531_174153.jpg,.jpg,2512288,4608x2128,ok
Amrapalli,Before Ripening,Amrapalli/Before Ripening/20260531_174154.jpg,20260531_174154.jpg,.jpg,2533893,4608x2128,ok
Amrapalli,Before Ripening,Amrapalli/Before Ripening/20260531_174156.jpg,20260531_174156.jpg,.jpg,2575215,4608x2128,ok
Amrapalli,Before Ripening,Amrapalli/Before Ripening/20260531_174159.jpg,20260531_174159.jpg,.jpg,2565720,4608x2128,ok
Amrapalli,Before Ripening,Amrapalli/Before Ripening/20260531_174212.jpg,20260531_174212.jpg,.jpg,2723257,4608x2128,ok
Amrapalli,Before Ripening,Amrapalli/Before Ripening/20260531_174214.jpg,20260531_174214.jpg,.jpg,2762124,4608x2128,ok
Amrapalli,Before Ripening,Amrapalli/Before Ripening/20260531_174216.jpg,20260531_174216.jpg,.jpg,2783379,4608x2128,ok
Amrapalli,Before Ripening,Amrapalli/Before Ripening/20260531_174218.jpg,20260531_174218.jpg,.jpg,2783492,4608x2128,ok
Amrapalli,Before Ripening,Amrapalli/Before Ripening/20260531_174219.jpg,20260531_174219.jpg,.jpg,2752681,4608x2128,ok
Amrapalli,Before Ripening,Amrapalli/Before Ripening/20260531_174248.jpg,20260531_174248.jpg,.jpg,2480437,4608x2128,ok
Amrapalli,Before Ripening,Amrapalli/Before Ripening/20260531_174252.jpg,20260531_174252.jpg,.jpg,2775846,4608x2128,ok
Amrapalli,Before Ripening,Amrapalli/Before Ripening/20260531_174254.jpg,20260531_174254.jpg,.jpg,2820396,4608x2128,ok
Amrapalli,Before Ripening,Amrapalli/Before Ripening/20260531_174255.jpg,20260531_174255.jpg,.jpg,2799944,4608x2128,ok
Amrapalli,Before Ripening,Amrapalli/Before Ripening/20260531_174258.jpg,20260531_174258.jpg,.jpg,2632866,4608x2128,ok
Amrapalli,Before Ripening,Amrapalli/Before Ripening/20260531_174300.jpg,20260531_174300.jpg,.jpg,2553201,4608x2128,ok
Amrapalli,Before Ripening,Amrapalli/Before Ripening/20260531_174311.jpg,20260531_174311.jpg,.jpg,2536290,4608x2128,ok
Amrapalli,Before Ripening,Amrapalli/Before Ripening/20260531_174314.jpg,20260531_174314.jpg,.jpg,2615998,4608x2128,ok
Amrapalli,Before Ripening,Amrapalli/Before Ripening/20260531_174316.jpg,20260531_174316.jpg,.jpg,2507719,4608x2128,ok
Amrapalli,Before Ripening,Amrapalli/Before Ripening/20260531_174317.jpg,20260531_174317.jpg,.jpg,2529916,4608x2128,ok
Amrapalli,Before Ripening,Amrapalli/Before Ripening/20260531_174328.jpg,20260531_174328.jpg,.jpg,2706004,4608x2128,ok
Amrapalli,Before Ripening,Amrapalli/Before Ripening/20260531_174330.jpg,20260531_174330.jpg,.jpg,2731954,4608x2128,ok
Amrapalli,Before Ripening,Amrapalli/Before Ripening/20260531_174331.jpg,20260531_174331.jpg,.jpg,2722368,4608x2128,ok
Amrapalli,Before Ripening,Amrapalli/Before Ripening/20260531_174333.jpg,20260531_174333.jpg,.jpg,2696357,4608x2128,ok
Amrapalli,Before Ripening,Amrapalli/Before Ripening/20260531_174335.jpg,20260531_174335.jpg,.jpg,2720389,4608x2128,ok
Amrapalli,Before Ripening,Amrapalli/Before Ripening/20260531_174352.jpg,20260531_174352.jpg,.jpg,2436369,4608x2128,ok
Amrapalli,Before Ripening,Amrapalli/Before Ripening/20260531_174355.jpg,20260531_174355.jpg,.jpg,2524049,4608x2128,ok
Amrapalli,Before Ripening,Amrapalli/Before Ripening/20260531_174356.jpg,20260531_174356.jpg,.jpg,2598108,4608x2128,ok
Amrapalli,Before Ripening,Amrapalli/Before Ripening/20260531_174507.jpg,20260531_174507.jpg,.jpg,2521879,4608x2128,ok
Amrapalli,Before Ripening,Amrapalli/Before Ripening/20260531_174508.jpg,20260531_174508.jpg,.jpg,2620569,4608x2128,ok
Amrapalli,Before Ripening,Amrapalli/Before Ripening/20260531_174510.jpg,20260531_174510.jpg,.jpg,2615578,4608x2128,ok
Amrapalli,Before Ripening,Amrapalli/Before Ripening/20260531_174513.jpg,20260531_174513.jpg,.jpg,2581641,4608x2128,ok
Amrapalli,Before Ripening,Amrapalli/Before Ripening/20260531_174517.jpg,20260531_174517.jpg,.jpg,2526442,4608x2128,ok
Amrapalli,Before Ripening,Amrapalli/Before Ripening/20260531_174519.jpg,20260531_174519.jpg,.jpg,2519792,4608x2128,ok
Amrapalli,Before Ripening,Amrapalli/Before Ripening/20260531_174521.jpg,20260531_174521.jpg,.jpg,2528251,4608x2128,ok
Amrapalli,Before Ripening,Amrapalli/Before Ripening/20260531_174523.jpg,20260531_174523.jpg,.jpg,2528087,4608x2128,ok
Amrapalli,Before Ripening,Amrapalli/Before Ripening/20260531_174524.jpg,20260531_174524.jpg,.jpg,2531547,4608x2128,ok
Amrapalli,Before Ripening,Amrapalli/Before Ripening/20260531_174559.jpg,20260531_174559.jpg,.jpg,2730730,4608x2128,ok
Amrapalli,Before Ripening,Amrapalli/Before Ripening/20260531_174600.jpg,20260531_174600.jpg,.jpg,2709849,4608x2128,ok
Amrapalli,Before Ripening,Amrapalli/Before Ripening/20260531_174602.jpg,20260531_174602.jpg,.jpg,2778320,4608x2128,ok
Amrapalli,Before Ripening,Amrapalli/Before Ripening/20260531_174604.jpg,20260531_174604.jpg,.jpg,2705798,4608x2128,ok
Amrapalli,Before Ripening,Amrapalli/Before Ripening/20260531_174606.jpg,20260531_174606.jpg,.jpg,2730100,4608x2128,ok
Amrapalli,Before Ripening,Amrapalli/Before Ripening/20260531_174607.jpg,20260531_174607.jpg,.jpg,2718138,4608x2128,ok
Amrapalli,Before Ripening,Amrapalli/Before Ripening/20260531_174624.jpg,20260531_174624.jpg,.jpg,2786471,4608x2128,ok
Amrapalli,Before Ripening,Amrapalli/Before Ripening/20260531_174627.jpg,20260531_174627.jpg,.jpg,2835971,4608x2128,ok
Amrapalli,Before Ripening,Amrapalli/Before Ripening/20260531_174629.jpg,20260531_174629.jpg,.jpg,2770668,4608x2128,ok
Amrapalli,Before Ripening,Amrapalli/Before Ripening/20260531_174631.jpg,20260531_174631.jpg,.jpg,2789917,4608x2128,ok
Amrapalli,Before Ripening,Amrapalli/Before Ripening/20260531_174633.jpg,20260531_174633.jpg,.jpg,2789048,4608x2128,ok
Amrapalli,Before Ripening,Amrapalli/Before Ripening/20260531_174635.jpg,20260531_174635.jpg,.jpg,2742704,4608x2128,ok
Amrapalli,Before Ripening,Amrapalli/Before Ripening/20260531_174637.jpg,20260531_174637.jpg,.jpg,2660338,4608x2128,ok
Amrapalli,Before Ripening,Amrapalli/Before Ripening/20260531_174658.jpg,20260531_174658.jpg,.jpg,1677431,4608x2128,ok
Amrapalli,Before Ripening,Amrapalli/Before Ripening/20260531_174700.jpg,20260531_174700.jpg,.jpg,1846403,4608x2128,ok
Amrapalli,Before Ripening,Amrapalli/Before Ripening/20260531_174703.jpg,20260531_174703.jpg,.jpg,2321718,4608x2128,ok
Amrapalli,Before Ripening,Amrapalli/Before Ripening/20260531_174705.jpg,20260531_174705.jpg,.jpg,2615855,4608x2128,ok
Amrapalli,Before Ripening,Amrapalli/Before Ripening/20260531_174707.jpg,20260531_174707.jpg,.jpg,2272120,4608x2128,ok
Amrapalli,Before Ripening,Amrapalli/Before Ripening/20260531_174724.jpg,20260531_174724.jpg,.jpg,1732503,4608x2128,ok
Amrapalli,Before Ripening,Amrapalli/Before Ripening/20260531_174731.jpg,20260531_174731.jpg,.jpg,2616922,4608x2128,ok
Amrapalli,Before Ripening,Amrapalli/Before Ripening/20260531_174732.jpg,20260531_174732.jpg,.jpg,2625558,4608x2128,ok
Amrapalli,Before Ripening,Amrapalli/Before Ripening/20260531_174734.jpg,20260531_174734.jpg,.jpg,2614756,4608x2128,ok
Amrapalli,Before Ripening,Amrapalli/Before Ripening/20260531_174736.jpg,20260531_174736.jpg,.jpg,2574762,4608x2128,ok
Amrapalli,Before Ripening,Amrapalli/Before Ripening/20260531_174738.jpg,20260531_174738.jpg,.jpg,2495840,4608x2128,ok
Amrapalli,Before Ripening,Amrapalli/Before Ripening/20260531_174750.jpg,20260531_174750.jpg,.jpg,2687574,4608x2128,ok
Amrapalli,Before Ripening,Amrapalli/Before Ripening/20260531_174752.jpg,20260531_174752.jpg,.jpg,2777624,4608x2128,ok
Amrapalli,Before Ripening,Amrapalli/Before Ripening/20260531_174753.jpg,20260531_174753.jpg,.jpg,2752769,4608x2128,ok
Amrapalli,Before Ripening,Amrapalli/Before Ripening/20260531_174755.jpg,20260531_174755.jpg,.jpg,2713719,4608x2128,ok
Amrapalli,Before Ripening,Amrapalli/Before Ripening/20260531_174756.jpg,20260531_174756.jpg,.jpg,2758840,4608x2128,ok
Amrapalli,Before Ripening,Amrapalli/Before Ripening/20260531_174758.jpg,20260531_174758.jpg,.jpg,2738401,4608x2128,ok
Amrapalli,Before Ripening,Amrapalli/Before Ripening/20260531_174800.jpg,20260531_174800.jpg,.jpg,2729966,4608x2128,ok
Amrapalli,Before Ripening,Amrapalli/Before Ripening/20260531_174826.jpg,20260531_174826.jpg,.jpg,2766844,4608x2128,ok
Amrapalli,Before Ripening,Amrapalli/Before Ripening/20260531_174828.jpg,20260531_174828.jpg,.jpg,2905344,4608x2128,ok
Amrapalli,Before Ripening,Amrapalli/Before Ripening/20260531_174830.jpg,20260531_174830.jpg,.jpg,2840982,4608x2128,ok
Amrapalli,Before Ripening,Amrapalli/Before Ripening/20260531_174832.jpg,20260531_174832.jpg,.jpg,2808339,4608x2128,ok
Amrapalli,Before Ripening,Amrapalli/Before Ripening/20260531_174833.jpg,20260531_174833.jpg,.jpg,2889969,4608x2128,ok
Amrapalli,Before Ripening,Amrapalli/Before Ripening/20260531_174835.jpg,20260531_174835.jpg,.jpg,2841836,4608x2128,ok
Amrapalli,Before Ripening,Amrapalli/Before Ripening/20260531_174837.jpg,20260531_174837.jpg,.jpg,2816066,4608x2128,ok
Amrapalli,Before Ripening,Amrapalli/Before Ripening/20260531_174839.jpg,20260531_174839.jpg,.jpg,2829871,4608x2128,ok
Amrapalli,Before Ripening,Amrapalli/Before Ripening/20260531_174851.jpg,20260531_174851.jpg,.jpg,2517094,4608x2128,ok
Amrapalli,Before Ripening,Amrapalli/Before Ripening/20260531_174853.jpg,20260531_174853.jpg,.jpg,2587527,4608x2128,ok
Amrapalli,Before Ripening,Amrapalli/Before Ripening/20260531_174855.jpg,20260531_174855.jpg,.jpg,2615983,4608x2128,ok
Amrapalli,Before Ripening,Amrapalli/Before Ripening/20260531_174857.jpg,20260531_174857.jpg,.jpg,2599566,4608x2128,ok
Amrapalli,Before Ripening,Amrapalli/Before Ripening/20260531_174906.jpg,20260531_174906.jpg,.jpg,2698031,4608x2128,ok
Amrapalli,Before Ripening,Amrapalli/Before Ripening/20260531_174908.jpg,20260531_174908.jpg,.jpg,2739893,4608x2128,ok
Amrapalli,Before Ripening,Amrapalli/Before Ripening/20260531_174910.jpg,20260531_174910.jpg,.jpg,2724476,4608x2128,ok
Amrapalli,Before Ripening,Amrapalli/Before Ripening/20260531_174942.jpg,20260531_174942.jpg,.jpg,2557217,4608x2128,ok
Amrapalli,Before Ripening,Amrapalli/Before Ripening/20260531_174944.jpg,20260531_174944.jpg,.jpg,2552994,4608x2128,ok
Amrapalli,Before Ripening,Amrapalli/Before Ripening/20260531_174950.jpg,20260531_174950.jpg,.jpg,2549744,4608x2128,ok
Amrapalli,Before Ripening,Amrapalli/Before Ripening/20260531_174954.jpg,20260531_174954.jpg,.jpg,2535423,4608x2128,ok
Amrapalli,Before Ripening,Amrapalli/Before Ripening/20260531_174956.jpg,20260531_174956.jpg,.jpg,2512380,4608x2128,ok
Amrapalli,Before Ripening,Amrapalli/Before Ripening/20260531_174958.jpg,20260531_174958.jpg,.jpg,2553912,4608x2128,ok
Amrapalli,Before Ripening,Amrapalli/Before Ripening/20260531_174959.jpg,20260531_174959.jpg,.jpg,2567153,4608x2128,ok
Amrapalli,Before Ripening,Amrapalli/Before Ripening/20260531_175003.jpg,20260531_175003.jpg,.jpg,2546062,4608x2128,ok
Amrapalli,Before Ripening,Amrapalli/Before Ripening/20260531_175004.jpg,20260531_175004.jpg,.jpg,2542193,4608x2128,ok
Amrapalli,Before Ripening,Amrapalli/Before Ripening/20260531_175017.jpg,20260531_175017.jpg,.jpg,2656552,4608x2128,ok
Amrapalli,Before Ripening,Amrapalli/Before Ripening/20260531_175019.jpg,20260531_175019.jpg,.jpg,2818944,4608x2128,ok
Amrapalli,Before Ripening,Amrapalli/Before Ripening/20260531_175021.jpg,20260531_175021.jpg,.jpg,2539489,4608x2128,ok
Amrapalli,Before Ripening,Amrapalli/Before Ripening/20260531_175022.jpg,20260531_175022.jpg,.jpg,2760055,4608x2128,ok
Amrapalli,Before Ripening,Amrapalli/Before Ripening/20260531_175024.jpg,20260531_175024.jpg,.jpg,2784757,4608x2128,ok
Amrapalli,Before Ripening,Amrapalli/Before Ripening/20260531_175044.jpg,20260531_175044.jpg,.jpg,2883099,4608x2128,ok
Amrapalli,Before Ripening,Amrapalli/Before Ripening/20260531_175050.jpg,20260531_175050.jpg,.jpg,2728683,4608x2128,ok
Amrapalli,Before Ripening,Amrapalli/Before Ripening/20260531_175052.jpg,20260531_175052.jpg,.jpg,2779819,4608x2128,ok
Amrapalli,Before Ripening,Amrapalli/Before Ripening/20260531_175054.jpg,20260531_175054.jpg,.jpg,2759646,4608x2128,ok
Amrapalli,Before Ripening,Amrapalli/Before Ripening/20260531_175056.jpg,20260531_175056.jpg,.jpg,2756153,4608x2128,ok
Amrapalli,Before Ripening,Amrapalli/Before Ripening/20260531_175058.jpg,20260531_175058.jpg,.jpg,2697948,4608x2128,ok
Amrapalli,Before Ripening,Amrapalli/Before Ripening/20260531_175059.jpg,20260531_175059.jpg,.jpg,2747896,4608x2128,ok
Amrapalli,Before Ripening,Amrapalli/Before Ripening/20260531_175101.jpg,20260531_175101.jpg,.jpg,2652492,4608x2128,ok
Amrapalli,Before Ripening,Amrapalli/Before Ripening/20260531_175113.jpg,20260531_175113.jpg,.jpg,2413778,4608x2128,ok
Amrapalli,Before Ripening,Amrapalli/Before Ripening/20260531_175115.jpg,20260531_175115.jpg,.jpg,2627340,4608x2128,ok
Amrapalli,Before Ripening,Amrapalli/Before Ripening/20260531_175117.jpg,20260531_175117.jpg,.jpg,2610352,4608x2128,ok
Amrapalli,Before Ripening,Amrapalli/Before Ripening/20260531_175118.jpg,20260531_175118.jpg,.jpg,2633463,4608x2128,ok
Amrapalli,Before Ripening,Amrapalli/Before Ripening/20260531_175120.jpg,20260531_175120.jpg,.jpg,2621466,4608x2128,ok
Amrapalli,Before Ripening,Amrapalli/Before Ripening/20260531_175121.jpg,20260531_175121.jpg,.jpg,2622963,4608x2128,ok
Amrapalli,Before Ripening,Amrapalli/Before Ripening/20260531_175130.jpg,20260531_175130.jpg,.jpg,2718771,4608x2128,ok
Amrapalli,Before Ripening,Amrapalli/Before Ripening/20260531_175132.jpg,20260531_175132.jpg,.jpg,2697050,4608x2128,ok
Amrapalli,Before Ripening,Amrapalli/Before Ripening/20260531_175134.jpg,20260531_175134.jpg,.jpg,2753910,4608x2128,ok
Amrapalli,Before Ripening,Amrapalli/Before Ripening/20260531_175135.jpg,20260531_175135.jpg,.jpg,2745905,4608x2128,ok
Amrapalli,Before Ripening,Amrapalli/Before Ripening/20260531_175150.jpg,20260531_175150.jpg,.jpg,2708249,4608x2128,ok
Amrapalli,Before Ripening,Amrapalli/Before Ripening/20260531_175152.jpg,20260531_175152.jpg,.jpg,2634919,4608x2128,ok
Amrapalli,Before Ripening,Amrapalli/Before Ripening/20260531_175154.jpg,20260531_175154.jpg,.jpg,2704686,4608x2128,ok
Amrapalli,Before Ripening,Amrapalli/Before Ripening/20260531_175156.jpg,20260531_175156.jpg,.jpg,2678930,4608x2128,ok
Amrapalli,Before Ripening,Amrapalli/Before Ripening/20260531_175209.jpg,20260531_175209.jpg,.jpg,2542258,4608x2128,ok
Amrapalli,Before Ripening,Amrapalli/Before Ripening/20260531_175211.jpg,20260531_175211.jpg,.jpg,2602328,4608x2128,ok
Amrapalli,Before Ripening,Amrapalli/Before Ripening/20260531_175213.jpg,20260531_175213.jpg,.jpg,2604517,4608x2128,ok
Amrapalli,Before Ripening,Amrapalli/Before Ripening/20260531_175215.jpg,20260531_175215.jpg,.jpg,2605610,4608x2128,ok
Amrapalli,Before Ripening,Amrapalli/Before Ripening/20260531_175216.jpg,20260531_175216.jpg,.jpg,2593766,4608x2128,ok
Amrapalli,Before Ripening,Amrapalli/Before Ripening/20260531_175219.jpg,20260531_175219.jpg,.jpg,2577659,4608x2128,ok
Amrapalli,Before Ripening,Amrapalli/Before Ripening/20260531_175221.jpg,20260531_175221.jpg,.jpg,2599807,4608x2128,ok
Amrapalli,Before Ripening,Amrapalli/Before Ripening/20260531_175224.jpg,20260531_175224.jpg,.jpg,2551556,4608x2128,ok
Amrapalli,Before Ripening,Amrapalli/Before Ripening/20260531_175234.jpg,20260531_175234.jpg,.jpg,2684084,4608x2128,ok
Amrapalli,Before Ripening,Amrapalli/Before Ripening/20260531_175236.jpg,20260531_175236.jpg,.jpg,2739713,4608x2128,ok
Amrapalli,Before Ripening,Amrapalli/Before Ripening/20260531_175238.jpg,20260531_175238.jpg,.jpg,2747940,4608x2128,ok
Amrapalli,Before Ripening,Amrapalli/Before Ripening/20260531_175252.jpg,20260531_175252.jpg,.jpg,2688091,4608x2128,ok
Amrapalli,Before Ripening,Amrapalli/Before Ripening/20260531_175256.jpg,20260531_175256.jpg,.jpg,2563271,4608x2128,ok
Amrapalli,Before Ripening,Amrapalli/Before Ripening/20260531_175258.jpg,20260531_175258.jpg,.jpg,2717295,4608x2128,ok
Amrapalli,Before Ripening,Amrapalli/Before Ripening/20260531_175349.jpg,20260531_175349.jpg,.jpg,2501556,4608x2128,ok
Amrapalli,Before Ripening,Amrapalli/Before Ripening/20260531_175352.jpg,20260531_175352.jpg,.jpg,2570167,4608x2128,ok
Amrapalli,Before Ripening,Amrapalli/Before Ripening/20260531_175354.jpg,20260531_175354.jpg,.jpg,2508261,4608x2128,ok
Amrapalli,Before Ripening,Amrapalli/Before Ripening/20260531_175355.jpg,20260531_175355.jpg,.jpg,2554887,4608x2128,ok
Amrapalli,Before Ripening,Amrapalli/Before Ripening/20260531_175357.jpg,20260531_175357.jpg,.jpg,2570822,4608x2128,ok
Amrapalli,Before Ripening,Amrapalli/Before Ripening/20260531_175359.jpg,20260531_175359.jpg,.jpg,2589820,4608x2128,ok
Amrapalli,Before Ripening,Amrapalli/Before Ripening/20260531_175403.jpg,20260531_175403.jpg,.jpg,2556344,4608x2128,ok
Amrapalli,Before Ripening,Amrapalli/Before Ripening/20260531_175404.jpg,20260531_175404.jpg,.jpg,2485065,4608x2128,ok
Amrapalli,Before Ripening,Amrapalli/Before Ripening/20260531_175406.jpg,20260531_175406.jpg,.jpg,2566727,4608x2128,ok
Amrapalli,Before Ripening,Amrapalli/Before Ripening/20260531_175420.jpg,20260531_175420.jpg,.jpg,2700111,4608x2128,ok
Amrapalli,Before Ripening,Amrapalli/Before Ripening/20260531_175422.jpg,20260531_175422.jpg,.jpg,2834889,4608x2128,ok
Amrapalli,Before Ripening,Amrapalli/Before Ripening/20260531_175423.jpg,20260531_175423.jpg,.jpg,2803385,4608x2128,ok
Amrapalli,Before Ripening,Amrapalli/Before Ripening/20260531_175425.jpg,20260531_175425.jpg,.jpg,2816071,4608x2128,ok
Amrapalli,Before Ripening,Amrapalli/Before Ripening/20260531_175427.jpg,20260531_175427.jpg,.jpg,2794339,4608x2128,ok
Amrapalli,Before Ripening,Amrapalli/Before Ripening/20260531_175441.jpg,20260531_175441.jpg,.jpg,2735300,4608x2128,ok
Amrapalli,Before Ripening,Amrapalli/Before Ripening/20260531_175443.jpg,20260531_175443.jpg,.jpg,2749099,4608x2128,ok
Amrapalli,Before Ripening,Amrapalli/Before Ripening/20260531_175444.jpg,20260531_175444.jpg,.jpg,2726274,4608x2128,ok
Amrapalli,Before Ripening,Amrapalli/Before Ripening/20260531_175446.jpg,20260531_175446.jpg,.jpg,2741106,4608x2128,ok
Amrapalli,Before Ripening,Amrapalli/Before Ripening/20260531_175449.jpg,20260531_175449.jpg,.jpg,2705322,4608x2128,ok
Amrapalli,Before Ripening,Amrapalli/Before Ripening/20260531_175452.jpg,20260531_175452.jpg,.jpg,2702576,4608x2128,ok
Amrapalli,Before Ripening,Amrapalli/Before Ripening/20260531_175454.jpg,20260531_175454.jpg,.jpg,2529426,4608x2128,ok
Amrapalli,Before Ripening,Amrapalli/Before Ripening/20260531_175457.jpg,20260531_175457.jpg,.jpg,2776360,4608x2128,ok
Amrapalli,Before Ripening,Amrapalli/Before Ripening/20260531_175459.jpg,20260531_175459.jpg,.jpg,2795922,4608x2128,ok
Amrapalli,Before Ripening,Amrapalli/Before Ripening/20260531_175502.jpg,20260531_175502.jpg,.jpg,2787876,4608x2128,ok
Amrapalli,Before Ripening,Amrapalli/Before Ripening/20260531_175504.jpg,20260531_175504.jpg,.jpg,2760052,4608x2128,ok
Amrapalli,Before Ripening,Amrapalli/Before Ripening/20260531_175519.jpg,20260531_175519.jpg,.jpg,2532630,4608x2128,ok
Amrapalli,Before Ripening,Amrapalli/Before Ripening/20260531_175522.jpg,20260531_175522.jpg,.jpg,2557720,4608x2128,ok
Amrapalli,Before Ripening,Amrapalli/Before Ripening/20260531_175525.jpg,20260531_175525.jpg,.jpg,2586528,4608x2128,ok
Amrapalli,Before Ripening,Amrapalli/Before Ripening/20260531_175527.jpg,20260531_175527.jpg,.jpg,2558740,4608x2128,ok
Amrapalli,Before Ripening,Amrapalli/Before Ripening/20260531_175528.jpg,20260531_175528.jpg,.jpg,2591214,4608x2128,ok
Amrapalli,Before Ripening,Amrapalli/Before Ripening/20260531_175538.jpg,20260531_175538.jpg,.jpg,2609351,4608x2128,ok
Amrapalli,Before Ripening,Amrapalli/Before Ripening/20260531_175541.jpg,20260531_175541.jpg,.jpg,2782015,4608x2128,ok
Amrapalli,Before Ripening,Amrapalli/Before Ripening/20260531_175543.jpg,20260531_175543.jpg,.jpg,2797005,4608x2128,ok
Amrapalli,Before Ripening,Amrapalli/Before Ripening/20260531_175544.jpg,20260531_175544.jpg,.jpg,2795916,4608x2128,ok
Amrapalli,Before Ripening,Amrapalli/Before Ripening/20260531_175546.jpg,20260531_175546.jpg,.jpg,2797635,4608x2128,ok
Amrapalli,Before Ripening,Amrapalli/Before Ripening/20260531_175548.jpg,20260531_175548.jpg,.jpg,2753074,4608x2128,ok
Amrapalli,Before Ripening,Amrapalli/Before Ripening/20260531_175550.jpg,20260531_175550.jpg,.jpg,2739281,4608x2128,ok
Amrapalli,Before Ripening,Amrapalli/Before Ripening/20260531_175551.jpg,20260531_175551.jpg,.jpg,2802167,4608x2128,ok
Amrapalli,Before Ripening,Amrapalli/Before Ripening/20260531_175605.jpg,20260531_175605.jpg,.jpg,2519581,4608x2128,ok
Amrapalli,Before Ripening,Amrapalli/Before Ripening/20260531_175608.jpg,20260531_175608.jpg,.jpg,2573369,4608x2128,ok
Amrapalli,Before Ripening,Amrapalli/Before Ripening/20260531_175610.jpg,20260531_175610.jpg,.jpg,2575582,4608x2128,ok
Amrapalli,Before Ripening,Amrapalli/Before Ripening/20260531_175613.jpg,20260531_175613.jpg,.jpg,2552855,4608x2128,ok
Amrapalli,Before Ripening,Amrapalli/Before Ripening/20260531_175616.jpg,20260531_175616.jpg,.jpg,2570669,4608x2128,ok
Amrapalli,Before Ripening,Amrapalli/Before Ripening/20260531_175617.jpg,20260531_175617.jpg,.jpg,2705136,4608x2128,ok
Amrapalli,Before Ripening,Amrapalli/Before Ripening/20260531_175619.jpg,20260531_175619.jpg,.jpg,2696459,4608x2128,ok
Amrapalli,Before Ripening,Amrapalli/Before Ripening/20260531_175620.jpg,20260531_175620.jpg,.jpg,2691713,4608x2128,ok
Amrapalli,Before Ripening,Amrapalli/Before Ripening/20260531_175634.jpg,20260531_175634.jpg,.jpg,2587477,4608x2128,ok
Amrapalli,Before Ripening,Amrapalli/Before Ripening/20260531_175651.jpg,20260531_175651.jpg,.jpg,2455599,4608x2128,ok
Amrapalli,Before Ripening,Amrapalli/Before Ripening/20260531_175652.jpg,20260531_175652.jpg,.jpg,2563289,4608x2128,ok
Amrapalli,Before Ripening,Amrapalli/Before Ripening/20260531_175654.jpg,20260531_175654.jpg,.jpg,2604051,4608x2128,ok
Amrapalli,Before Ripening,Amrapalli/Before Ripening/20260531_175656.jpg,20260531_175656.jpg,.jpg,2638118,4608x2128,ok
Amrapalli,Before Ripening,Amrapalli/Before Ripening/20260531_175657.jpg,20260531_175657.jpg,.jpg,2621559,4608x2128,ok
Amrapalli,Before Ripening,Amrapalli/Before Ripening/20260531_175659.jpg,20260531_175659.jpg,.jpg,2629942,4608x2128,ok
Amrapalli,Before Ripening,Amrapalli/Before Ripening/20260531_175701.jpg,20260531_175701.jpg,.jpg,2599951,4608x2128,ok
Amrapalli,Before Ripening,Amrapalli/Before Ripening/20260531_175703.jpg,20260531_175703.jpg,.jpg,2610591,4608x2128,ok
Amrapalli,Before Ripening,Amrapalli/Before Ripening/20260531_175715.jpg,20260531_175715.jpg,.jpg,2567503,4608x2128,ok
Amrapalli,Before Ripening,Amrapalli/Before Ripening/20260531_175717.jpg,20260531_175717.jpg,.jpg,2692512,4608x2128,ok
Amrapalli,Before Ripening,Amrapalli/Before Ripening/20260531_175719.jpg,20260531_175719.jpg,.jpg,2673540,4608x2128,ok
Amrapalli,Before Ripening,Amrapalli/Before Ripening/20260531_175721.jpg,20260531_175721.jpg,.jpg,2686406,4608x2128,ok
Amrapalli,Before Ripening,Amrapalli/Before Ripening/20260531_175723.jpg,20260531_175723.jpg,.jpg,2641392,4608x2128,ok
Amrapalli,Before Ripening,Amrapalli/Before Ripening/20260531_175724.jpg,20260531_175724.jpg,.jpg,2564521,4608x2128,ok
Amrapalli,Before Ripening,Amrapalli/Before Ripening/20260531_175726.jpg,20260531_175726.jpg,.jpg,2606367,4608x2128,ok
Amrapalli,Before Ripening,Amrapalli/Before Ripening/20260531_175728.jpg,20260531_175728.jpg,.jpg,2612180,4608x2128,ok
Amrapalli,Before Ripening,Amrapalli/Before Ripening/20260531_175747.jpg,20260531_175747.jpg,.jpg,2568256,4608x2128,ok
Amrapalli,Before Ripening,Amrapalli/Before Ripening/20260531_175748.jpg,20260531_175748.jpg,.jpg,2783609,4608x2128,ok
Amrapalli,Before Ripening,Amrapalli/Before Ripening/20260531_175750.jpg,20260531_175750.jpg,.jpg,2710486,4608x2128,ok
Amrapalli,Before Ripening,Amrapalli/Before Ripening/20260531_175752.jpg,20260531_175752.jpg,.jpg,2772320,4608x2128,ok
Amrapalli,Before Ripening,Amrapalli/Before Ripening/20260531_175753.jpg,20260531_175753.jpg,.jpg,2760452,4608x2128,ok
Amrapalli,Before Ripening,Amrapalli/Before Ripening/20260531_175755.jpg,20260531_175755.jpg,.jpg,2755408,4608x2128,ok
Amrapalli,Before Ripening,Amrapalli/Before Ripening/20260531_175757.jpg,20260531_175757.jpg,.jpg,2781242,4608x2128,ok
Amrapalli,Before Ripening,Amrapalli/Before Ripening/20260531_175807.jpg,20260531_175807.jpg,.jpg,2500883,4608x2128,ok
Amrapalli,Before Ripening,Amrapalli/Before Ripening/20260531_175809.jpg,20260531_175809.jpg,.jpg,2610856,4608x2128,ok
Amrapalli,Before Ripening,Amrapalli/Before Ripening/20260531_175810.jpg,20260531_175810.jpg,.jpg,2638320,4608x2128,ok
Amrapalli,Before Ripening,Amrapalli/Before Ripening/20260531_175812.jpg,20260531_175812.jpg,.jpg,2569574,4608x2128,ok
Amrapalli,Before Ripening,Amrapalli/Before Ripening/20260531_175813.jpg,20260531_175813.jpg,.jpg,2617549,4608x2128,ok
Amrapalli,Before Ripening,Amrapalli/Before Ripening/20260531_175815.jpg,20260531_175815.jpg,.jpg,2605264,4608x2128,ok
Amrapalli,Before Ripening,Amrapalli/Before Ripening/20260610_50621pmByGPSMapCamera.jpg,20260610_50621pmByGPSMapCamera.jpg,.jpg,6163906,3456x4608,ok
Amrapalli,Before Ripening,Amrapalli/Before Ripening/20260610_50626pmByGPSMapCamera.jpg,20260610_50626pmByGPSMapCamera.jpg,.jpg,6120107,3456x4608,ok
Amrapalli,Before Ripening,Amrapalli/Before Ripening/20260610_50710pmByGPSMapCamera.jpg,20260610_50710pmByGPSMapCamera.jpg,.jpg,6187478,3456x4608,ok
Amrapalli,Before Ripening,Amrapalli/Before Ripening/20260610_50712pmByGPSMapCamera.jpg,20260610_50712pmByGPSMapCamera.jpg,.jpg,6193074,3456x4608,ok
Amrapalli,Before Ripening,Amrapalli/Before Ripening/20260610_50721pmByGPSMapCamera.jpg,20260610_50721pmByGPSMapCamera.jpg,.jpg,6559557,3456x4608,ok
Amrapalli,Before Ripening,Amrapalli/Before Ripening/20260610_50724pmByGPSMapCamera.jpg,20260610_50724pmByGPSMapCamera.jpg,.jpg,6692094,3456x4608,ok
Amrapalli,Before Ripening,Amrapalli/Before Ripening/20260610_50736pmByGPSMapCamera.jpg,20260610_50736pmByGPSMapCamera.jpg,.jpg,6633230,3456x4608,ok
Amrapalli,Before Ripening,Amrapalli/Before Ripening/20260610_50738pmByGPSMapCamera.jpg,20260610_50738pmByGPSMapCamera.jpg,.jpg,6791615,3456x4608,ok
Amrapalli,Before Ripening,Amrapalli/Before Ripening/20260610_50744pmByGPSMapCamera.jpg,20260610_50744pmByGPSMapCamera.jpg,.jpg,6228264,3456x4608,ok
Amrapalli,Before Ripening,Amrapalli/Before Ripening/20260610_50746pmByGPSMapCamera.jpg,20260610_50746pmByGPSMapCamera.jpg,.jpg,6289058,3456x4608,ok
Amrapalli,Before Ripening,Amrapalli/Before Ripening/20260610_50757pmByGPSMapCamera.jpg,20260610_50757pmByGPSMapCamera.jpg,.jpg,6537755,3456x4608,ok
Amrapalli,Before Ripening,Amrapalli/Before Ripening/20260610_50803pmByGPSMapCamera.jpg,20260610_50803pmByGPSMapCamera.jpg,.jpg,6362003,3456x4608,ok
Amrapalli,Before Ripening,Amrapalli/Before Ripening/20260610_50805pmByGPSMapCamera.jpg,20260610_50805pmByGPSMapCamera.jpg,.jpg,6277244,3456x4608,ok
Amrapalli,Before Ripening,Amrapalli/Before Ripening/20260610_50821pmByGPSMapCamera.jpg,20260610_50821pmByGPSMapCamera.jpg,.jpg,6180221,3456x4608,ok
Amrapalli,Before Ripening,Amrapalli/Before Ripening/20260610_50824pmByGPSMapCamera.jpg,20260610_50824pmByGPSMapCamera.jpg,.jpg,6224521,3456x4608,ok
Amrapalli,Before Ripening,Amrapalli/Before Ripening/20260610_50831pmByGPSMapCamera.jpg,20260610_50831pmByGPSMapCamera.jpg,.jpg,6229925,3456x4608,ok
Amrapalli,Before Ripening,Amrapalli/Before Ripening/20260610_50833pmByGPSMapCamera.jpg,20260610_50833pmByGPSMapCamera.jpg,.jpg,6210050,3456x4608,ok
Amrapalli,Before Ripening,Amrapalli/Before Ripening/20260610_50836pmByGPSMapCamera.jpg,20260610_50836pmByGPSMapCamera.jpg,.jpg,6116475,3456x4608,ok
Amrapalli,Before Ripening,Amrapalli/Before Ripening/20260610_50921pmByGPSMapCamera.jpg,20260610_50921pmByGPSMapCamera.jpg,.jpg,8541034,3456x4608,ok
Amrapalli,Before Ripening,Amrapalli/Before Ripening/20260610_50924pmByGPSMapCamera.jpg,20260610_50924pmByGPSMapCamera.jpg,.jpg,8570048,3456x4608,ok
Amrapalli,Before Ripening,Amrapalli/Before Ripening/20260610_50944pmByGPSMapCamera.jpg,20260610_50944pmByGPSMapCamera.jpg,.jpg,9223245,3456x4608,ok
Amrapalli,Before Ripening,Amrapalli/Before Ripening/20260610_52524pmByGPSMapCamera.jpg,20260610_52524pmByGPSMapCamera.jpg,.jpg,8577764,3456x4608,ok
Amrapalli,Before Ripening,Amrapalli/Before Ripening/20260610_52527pmByGPSMapCamera.jpg,20260610_52527pmByGPSMapCamera.jpg,.jpg,9045682,3456x4608,ok
Amrapalli,Before Ripening,Amrapalli/Before Ripening/20260610_52557pmByGPSMapCamera.jpg,20260610_52557pmByGPSMapCamera.jpg,.jpg,6447957,3456x4608,ok
Amrapalli,Before Ripening,Amrapalli/Before Ripening/20260610_52643pmByGPSMapCamera.jpg,20260610_52643pmByGPSMapCamera.jpg,.jpg,6050159,3456x4608,ok
Amrapalli,Before Ripening,Amrapalli/Before Ripening/20260610_52646pmByGPSMapCamera.jpg,20260610_52646pmByGPSMapCamera.jpg,.jpg,5952582,3456x4608,ok
Amrapalli,Before Ripening,Amrapalli/Before Ripening/20260610_52728pmByGPSMapCamera.jpg,20260610_52728pmByGPSMapCamera.jpg,.jpg,8628878,3456x4608,ok
Amrapalli,Before Ripening,Amrapalli/Before Ripening/20260610_52731pmByGPSMapCamera.jpg,20260610_52731pmByGPSMapCamera.jpg,.jpg,8717193,3456x4608,ok
Amrapalli,Before Ripening,Amrapalli/Before Ripening/20260610_52747pmByGPSMapCamera.jpg,20260610_52747pmByGPSMapCamera.jpg,.jpg,9152379,3456x4608,ok
Amrapalli,Before Ripening,Amrapalli/Before Ripening/20260610_52750pmByGPSMapCamera.jpg,20260610_52750pmByGPSMapCamera.jpg,.jpg,9795773,3456x4608,ok
Amrapalli,Before Ripening,Amrapalli/Before Ripening/20260610_52753pmByGPSMapCamera.jpg,20260610_52753pmByGPSMapCamera.jpg,.jpg,9985376,3456x4608,ok
Amrapalli,Before Ripening,Amrapalli/Before Ripening/20260610_52807pmByGPSMapCamera.jpg,20260610_52807pmByGPSMapCamera.jpg,.jpg,6309943,3456x4608,ok
Amrapalli,Before Ripening,Amrapalli/Before Ripening/20260610_52811pmByGPSMapCamera.jpg,20260610_52811pmByGPSMapCamera.jpg,.jpg,6377658,3456x4608,ok
Amrapalli,Before Ripening,Amrapalli/Before Ripening/20260610_52852pmByGPSMapCamera.jpg,20260610_52852pmByGPSMapCamera.jpg,.jpg,6177960,3456x4608,ok
Amrapalli,Before Ripening,Amrapalli/Before Ripening/20260610_52854pmByGPSMapCamera.jpg,20260610_52854pmByGPSMapCamera.jpg,.jpg,6080683,3456x4608,ok
Amrapalli,Before Ripening,Amrapalli/Before Ripening/20260610_52938pmByGPSMapCamera.jpg,20260610_52938pmByGPSMapCamera.jpg,.jpg,6490174,3456x4608,ok
Amrapalli,Before Ripening,Amrapalli/Before Ripening/20260610_52941pmByGPSMapCamera.jpg,20260610_52941pmByGPSMapCamera.jpg,.jpg,6576124,3456x4608,ok
Amrapalli,Before Ripening,Amrapalli/Before Ripening/20260610_54612pmByGPSMapCamera.jpg,20260610_54612pmByGPSMapCamera.jpg,.jpg,9588743,3456x4608,ok
Amrapalli,Before Ripening,Amrapalli/Before Ripening/20260610_54616pmByGPSMapCamera.jpg,20260610_54616pmByGPSMapCamera.jpg,.jpg,9605871,3456x4608,ok
Amrapalli,Before Ripening,Amrapalli/Before Ripening/20260610_54627pmByGPSMapCamera.jpg,20260610_54627pmByGPSMapCamera.jpg,.jpg,9727417,3456x4608,ok
Amrapalli,Before Ripening,Amrapalli/Before Ripening/20260610_54805pmByGPSMapCamera.jpg,20260610_54805pmByGPSMapCamera.jpg,.jpg,9079439,3456x4608,ok
Amrapalli,Before Ripening,Amrapalli/Before Ripening/20260610_54827pmByGPSMapCamera.jpg,20260610_54827pmByGPSMapCamera.jpg,.jpg,7394636,3456x4608,ok
Amrapalli,Before Ripening,Amrapalli/Before Ripening/20260610_54833pmByGPSMapCamera.jpg,20260610_54833pmByGPSMapCamera.jpg,.jpg,7082385,3456x4608,ok
Amrapalli,Before Ripening,Amrapalli/Before Ripening/20260610_54852pmByGPSMapCamera.jpg,20260610_54852pmByGPSMapCamera.jpg,.jpg,11417457,3456x4608,ok
Amrapalli,Before Ripening,Amrapalli/Before Ripening/20260610_54857pmByGPSMapCamera.jpg,20260610_54857pmByGPSMapCamera.jpg,.jpg,6012462,3456x4608,ok
Amrapalli,Before Ripening,Amrapalli/Before Ripening/20260610_54901pmByGPSMapCamera.jpg,20260610_54901pmByGPSMapCamera.jpg,.jpg,5637776,3456x4608,ok
Amrapalli,Before Ripening,Amrapalli/Before Ripening/20260610_54903pmByGPSMapCamera.jpg,20260610_54903pmByGPSMapCamera.jpg,.jpg,6037248,3456x4608,ok
Amrapalli,Before Ripening,Amrapalli/Before Ripening/20260610_54956pmByGPSMapCamera.jpg,20260610_54956pmByGPSMapCamera.jpg,.jpg,5176993,3456x4608,ok
Amrapalli,Before Ripening,Amrapalli/Before Ripening/20260610_54959pmByGPSMapCamera.jpg,20260610_54959pmByGPSMapCamera.jpg,.jpg,5031574,3456x4608,ok
Amrapalli,Before Ripening,Amrapalli/Before Ripening/20260612_45013pmByGPSMapCamera.jpg,20260612_45013pmByGPSMapCamera.jpg,.jpg,6485763,3456x4608,ok
Amrapalli,Before Ripening,Amrapalli/Before Ripening/20260612_45026pmByGPSMapCamera.jpg,20260612_45026pmByGPSMapCamera.jpg,.jpg,6588688,3456x4608,ok
Amrapalli,Before Ripening,Amrapalli/Before Ripening/20260612_45028pmByGPSMapCamera.jpg,20260612_45028pmByGPSMapCamera.jpg,.jpg,6688591,3456x4608,ok
Amrapalli,Before Ripening,Amrapalli/Before Ripening/20260612_45040pmByGPSMapCamera.jpg,20260612_45040pmByGPSMapCamera.jpg,.jpg,6249341,3456x4608,ok
Amrapalli,Before Ripening,Amrapalli/Before Ripening/20260612_45044pmByGPSMapCamera.jpg,20260612_45044pmByGPSMapCamera.jpg,.jpg,6745854,3456x4608,ok
Amrapalli,Before Ripening,Amrapalli/Before Ripening/20260612_45053pmByGPSMapCamera.jpg,20260612_45053pmByGPSMapCamera.jpg,.jpg,6339010,3456x4608,ok
Amrapalli,Before Ripening,Amrapalli/Before Ripening/20260612_45104pmByGPSMapCamera.jpg,20260612_45104pmByGPSMapCamera.jpg,.jpg,7580776,3456x4608,ok
Amrapalli,Before Ripening,Amrapalli/Before Ripening/20260612_45107pmByGPSMapCamera.jpg,20260612_45107pmByGPSMapCamera.jpg,.jpg,6505549,3456x4608,ok
Amrapalli,Before Ripening,Amrapalli/Before Ripening/20260612_45118pmByGPSMapCamera.jpg,20260612_45118pmByGPSMapCamera.jpg,.jpg,6727477,3456x4608,ok
Amrapalli,Before Ripening,Amrapalli/Before Ripening/20260612_45120pmByGPSMapCamera.jpg,20260612_45120pmByGPSMapCamera.jpg,.jpg,6699061,3456x4608,ok
Amrapalli,Before Ripening,Amrapalli/Before Ripening/20260612_45124pmByGPSMapCamera.jpg,20260612_45124pmByGPSMapCamera.jpg,.jpg,6834441,3456x4608,ok
Amrapalli,Before Ripening,Amrapalli/Before Ripening/20260612_45132pmByGPSMapCamera.jpg,20260612_45132pmByGPSMapCamera.jpg,.jpg,6985587,3456x4608,ok
Amrapalli,Before Ripening,Amrapalli/Before Ripening/20260612_45141pmByGPSMapCamera.jpg,20260612_45141pmByGPSMapCamera.jpg,.jpg,6347768,3456x4608,ok
Amrapalli,Before Ripening,Amrapalli/Before Ripening/20260612_45153pmByGPSMapCamera.jpg,20260612_45153pmByGPSMapCamera.jpg,.jpg,6324834,3456x4608,ok
Amrapalli,Before Ripening,Amrapalli/Before Ripening/20260612_45216pmByGPSMapCamera.jpg,20260612_45216pmByGPSMapCamera.jpg,.jpg,6472861,3456x4608,ok
Amrapalli,Before Ripening,Amrapalli/Before Ripening/20260612_45235pmByGPSMapCamera.jpg,20260612_45235pmByGPSMapCamera.jpg,.jpg,6162112,3456x4608,ok
Amrapalli,Before Ripening,Amrapalli/Before Ripening/20260612_45238pmByGPSMapCamera.jpg,20260612_45238pmByGPSMapCamera.jpg,.jpg,6280699,3456x4608,ok
Amrapalli,Before Ripening,Amrapalli/Before Ripening/20260612_45308pmByGPSMapCamera.jpg,20260612_45308pmByGPSMapCamera.jpg,.jpg,6114274,3456x4608,ok
Amrapalli,Before Ripening,Amrapalli/Before Ripening/20260612_45310pmByGPSMapCamera.jpg,20260612_45310pmByGPSMapCamera.jpg,.jpg,6229026,3456x4608,ok
Amrapalli,Before Ripening,Amrapalli/Before Ripening/20260612_45314pmByGPSMapCamera.jpg,20260612_45314pmByGPSMapCamera.jpg,.jpg,6323657,3456x4608,ok
Amrapalli,Before Ripening,Amrapalli/Before Ripening/20260612_45324pmByGPSMapCamera.jpg,20260612_45324pmByGPSMapCamera.jpg,.jpg,6269585,3456x4608,ok
Amrapalli,Before Ripening,Amrapalli/Before Ripening/20260612_45338pmByGPSMapCamera.jpg,20260612_45338pmByGPSMapCamera.jpg,.jpg,5892118,3456x4608,ok
Amrapalli,Before Ripening,Amrapalli/Before Ripening/20260612_45347pmByGPSMapCamera.jpg,20260612_45347pmByGPSMapCamera.jpg,.jpg,6337895,3456x4608,ok
Amrapalli,Before Ripening,Amrapalli/Before Ripening/20260612_45349pmByGPSMapCamera.jpg,20260612_45349pmByGPSMapCamera.jpg,.jpg,6437296,3456x4608,ok
Amrapalli,Before Ripening,Amrapalli/Before Ripening/20260620_172645.jpg,20260620_172645.jpg,.jpg,3073616,4608x2128,ok
Amrapalli,Before Ripening,Amrapalli/Before Ripening/20260620_172648.jpg,20260620_172648.jpg,.jpg,2993844,4608x2128,ok
Amrapalli,Before Ripening,Amrapalli/Before Ripening/20260620_172659.jpg,20260620_172659.jpg,.jpg,2544823,4608x2128,ok
Amrapalli,Before Ripening,Amrapalli/Before Ripening/20260620_172708.jpg,20260620_172708.jpg,.jpg,2492005,4608x2128,ok
Amrapalli,Before Ripening,Amrapalli/Before Ripening/20260620_172805.jpg,20260620_172805.jpg,.jpg,2479140,4608x2128,ok
Amrapalli,Before Ripening,Amrapalli/Before Ripening/20260620_172806.jpg,20260620_172806.jpg,.jpg,2545525,4608x2128,ok
Amrapalli,Before Ripening,Amrapalli/Before Ripening/20260620_172813.jpg,20260620_172813.jpg,.jpg,2563743,4608x2128,ok
Amrapalli,Before Ripening,Amrapalli/Before Ripening/20260620_172822.jpg,20260620_172822.jpg,.jpg,2499437,4608x2128,ok
Amrapalli,Before Ripening,Amrapalli/Before Ripening/20260620_172845.jpg,20260620_172845.jpg,.jpg,2567660,4608x2128,ok
Amrapalli,Before Ripening,Amrapalli/Before Ripening/20260620_172846.jpg,20260620_172846.jpg,.jpg,2581194,4608x2128,ok
Amrapalli,Before Ripening,Amrapalli/Before Ripening/20260620_172855.jpg,20260620_172855.jpg,.jpg,2531931,4608x2128,ok
Amrapalli,Before Ripening,Amrapalli/Before Ripening/20260620_172913.jpg,20260620_172913.jpg,.jpg,2490697,4608x2128,ok
Amrapalli,Before Ripening,Amrapalli/Before Ripening/20260620_172930.jpg,20260620_172930.jpg,.jpg,2448036,4608x2128,ok
Amrapalli,Before Ripening,Amrapalli/Before Ripening/20260620_172948.jpg,20260620_172948.jpg,.jpg,2259736,4608x2128,ok
Amrapalli,Before Ripening,Amrapalli/Before Ripening/20260620_172953.jpg,20260620_172953.jpg,.jpg,2429361,4608x2128,ok
Amrapalli,Before Ripening,Amrapalli/Before Ripening/20260620_173005.jpg,20260620_173005.jpg,.jpg,2440614,4608x2128,ok
Amrapalli,Before Ripening,Amrapalli/Before Ripening/20260620_173019.jpg,20260620_173019.jpg,.jpg,2346518,4608x2128,ok
Amrapalli,Before Ripening,Amrapalli/Before Ripening/20260620_173023.jpg,20260620_173023.jpg,.jpg,2346470,4608x2128,ok
Amrapalli,Before Ripening,Amrapalli/Before Ripening/20260620_173028.jpg,20260620_173028.jpg,.jpg,2247576,4608x2128,ok
Amrapalli,Before Ripening,Amrapalli/Before Ripening/20260620_173031.jpg,20260620_173031.jpg,.jpg,2262980,4608x2128,ok
Amrapalli,Before Ripening,Amrapalli/Before Ripening/20260620_173044.jpg,20260620_173044.jpg,.jpg,2223590,4608x2128,ok
Amrapalli,Before Ripening,Amrapalli/Before Ripening/20260620_173052.jpg,20260620_173052.jpg,.jpg,2132758,4608x2128,ok
Amrapalli,Before Ripening,Amrapalli/Before Ripening/20260620_173112.jpg,20260620_173112.jpg,.jpg,2625492,4608x2128,ok
Amrapalli,Before Ripening,Amrapalli/Before Ripening/20260620_173115.jpg,20260620_173115.jpg,.jpg,2235350,4608x2128,ok
Amrapalli,Before Ripening,Amrapalli/Before Ripening/20260620_173118.jpg,20260620_173118.jpg,.jpg,2309603,4608x2128,ok
Amrapalli,Before Ripening,Amrapalli/Before Ripening/20260620_173141.jpg,20260620_173141.jpg,.jpg,2402048,4608x2128,ok
Amrapalli,Before Ripening,Amrapalli/Before Ripening/20260620_173143.jpg,20260620_173143.jpg,.jpg,2402103,4608x2128,ok
Amrapalli,Before Ripening,Amrapalli/Before Ripening/20260620_173209.jpg,20260620_173209.jpg,.jpg,2469416,4608x2128,ok
Amrapalli,Before Ripening,Amrapalli/Before Ripening/20260620_173211.jpg,20260620_173211.jpg,.jpg,2541106,4608x2128,ok
Amrapalli,Before Ripening,Amrapalli/Before Ripening/APL.jpg,APL.jpg,.jpg,2393710,4608x2128,ok
Amrapalli,Before Ripening,Amrapalli/Before Ripening/APL1.jpg,APL1.jpg,.jpg,3009466,4608x2128,ok
Amrapalli,Before Ripening,Amrapalli/Before Ripening/GMC09062026_171438 (1).jpg,GMC09062026_171438 (1).jpg,.jpg,5171705,4608x3456,ok
Amrapalli,Before Ripening,Amrapalli/Before Ripening/GMC11062026_171624.jpg,GMC11062026_171624.jpg,.jpg,5022720,4608x3456,ok
Amrapalli,Before Ripening,Amrapalli/Before Ripening/GMC11062026_171633.jpg,GMC11062026_171633.jpg,.jpg,70656,4608x3456,ok
Amrapalli,Before Ripening,Amrapalli/Before Ripening/GMC11062026_171709.jpg,GMC11062026_171709.jpg,.jpg,558080,4608x3456,ok
Amrapalli,Before Ripening,Amrapalli/Before Ripening/GMC11062026_171740.jpg,GMC11062026_171740.jpg,.jpg,70656,4608x3456,ok
Amrapalli,Before Ripening,Amrapalli/Before Ripening/GMC11062026_171759.jpg,GMC11062026_171759.jpg,.jpg,836608,4608x3456,ok
Amrapalli,Before Ripening,Amrapalli/Before Ripening/GMC12052026_094755.jpg,GMC12052026_094755.jpg,.jpg,12198896,4608x3456,ok
Amrapalli,Before Ripening,Amrapalli/Before Ripening/GMC18052026_171131.jpg,GMC18052026_171131.jpg,.jpg,11110196,4608x3456,ok
Amrapalli,Before Ripening,Amrapalli/Before Ripening/GMC29052026_164929.jpg,GMC29052026_164929.jpg,.jpg,10947484,4608x3456,ok
Arka Neelachal Kesari,After Ripening,Arka Neelachal Kesari/After Ripening/20250404_164136(0).jpg,20250404_164136(0).jpg,.jpg,2624531,4608x2128,ok
Arka Neelachal Kesari,After Ripening,Arka Neelachal Kesari/After Ripening/20250404_164136.jpg,20250404_164136.jpg,.jpg,2632349,4608x2128,ok
Arka Neelachal Kesari,After Ripening,Arka Neelachal Kesari/After Ripening/20250404_164138.jpg,20250404_164138.jpg,.jpg,2670151,4608x2128,ok
Arka Neelachal Kesari,After Ripening,Arka Neelachal Kesari/After Ripening/20250404_164139.jpg,20250404_164139.jpg,.jpg,2574804,4608x2128,ok
Arka Neelachal Kesari,After Ripening,Arka Neelachal Kesari/After Ripening/20250404_164511.jpg,20250404_164511.jpg,.jpg,2584799,4608x2128,ok
Arka Neelachal Kesari,After Ripening,Arka Neelachal Kesari/After Ripening/20250404_164512.jpg,20250404_164512.jpg,.jpg,2559643,4608x2128,ok
Arka Neelachal Kesari,After Ripening,Arka Neelachal Kesari/After Ripening/20250404_164514.jpg,20250404_164514.jpg,.jpg,2614656,4608x2128,ok
Arka Neelachal Kesari,After Ripening,Arka Neelachal Kesari/After Ripening/20250404_164831.jpg,20250404_164831.jpg,.jpg,1980764,4608x2128,ok
Arka Neelachal Kesari,After Ripening,Arka Neelachal Kesari/After Ripening/20250404_164832.jpg,20250404_164832.jpg,.jpg,2056959,4608x2128,ok
Arka Neelachal Kesari,After Ripening,Arka Neelachal Kesari/After Ripening/20250404_164833.jpg,20250404_164833.jpg,.jpg,2065946,4608x2128,ok
Arka Neelachal Kesari,After Ripening,Arka Neelachal Kesari/After Ripening/20250404_164834.jpg,20250404_164834.jpg,.jpg,2039110,4608x2128,ok
Arka Neelachal Kesari,After Ripening,Arka Neelachal Kesari/After Ripening/20250404_164835(0).jpg,20250404_164835(0).jpg,.jpg,2075046,4608x2128,ok
Arka Neelachal Kesari,After Ripening,Arka Neelachal Kesari/After Ripening/20250404_164835.jpg,20250404_164835.jpg,.jpg,2062741,4608x2128,ok
Arka Neelachal Kesari,After Ripening,Arka Neelachal Kesari/After Ripening/20250404_164844.jpg,20250404_164844.jpg,.jpg,1909813,4608x2128,ok
Arka Neelachal Kesari,After Ripening,Arka Neelachal Kesari/After Ripening/20250404_164846.jpg,20250404_164846.jpg,.jpg,1889351,4608x2128,ok
Arka Neelachal Kesari,After Ripening,Arka Neelachal Kesari/After Ripening/20250404_164847.jpg,20250404_164847.jpg,.jpg,1996118,4608x2128,ok
Arka Neelachal Kesari,After Ripening,Arka Neelachal Kesari/After Ripening/20250404_164849.jpg,20250404_164849.jpg,.jpg,1929408,4608x2128,ok
Arka Neelachal Kesari,After Ripening,Arka Neelachal Kesari/After Ripening/20250404_164850(0).jpg,20250404_164850(0).jpg,.jpg,1956162,4608x2128,ok
Arka Neelachal Kesari,After Ripening,Arka Neelachal Kesari/After Ripening/20250404_164850.jpg,20250404_164850.jpg,.jpg,1957723,4608x2128,ok
Arka Neelachal Kesari,After Ripening,Arka Neelachal Kesari/After Ripening/20250404_165031.jpg,20250404_165031.jpg,.jpg,2005588,4608x2128,ok
Arka Neelachal Kesari,After Ripening,Arka Neelachal Kesari/After Ripening/20250404_165033.jpg,20250404_165033.jpg,.jpg,1903530,4608x2128,ok
Arka Neelachal Kesari,After Ripening,Arka Neelachal Kesari/After Ripening/20250404_165036.jpg,20250404_165036.jpg,.jpg,1903356,4608x2128,ok
Arka Neelachal Kesari,After Ripening,Arka Neelachal Kesari/After Ripening/20250404_165037.jpg,20250404_165037.jpg,.jpg,1916132,4608x2128,ok
Arka Neelachal Kesari,After Ripening,Arka Neelachal Kesari/After Ripening/20250404_165039(0).jpg,20250404_165039(0).jpg,.jpg,1967506,4608x2128,ok
Arka Neelachal Kesari,After Ripening,Arka Neelachal Kesari/After Ripening/20250404_165039.jpg,20250404_165039.jpg,.jpg,1931168,4608x2128,ok
Arka Neelachal Kesari,After Ripening,Arka Neelachal Kesari/After Ripening/20250404_165040.jpg,20250404_165040.jpg,.jpg,1973235,4608x2128,ok
Arka Neelachal Kesari,After Ripening,Arka Neelachal Kesari/After Ripening/20250404_165137(0).jpg,20250404_165137(0).jpg,.jpg,1941825,4608x2128,ok
Arka Neelachal Kesari,After Ripening,Arka Neelachal Kesari/After Ripening/20250404_165137.jpg,20250404_165137.jpg,.jpg,1929627,4608x2128,ok
Arka Neelachal Kesari,After Ripening,Arka Neelachal Kesari/After Ripening/20250404_165138.jpg,20250404_165138.jpg,.jpg,1827241,4608x2128,ok
Arka Neelachal Kesari,After Ripening,Arka Neelachal Kesari/After Ripening/20250404_165139.jpg,20250404_165139.jpg,.jpg,1833829,4608x2128,ok
Arka Neelachal Kesari,After Ripening,Arka Neelachal Kesari/After Ripening/20250404_165141.jpg,20250404_165141.jpg,.jpg,1906056,4608x2128,ok
Arka Neelachal Kesari,After Ripening,Arka Neelachal Kesari/After Ripening/20250404_165142.jpg,20250404_165142.jpg,.jpg,1867036,4608x2128,ok
Arka Neelachal Kesari,After Ripening,Arka Neelachal Kesari/After Ripening/20250404_165143.jpg,20250404_165143.jpg,.jpg,1928422,4608x2128,ok
Arka Neelachal Kesari,After Ripening,Arka Neelachal Kesari/After Ripening/20250404_165144.jpg,20250404_165144.jpg,.jpg,1921033,4608x2128,ok
Arka Neelachal Kesari,After Ripening,Arka Neelachal Kesari/After Ripening/20250404_165145.jpg,20250404_165145.jpg,.jpg,1907512,4608x2128,ok
Arka Neelachal Kesari,After Ripening,Arka Neelachal Kesari/After Ripening/20250404_165146.jpg,20250404_165146.jpg,.jpg,1859285,4608x2128,ok
Arka Neelachal Kesari,After Ripening,Arka Neelachal Kesari/After Ripening/20250404_165149(0).jpg,20250404_165149(0).jpg,.jpg,1859669,4608x2128,ok
Arka Neelachal Kesari,After Ripening,Arka Neelachal Kesari/After Ripening/20250404_165149.jpg,20250404_165149.jpg,.jpg,1871160,4608x2128,ok
Arka Neelachal Kesari,After Ripening,Arka Neelachal Kesari/After Ripening/20250404_165150.jpg,20250404_165150.jpg,.jpg,1916765,4608x2128,ok
Arka Neelachal Kesari,After Ripening,Arka Neelachal Kesari/After Ripening/20250404_165151.jpg,20250404_165151.jpg,.jpg,1857379,4608x2128,ok
Arka Neelachal Kesari,After Ripening,Arka Neelachal Kesari/After Ripening/20250404_165152.jpg,20250404_165152.jpg,.jpg,1893266,4608x2128,ok
Arka Neelachal Kesari,After Ripening,Arka Neelachal Kesari/After Ripening/20250404_165153.jpg,20250404_165153.jpg,.jpg,1833543,4608x2128,ok
Arka Neelachal Kesari,After Ripening,Arka Neelachal Kesari/After Ripening/20250404_165154.jpg,20250404_165154.jpg,.jpg,1856805,4608x2128,ok
Arka Neelachal Kesari,After Ripening,Arka Neelachal Kesari/After Ripening/20250404_165155.jpg,20250404_165155.jpg,.jpg,1859721,4608x2128,ok
Arka Neelachal Kesari,After Ripening,Arka Neelachal Kesari/After Ripening/20250404_165428(0).jpg,20250404_165428(0).jpg,.jpg,1814751,4608x2128,ok
Arka Neelachal Kesari,After Ripening,Arka Neelachal Kesari/After Ripening/20250404_165428.jpg,20250404_165428.jpg,.jpg,1816529,4608x2128,ok
Arka Neelachal Kesari,After Ripening,Arka Neelachal Kesari/After Ripening/20250404_165429.jpg,20250404_165429.jpg,.jpg,1832359,4608x2128,ok
Arka Neelachal Kesari,After Ripening,Arka Neelachal Kesari/After Ripening/20250404_165430.jpg,20250404_165430.jpg,.jpg,1871014,4608x2128,ok
Arka Neelachal Kesari,After Ripening,Arka Neelachal Kesari/After Ripening/20250404_165432.jpg,20250404_165432.jpg,.jpg,1896084,4608x2128,ok
Arka Neelachal Kesari,After Ripening,Arka Neelachal Kesari/After Ripening/20250404_165450.jpg,20250404_165450.jpg,.jpg,1953244,4608x2128,ok
Arka Neelachal Kesari,After Ripening,Arka Neelachal Kesari/After Ripening/20250404_165452.jpg,20250404_165452.jpg,.jpg,1885534,4608x2128,ok
Arka Neelachal Kesari,After Ripening,Arka Neelachal Kesari/After Ripening/20250404_165454.jpg,20250404_165454.jpg,.jpg,1892416,4608x2128,ok
Arka Neelachal Kesari,After Ripening,Arka Neelachal Kesari/After Ripening/20250404_165723.jpg,20250404_165723.jpg,.jpg,1864399,4608x2128,ok
Arka Neelachal Kesari,After Ripening,Arka Neelachal Kesari/After Ripening/20250404_165724.jpg,20250404_165724.jpg,.jpg,1810608,4608x2128,ok
Arka Neelachal Kesari,After Ripening,Arka Neelachal Kesari/After Ripening/20250404_165725(0).jpg,20250404_165725(0).jpg,.jpg,1839431,4608x2128,ok
Arka Neelachal Kesari,After Ripening,Arka Neelachal Kesari/After Ripening/20250404_165725.jpg,20250404_165725.jpg,.jpg,1828646,4608x2128,ok
Arka Neelachal Kesari,After Ripening,Arka Neelachal Kesari/After Ripening/20250404_165726.jpg,20250404_165726.jpg,.jpg,1897714,4608x2128,ok
Arka Neelachal Kesari,After Ripening,Arka Neelachal Kesari/After Ripening/20250404_165727.jpg,20250404_165727.jpg,.jpg,1857950,4608x2128,ok
Arka Neelachal Kesari,After Ripening,Arka Neelachal Kesari/After Ripening/20250404_165729(0).jpg,20250404_165729(0).jpg,.jpg,1899286,4608x2128,ok
Arka Neelachal Kesari,After Ripening,Arka Neelachal Kesari/After Ripening/20250404_165729.jpg,20250404_165729.jpg,.jpg,1950845,4608x2128,ok
Arka Neelachal Kesari,After Ripening,Arka Neelachal Kesari/After Ripening/20250404_165730.jpg,20250404_165730.jpg,.jpg,1964816,4608x2128,ok
Arka Neelachal Kesari,After Ripening,Arka Neelachal Kesari/After Ripening/20250404_165731.jpg,20250404_165731.jpg,.jpg,1902975,4608x2128,ok
Arka Neelachal Kesari,After Ripening,Arka Neelachal Kesari/After Ripening/20250404_165732.jpg,20250404_165732.jpg,.jpg,1912685,4608x2128,ok
Arka Neelachal Kesari,After Ripening,Arka Neelachal Kesari/After Ripening/20250404_165733(0).jpg,20250404_165733(0).jpg,.jpg,1905311,4608x2128,ok
Arka Neelachal Kesari,After Ripening,Arka Neelachal Kesari/After Ripening/20250404_165733.jpg,20250404_165733.jpg,.jpg,1915446,4608x2128,ok
Arka Neelachal Kesari,After Ripening,Arka Neelachal Kesari/After Ripening/20250404_165734.jpg,20250404_165734.jpg,.jpg,1937822,4608x2128,ok
Arka Neelachal Kesari,After Ripening,Arka Neelachal Kesari/After Ripening/20250404_165735.jpg,20250404_165735.jpg,.jpg,1937512,4608x2128,ok
Arka Neelachal Kesari,After Ripening,Arka Neelachal Kesari/After Ripening/20250404_165736(0).jpg,20250404_165736(0).jpg,.jpg,1966223,4608x2128,ok
Arka Neelachal Kesari,After Ripening,Arka Neelachal Kesari/After Ripening/20250404_165736.jpg,20250404_165736.jpg,.jpg,1971399,4608x2128,ok
Arka Neelachal Kesari,After Ripening,Arka Neelachal Kesari/After Ripening/20250404_165738.jpg,20250404_165738.jpg,.jpg,1941019,4608x2128,ok
Arka Neelachal Kesari,After Ripening,Arka Neelachal Kesari/After Ripening/20250404_165739.jpg,20250404_165739.jpg,.jpg,2007170,4608x2128,ok
Arka Neelachal Kesari,After Ripening,Arka Neelachal Kesari/After Ripening/20250404_165741.jpg,20250404_165741.jpg,.jpg,2004827,4608x2128,ok
Arka Neelachal Kesari,After Ripening,Arka Neelachal Kesari/After Ripening/20250404_165742.jpg,20250404_165742.jpg,.jpg,2003230,4608x2128,ok
Arka Neelachal Kesari,After Ripening,Arka Neelachal Kesari/After Ripening/20250404_165743.jpg,20250404_165743.jpg,.jpg,1891494,4608x2128,ok
Arka Neelachal Kesari,After Ripening,Arka Neelachal Kesari/After Ripening/20250404_165744.jpg,20250404_165744.jpg,.jpg,1952817,4608x2128,ok
Arka Neelachal Kesari,After Ripening,Arka Neelachal Kesari/After Ripening/20250404_165745(0).jpg,20250404_165745(0).jpg,.jpg,1885524,4608x2128,ok
Arka Neelachal Kesari,After Ripening,Arka Neelachal Kesari/After Ripening/20250404_165745.jpg,20250404_165745.jpg,.jpg,1981995,4608x2128,ok
Arka Neelachal Kesari,After Ripening,Arka Neelachal Kesari/After Ripening/20250404_165746.jpg,20250404_165746.jpg,.jpg,1982368,4608x2128,ok
Arka Neelachal Kesari,After Ripening,Arka Neelachal Kesari/After Ripening/20250404_165748.jpg,20250404_165748.jpg,.jpg,1827153,4608x2128,ok
Arka Neelachal Kesari,After Ripening,Arka Neelachal Kesari/After Ripening/20250404_165749(0).jpg,20250404_165749(0).jpg,.jpg,1974474,4608x2128,ok
Arka Neelachal Kesari,After Ripening,Arka Neelachal Kesari/After Ripening/20250404_165749.jpg,20250404_165749.jpg,.jpg,1979533,4608x2128,ok
Arka Neelachal Kesari,After Ripening,Arka Neelachal Kesari/After Ripening/20250404_165750.jpg,20250404_165750.jpg,.jpg,1954389,4608x2128,ok
Arka Neelachal Kesari,After Ripening,Arka Neelachal Kesari/After Ripening/20250404_165751.jpg,20250404_165751.jpg,.jpg,1958726,4608x2128,ok
Arka Neelachal Kesari,After Ripening,Arka Neelachal Kesari/After Ripening/20250404_165752.jpg,20250404_165752.jpg,.jpg,1989931,4608x2128,ok
Arka Neelachal Kesari,After Ripening,Arka Neelachal Kesari/After Ripening/20250404_165753.jpg,20250404_165753.jpg,.jpg,1956328,4608x2128,ok
Arka Neelachal Kesari,After Ripening,Arka Neelachal Kesari/After Ripening/20250404_165754.jpg,20250404_165754.jpg,.jpg,1930132,4608x2128,ok
Arka Neelachal Kesari,After Ripening,Arka Neelachal Kesari/After Ripening/20250404_165755.jpg,20250404_165755.jpg,.jpg,1847281,4608x2128,ok
Arka Neelachal Kesari,After Ripening,Arka Neelachal Kesari/After Ripening/20250404_165758(0).jpg,20250404_165758(0).jpg,.jpg,1911162,4608x2128,ok
Arka Neelachal Kesari,After Ripening,Arka Neelachal Kesari/After Ripening/20250404_165758.jpg,20250404_165758.jpg,.jpg,1942858,4608x2128,ok
Arka Neelachal Kesari,After Ripening,Arka Neelachal Kesari/After Ripening/20250404_165759.jpg,20250404_165759.jpg,.jpg,1924986,4608x2128,ok
Arka Neelachal Kesari,After Ripening,Arka Neelachal Kesari/After Ripening/20250404_165800.jpg,20250404_165800.jpg,.jpg,1921444,4608x2128,ok
Arka Neelachal Kesari,After Ripening,Arka Neelachal Kesari/After Ripening/20250404_165801.jpg,20250404_165801.jpg,.jpg,1867460,4608x2128,ok
Arka Neelachal Kesari,After Ripening,Arka Neelachal Kesari/After Ripening/20250404_170815.jpg,20250404_170815.jpg,.jpg,2387514,4608x2128,ok
Arka Neelachal Kesari,After Ripening,Arka Neelachal Kesari/After Ripening/20260512_092734.jpg,20260512_092734.jpg,.jpg,2688249,4608x2128,ok
Arka Neelachal Kesari,After Ripening,Arka Neelachal Kesari/After Ripening/20260512_092735.jpg,20260512_092735.jpg,.jpg,2669641,4608x2128,ok
Arka Neelachal Kesari,After Ripening,Arka Neelachal Kesari/After Ripening/20260512_092736.jpg,20260512_092736.jpg,.jpg,2755872,4608x2128,ok
Arka Neelachal Kesari,After Ripening,Arka Neelachal Kesari/After Ripening/20260512_092737.jpg,20260512_092737.jpg,.jpg,3531021,4608x2128,ok
Arka Neelachal Kesari,After Ripening,Arka Neelachal Kesari/After Ripening/20260512_092745_001.jpg,20260512_092745_001.jpg,.jpg,3442643,4608x2128,ok
Arka Neelachal Kesari,After Ripening,Arka Neelachal Kesari/After Ripening/20260512_092749.jpg,20260512_092749.jpg,.jpg,2455668,4608x2128,ok
Arka Neelachal Kesari,After Ripening,Arka Neelachal Kesari/After Ripening/20260512_092800.jpg,20260512_092800.jpg,.jpg,2724601,4608x2128,ok
Arka Neelachal Kesari,After Ripening,Arka Neelachal Kesari/After Ripening/20260512_092803.jpg,20260512_092803.jpg,.jpg,2477334,4608x2128,ok
Arka Neelachal Kesari,After Ripening,Arka Neelachal Kesari/After Ripening/20260512_092805.jpg,20260512_092805.jpg,.jpg,2778379,4608x2128,ok
Arka Neelachal Kesari,After Ripening,Arka Neelachal Kesari/After Ripening/20260512_092807.jpg,20260512_092807.jpg,.jpg,2763257,4608x2128,ok
Arka Neelachal Kesari,After Ripening,Arka Neelachal Kesari/After Ripening/20260512_092811.jpg,20260512_092811.jpg,.jpg,2430882,4608x2128,ok
Arka Neelachal Kesari,After Ripening,Arka Neelachal Kesari/After Ripening/20260512_100130amByGPSMapCamera.jpg,20260512_100130amByGPSMapCamera.jpg,.jpg,10141974,3456x4608,ok
Arka Neelachal Kesari,After Ripening,Arka Neelachal Kesari/After Ripening/20260512_100317amByGPSMapCamera.jpg,20260512_100317amByGPSMapCamera.jpg,.jpg,8981075,3456x4608,ok
Arka Neelachal Kesari,After Ripening,Arka Neelachal Kesari/After Ripening/20260512_100352amByGPSMapCamera.jpg,20260512_100352amByGPSMapCamera.jpg,.jpg,9436855,3456x4608,ok
Arka Neelachal Kesari,After Ripening,Arka Neelachal Kesari/After Ripening/20260512_100401amByGPSMapCamera.jpg,20260512_100401amByGPSMapCamera.jpg,.jpg,9615077,3456x4608,ok
Arka Neelachal Kesari,After Ripening,Arka Neelachal Kesari/After Ripening/20260512_100607amByGPSMapCamera.jpg,20260512_100607amByGPSMapCamera.jpg,.jpg,11416007,3456x4608,ok
Arka Neelachal Kesari,After Ripening,Arka Neelachal Kesari/After Ripening/20260512_100616amByGPSMapCamera.jpg,20260512_100616amByGPSMapCamera.jpg,.jpg,10997216,3456x4608,ok
Arka Neelachal Kesari,After Ripening,Arka Neelachal Kesari/After Ripening/20260512_100636amByGPSMapCamera.jpg,20260512_100636amByGPSMapCamera.jpg,.jpg,9168378,3456x4608,ok
Arka Neelachal Kesari,After Ripening,Arka Neelachal Kesari/After Ripening/20260512_101057amByGPSMapCamera.jpg,20260512_101057amByGPSMapCamera.jpg,.jpg,8505259,3456x4608,ok
Arka Neelachal Kesari,After Ripening,Arka Neelachal Kesari/After Ripening/20260512_101356.jpg,20260512_101356.jpg,.jpg,2303540,4608x2128,ok
Arka Neelachal Kesari,After Ripening,Arka Neelachal Kesari/After Ripening/20260512_101521amByGPSMapCamera.jpg,20260512_101521amByGPSMapCamera.jpg,.jpg,8760381,3456x4608,ok
Arka Neelachal Kesari,After Ripening,Arka Neelachal Kesari/After Ripening/20260512_101526amByGPSMapCamera.jpg,20260512_101526amByGPSMapCamera.jpg,.jpg,8705813,3456x4608,ok
Arka Neelachal Kesari,After Ripening,Arka Neelachal Kesari/After Ripening/20260512_101532amByGPSMapCamera.jpg,20260512_101532amByGPSMapCamera.jpg,.jpg,9089101,3456x4608,ok
Arka Neelachal Kesari,After Ripening,Arka Neelachal Kesari/After Ripening/20260512_101654amByGPSMapCamera.jpg,20260512_101654amByGPSMapCamera.jpg,.jpg,8946377,3456x4608,ok
Arka Neelachal Kesari,After Ripening,Arka Neelachal Kesari/After Ripening/20260512_101700amByGPSMapCamera.jpg,20260512_101700amByGPSMapCamera.jpg,.jpg,9307614,3456x4608,ok
Arka Neelachal Kesari,After Ripening,Arka Neelachal Kesari/After Ripening/20260512_101708amByGPSMapCamera.jpg,20260512_101708amByGPSMapCamera.jpg,.jpg,9215323,3456x4608,ok
Arka Neelachal Kesari,After Ripening,Arka Neelachal Kesari/After Ripening/20260512_101711amByGPSMapCamera.jpg,20260512_101711amByGPSMapCamera.jpg,.jpg,9449557,3456x4608,ok
Arka Neelachal Kesari,After Ripening,Arka Neelachal Kesari/After Ripening/20260512_101721amByGPSMapCamera.jpg,20260512_101721amByGPSMapCamera.jpg,.jpg,9197412,3456x4608,ok
Arka Neelachal Kesari,After Ripening,Arka Neelachal Kesari/After Ripening/20260512_102207amByGPSMapCamera.jpg,20260512_102207amByGPSMapCamera.jpg,.jpg,6086123,3456x4608,ok
Arka Neelachal Kesari,After Ripening,Arka Neelachal Kesari/After Ripening/20260512_124038.jpg,20260512_124038.jpg,.jpg,1037934,4608x2128,ok
Arka Neelachal Kesari,After Ripening,Arka Neelachal Kesari/After Ripening/20260512_124522.jpg,20260512_124522.jpg,.jpg,2280618,4608x2128,ok
Arka Neelachal Kesari,After Ripening,Arka Neelachal Kesari/After Ripening/20260512_124709(0).jpg,20260512_124709(0).jpg,.jpg,2298949,4608x2128,ok
Arka Neelachal Kesari,After Ripening,Arka Neelachal Kesari/After Ripening/20260512_130947.jpg,20260512_130947.jpg,.jpg,2239149,4608x2128,ok
Arka Neelachal Kesari,After Ripening,Arka Neelachal Kesari/After Ripening/20260512_131225.jpg,20260512_131225.jpg,.jpg,2256839,4608x2128,ok
Arka Neelachal Kesari,After Ripening,Arka Neelachal Kesari/After Ripening/20260512_131355.jpg,20260512_131355.jpg,.jpg,2326412,4608x2128,ok
Arka Neelachal Kesari,After Ripening,Arka Neelachal Kesari/After Ripening/20260512_131449.jpg,20260512_131449.jpg,.jpg,976438,4608x2128,ok
Arka Neelachal Kesari,After Ripening,Arka Neelachal Kesari/After Ripening/20260512_131451.jpg,20260512_131451.jpg,.jpg,2306181,4608x2128,ok
Arka Neelachal Kesari,After Ripening,Arka Neelachal Kesari/After Ripening/20260512_131453(0).jpg,20260512_131453(0).jpg,.jpg,2405870,4608x2128,ok
Arka Neelachal Kesari,After Ripening,Arka Neelachal Kesari/After Ripening/20260512_131453.jpg,20260512_131453.jpg,.jpg,2407699,4608x2128,ok
Arka Neelachal Kesari,After Ripening,Arka Neelachal Kesari/After Ripening/20260512_131514(0).jpg,20260512_131514(0).jpg,.jpg,2383674,4608x2128,ok
Arka Neelachal Kesari,After Ripening,Arka Neelachal Kesari/After Ripening/20260512_131514.jpg,20260512_131514.jpg,.jpg,2392691,4608x2128,ok
Arka Neelachal Kesari,After Ripening,Arka Neelachal Kesari/After Ripening/20260512_131515.jpg,20260512_131515.jpg,.jpg,2385750,4608x2128,ok
Arka Neelachal Kesari,After Ripening,Arka Neelachal Kesari/After Ripening/20260512_131517.jpg,20260512_131517.jpg,.jpg,2359400,4608x2128,ok
Arka Neelachal Kesari,After Ripening,Arka Neelachal Kesari/After Ripening/20260512_131519.jpg,20260512_131519.jpg,.jpg,2365905,4608x2128,ok
Arka Neelachal Kesari,After Ripening,Arka Neelachal Kesari/After Ripening/20260512_131520.jpg,20260512_131520.jpg,.jpg,2365440,4608x2128,ok
Arka Neelachal Kesari,After Ripening,Arka Neelachal Kesari/After Ripening/20260512_131521.jpg,20260512_131521.jpg,.jpg,2365090,4608x2128,ok
Arka Neelachal Kesari,After Ripening,Arka Neelachal Kesari/After Ripening/20260512_131523(0).jpg,20260512_131523(0).jpg,.jpg,2360783,4608x2128,ok
Arka Neelachal Kesari,After Ripening,Arka Neelachal Kesari/After Ripening/20260512_131523.jpg,20260512_131523.jpg,.jpg,2352746,4608x2128,ok
Arka Neelachal Kesari,After Ripening,Arka Neelachal Kesari/After Ripening/20260512_131534.jpg,20260512_131534.jpg,.jpg,2348155,4608x2128,ok
Arka Neelachal Kesari,After Ripening,Arka Neelachal Kesari/After Ripening/20260512_131535.jpg,20260512_131535.jpg,.jpg,2353910,4608x2128,ok
Arka Neelachal Kesari,After Ripening,Arka Neelachal Kesari/After Ripening/20260512_131537.jpg,20260512_131537.jpg,.jpg,2299667,4608x2128,ok
Arka Neelachal Kesari,After Ripening,Arka Neelachal Kesari/After Ripening/20260512_131538.jpg,20260512_131538.jpg,.jpg,2370481,4608x2128,ok
Arka Neelachal Kesari,After Ripening,Arka Neelachal Kesari/After Ripening/20260512_131539.jpg,20260512_131539.jpg,.jpg,1745993,4608x2128,ok
Arka Neelachal Kesari,After Ripening,Arka Neelachal Kesari/After Ripening/20260512_131554.jpg,20260512_131554.jpg,.jpg,2384020,4608x2128,ok
Arka Neelachal Kesari,After Ripening,Arka Neelachal Kesari/After Ripening/20260512_131555.jpg,20260512_131555.jpg,.jpg,2308637,4608x2128,ok
Arka Neelachal Kesari,After Ripening,Arka Neelachal Kesari/After Ripening/20260512_131556.jpg,20260512_131556.jpg,.jpg,2478682,4608x2128,ok
Arka Neelachal Kesari,After Ripening,Arka Neelachal Kesari/After Ripening/20260512_131557.jpg,20260512_131557.jpg,.jpg,2482394,4608x2128,ok
Arka Neelachal Kesari,After Ripening,Arka Neelachal Kesari/After Ripening/20260512_131609.jpg,20260512_131609.jpg,.jpg,1643525,4608x2128,ok
Arka Neelachal Kesari,After Ripening,Arka Neelachal Kesari/After Ripening/20260512_131611.jpg,20260512_131611.jpg,.jpg,1723020,4608x2128,ok
Arka Neelachal Kesari,After Ripening,Arka Neelachal Kesari/After Ripening/20260512_131612.jpg,20260512_131612.jpg,.jpg,1731665,4608x2128,ok
Arka Neelachal Kesari,After Ripening,Arka Neelachal Kesari/After Ripening/20260512_131613.jpg,20260512_131613.jpg,.jpg,1756094,4608x2128,ok
Arka Neelachal Kesari,After Ripening,Arka Neelachal Kesari/After Ripening/20260512_131616.jpg,20260512_131616.jpg,.jpg,2337143,4608x2128,ok
Arka Neelachal Kesari,After Ripening,Arka Neelachal Kesari/After Ripening/20260512_131627.jpg,20260512_131627.jpg,.jpg,2309892,4608x2128,ok
Arka Neelachal Kesari,After Ripening,Arka Neelachal Kesari/After Ripening/20260512_131628.jpg,20260512_131628.jpg,.jpg,2308541,4608x2128,ok
Arka Neelachal Kesari,After Ripening,Arka Neelachal Kesari/After Ripening/20260512_131630.jpg,20260512_131630.jpg,.jpg,2336457,4608x2128,ok
Arka Neelachal Kesari,After Ripening,Arka Neelachal Kesari/After Ripening/20260512_131726.jpg,20260512_131726.jpg,.jpg,2394729,4608x2128,ok
Arka Neelachal Kesari,After Ripening,Arka Neelachal Kesari/After Ripening/20260512_131727.jpg,20260512_131727.jpg,.jpg,2393413,4608x2128,ok
Arka Neelachal Kesari,After Ripening,Arka Neelachal Kesari/After Ripening/20260512_131728.jpg,20260512_131728.jpg,.jpg,2468267,4608x2128,ok
Arka Neelachal Kesari,After Ripening,Arka Neelachal Kesari/After Ripening/20260512_131729.jpg,20260512_131729.jpg,.jpg,2496900,4608x2128,ok
Arka Neelachal Kesari,After Ripening,Arka Neelachal Kesari/After Ripening/20260512_191514.jpg,20260512_191514.jpg,.jpg,1512041,4608x2128,ok
Arka Neelachal Kesari,After Ripening,Arka Neelachal Kesari/After Ripening/20260512_191516.jpg,20260512_191516.jpg,.jpg,1508419,4608x2128,ok
Arka Neelachal Kesari,After Ripening,Arka Neelachal Kesari/After Ripening/20260512_191518.jpg,20260512_191518.jpg,.jpg,2096183,4608x2128,ok
Arka Neelachal Kesari,After Ripening,Arka Neelachal Kesari/After Ripening/20260512_191520.jpg,20260512_191520.jpg,.jpg,2441840,4608x2128,ok
Arka Neelachal Kesari,After Ripening,Arka Neelachal Kesari/After Ripening/20260512_191521.jpg,20260512_191521.jpg,.jpg,2435702,4608x2128,ok
Arka Neelachal Kesari,After Ripening,Arka Neelachal Kesari/After Ripening/20260512_191522(0).jpg,20260512_191522(0).jpg,.jpg,2417179,4608x2128,ok
Arka Neelachal Kesari,After Ripening,Arka Neelachal Kesari/After Ripening/20260512_191522.jpg,20260512_191522.jpg,.jpg,2411460,4608x2128,ok
Arka Neelachal Kesari,After Ripening,Arka Neelachal Kesari/After Ripening/20260512_191542(0).jpg,20260512_191542(0).jpg,.jpg,2485028,4608x2128,ok
Arka Neelachal Kesari,After Ripening,Arka Neelachal Kesari/After Ripening/20260512_191542.jpg,20260512_191542.jpg,.jpg,2487116,4608x2128,ok
Arka Neelachal Kesari,After Ripening,Arka Neelachal Kesari/After Ripening/20260512_191543.jpg,20260512_191543.jpg,.jpg,2488292,4608x2128,ok
Arka Neelachal Kesari,After Ripening,Arka Neelachal Kesari/After Ripening/20260512_191545.jpg,20260512_191545.jpg,.jpg,2480593,4608x2128,ok
Arka Neelachal Kesari,After Ripening,Arka Neelachal Kesari/After Ripening/20260512_191546.jpg,20260512_191546.jpg,.jpg,2484771,4608x2128,ok
Arka Neelachal Kesari,After Ripening,Arka Neelachal Kesari/After Ripening/20260512_191547.jpg,20260512_191547.jpg,.jpg,2478263,4608x2128,ok
Arka Neelachal Kesari,After Ripening,Arka Neelachal Kesari/After Ripening/20260512_191549.jpg,20260512_191549.jpg,.jpg,2454893,4608x2128,ok
Arka Neelachal Kesari,After Ripening,Arka Neelachal Kesari/After Ripening/20260512_191550.jpg,20260512_191550.jpg,.jpg,2461104,4608x2128,ok
Arka Neelachal Kesari,After Ripening,Arka Neelachal Kesari/After Ripening/20260512_191603.jpg,20260512_191603.jpg,.jpg,1149261,4608x2128,ok
Arka Neelachal Kesari,After Ripening,Arka Neelachal Kesari/After Ripening/20260512_191606.jpg,20260512_191606.jpg,.jpg,1115379,4608x2128,ok
Arka Neelachal Kesari,After Ripening,Arka Neelachal Kesari/After Ripening/20260512_191608.jpg,20260512_191608.jpg,.jpg,1135564,4608x2128,ok
Arka Neelachal Kesari,After Ripening,Arka Neelachal Kesari/After Ripening/20260512_191610.jpg,20260512_191610.jpg,.jpg,2571900,4608x2128,ok
Arka Neelachal Kesari,After Ripening,Arka Neelachal Kesari/After Ripening/20260512_191631.jpg,20260512_191631.jpg,.jpg,1538642,4608x2128,ok
Arka Neelachal Kesari,After Ripening,Arka Neelachal Kesari/After Ripening/20260512_191634.jpg,20260512_191634.jpg,.jpg,1530173,4608x2128,ok
Arka Neelachal Kesari,After Ripening,Arka Neelachal Kesari/After Ripening/20260512_191635.jpg,20260512_191635.jpg,.jpg,1761929,4608x2128,ok
Arka Neelachal Kesari,After Ripening,Arka Neelachal Kesari/After Ripening/20260512_191636.jpg,20260512_191636.jpg,.jpg,2320985,4608x2128,ok
Arka Neelachal Kesari,After Ripening,Arka Neelachal Kesari/After Ripening/20260512_191637.jpg,20260512_191637.jpg,.jpg,2417539,4608x2128,ok
Arka Neelachal Kesari,After Ripening,Arka Neelachal Kesari/After Ripening/20260512_191638.jpg,20260512_191638.jpg,.jpg,2413882,4608x2128,ok
Arka Neelachal Kesari,After Ripening,Arka Neelachal Kesari/After Ripening/20260512_191639(0).jpg,20260512_191639(0).jpg,.jpg,2401551,4608x2128,ok
Arka Neelachal Kesari,After Ripening,Arka Neelachal Kesari/After Ripening/20260512_191639.jpg,20260512_191639.jpg,.jpg,2409980,4608x2128,ok
Arka Neelachal Kesari,After Ripening,Arka Neelachal Kesari/After Ripening/20260512_191640.jpg,20260512_191640.jpg,.jpg,2313410,4608x2128,ok
Arka Neelachal Kesari,After Ripening,Arka Neelachal Kesari/After Ripening/20260512_191758.jpg,20260512_191758.jpg,.jpg,2440230,4608x2128,ok
Arka Neelachal Kesari,After Ripening,Arka Neelachal Kesari/After Ripening/20260512_191800.jpg,20260512_191800.jpg,.jpg,2437962,4608x2128,ok
Arka Neelachal Kesari,After Ripening,Arka Neelachal Kesari/After Ripening/20260512_191801.jpg,20260512_191801.jpg,.jpg,2362639,4608x2128,ok
Arka Neelachal Kesari,After Ripening,Arka Neelachal Kesari/After Ripening/20260512_191803.jpg,20260512_191803.jpg,.jpg,2411371,4608x2128,ok
Arka Neelachal Kesari,After Ripening,Arka Neelachal Kesari/After Ripening/20260512_191804(0).jpg,20260512_191804(0).jpg,.jpg,2407592,4608x2128,ok
Arka Neelachal Kesari,After Ripening,Arka Neelachal Kesari/After Ripening/20260512_191804.jpg,20260512_191804.jpg,.jpg,2412846,4608x2128,ok
Arka Neelachal Kesari,After Ripening,Arka Neelachal Kesari/After Ripening/20260512_191805.jpg,20260512_191805.jpg,.jpg,2369032,4608x2128,ok
Arka Neelachal Kesari,After Ripening,Arka Neelachal Kesari/After Ripening/20260512_191808(0).jpg,20260512_191808(0).jpg,.jpg,2406090,4608x2128,ok
Arka Neelachal Kesari,After Ripening,Arka Neelachal Kesari/After Ripening/20260512_191808.jpg,20260512_191808.jpg,.jpg,2407834,4608x2128,ok
Arka Neelachal Kesari,After Ripening,Arka Neelachal Kesari/After Ripening/20260512_191833.jpg,20260512_191833.jpg,.jpg,1729505,4608x2128,ok
Arka Neelachal Kesari,After Ripening,Arka Neelachal Kesari/After Ripening/20260512_191836.jpg,20260512_191836.jpg,.jpg,1680838,4608x2128,ok
Arka Neelachal Kesari,After Ripening,Arka Neelachal Kesari/After Ripening/20260512_191837.jpg,20260512_191837.jpg,.jpg,1673878,4608x2128,ok
Arka Neelachal Kesari,After Ripening,Arka Neelachal Kesari/After Ripening/20260512_191838.jpg,20260512_191838.jpg,.jpg,1679059,4608x2128,ok
Arka Neelachal Kesari,After Ripening,Arka Neelachal Kesari/After Ripening/20260512_191840.jpg,20260512_191840.jpg,.jpg,1695496,4608x2128,ok
Arka Neelachal Kesari,After Ripening,Arka Neelachal Kesari/After Ripening/20260512_191841.jpg,20260512_191841.jpg,.jpg,1693622,4608x2128,ok
Arka Neelachal Kesari,After Ripening,Arka Neelachal Kesari/After Ripening/20260512_191842.jpg,20260512_191842.jpg,.jpg,1693994,4608x2128,ok
Arka Neelachal Kesari,After Ripening,Arka Neelachal Kesari/After Ripening/20260512_191844.jpg,20260512_191844.jpg,.jpg,1701085,4608x2128,ok
Arka Neelachal Kesari,After Ripening,Arka Neelachal Kesari/After Ripening/20260512_191845.jpg,20260512_191845.jpg,.jpg,1694677,4608x2128,ok
Arka Neelachal Kesari,After Ripening,Arka Neelachal Kesari/After Ripening/20260512_191858.jpg,20260512_191858.jpg,.jpg,1729681,4608x2128,ok
Arka Neelachal Kesari,After Ripening,Arka Neelachal Kesari/After Ripening/20260512_191859.jpg,20260512_191859.jpg,.jpg,1718187,4608x2128,ok
Arka Neelachal Kesari,After Ripening,Arka Neelachal Kesari/After Ripening/20260512_191900.jpg,20260512_191900.jpg,.jpg,2260465,4608x2128,ok
Arka Neelachal Kesari,After Ripening,Arka Neelachal Kesari/After Ripening/20260512_191902.jpg,20260512_191902.jpg,.jpg,2451818,4608x2128,ok
Arka Neelachal Kesari,After Ripening,Arka Neelachal Kesari/After Ripening/20260512_191903.jpg,20260512_191903.jpg,.jpg,2445717,4608x2128,ok
Arka Neelachal Kesari,After Ripening,Arka Neelachal Kesari/After Ripening/20260512_191934(0).jpg,20260512_191934(0).jpg,.jpg,2420305,4608x2128,ok
Arka Neelachal Kesari,After Ripening,Arka Neelachal Kesari/After Ripening/20260512_191934.jpg,20260512_191934.jpg,.jpg,2421555,4608x2128,ok
Arka Neelachal Kesari,After Ripening,Arka Neelachal Kesari/After Ripening/20260512_191936.jpg,20260512_191936.jpg,.jpg,2488664,4608x2128,ok
Arka Neelachal Kesari,After Ripening,Arka Neelachal Kesari/After Ripening/20260512_191937.jpg,20260512_191937.jpg,.jpg,2475849,4608x2128,ok
Arka Neelachal Kesari,After Ripening,Arka Neelachal Kesari/After Ripening/20260512_191938.jpg,20260512_191938.jpg,.jpg,2490145,4608x2128,ok
Arka Neelachal Kesari,After Ripening,Arka Neelachal Kesari/After Ripening/20260512_191939.jpg,20260512_191939.jpg,.jpg,2363235,4608x2128,ok
Arka Neelachal Kesari,After Ripening,Arka Neelachal Kesari/After Ripening/20260512_191940.jpg,20260512_191940.jpg,.jpg,2483169,4608x2128,ok
Arka Neelachal Kesari,After Ripening,Arka Neelachal Kesari/After Ripening/20260512_191941.jpg,20260512_191941.jpg,.jpg,2489189,4608x2128,ok
Arka Neelachal Kesari,After Ripening,Arka Neelachal Kesari/After Ripening/20260512_191942(0).jpg,20260512_191942(0).jpg,.jpg,2476823,4608x2128,ok
Arka Neelachal Kesari,After Ripening,Arka Neelachal Kesari/After Ripening/20260512_191942.jpg,20260512_191942.jpg,.jpg,2492850,4608x2128,ok
Arka Neelachal Kesari,After Ripening,Arka Neelachal Kesari/After Ripening/20260512_191956.jpg,20260512_191956.jpg,.jpg,1768621,4608x2128,ok
Arka Neelachal Kesari,After Ripening,Arka Neelachal Kesari/After Ripening/20260512_191958.jpg,20260512_191958.jpg,.jpg,1766741,4608x2128,ok
Arka Neelachal Kesari,After Ripening,Arka Neelachal Kesari/After Ripening/20260512_191959.jpg,20260512_191959.jpg,.jpg,2301577,4608x2128,ok
Arka Neelachal Kesari,After Ripening,Arka Neelachal Kesari/After Ripening/20260512_192001.jpg,20260512_192001.jpg,.jpg,2514222,4608x2128,ok
Arka Neelachal Kesari,After Ripening,Arka Neelachal Kesari/After Ripening/20260512_192002.jpg,20260512_192002.jpg,.jpg,2502563,4608x2128,ok
Arka Neelachal Kesari,After Ripening,Arka Neelachal Kesari/After Ripening/20260512_192006(0).jpg,20260512_192006(0).jpg,.jpg,2348813,4608x2128,ok
Arka Neelachal Kesari,After Ripening,Arka Neelachal Kesari/After Ripening/20260512_192006.jpg,20260512_192006.jpg,.jpg,2348464,4608x2128,ok
Arka Neelachal Kesari,After Ripening,Arka Neelachal Kesari/After Ripening/20260512_192007.jpg,20260512_192007.jpg,.jpg,2338323,4608x2128,ok
Arka Neelachal Kesari,After Ripening,Arka Neelachal Kesari/After Ripening/20260512_192008.jpg,20260512_192008.jpg,.jpg,2293767,4608x2128,ok
Arka Neelachal Kesari,After Ripening,Arka Neelachal Kesari/After Ripening/20260512_192009.jpg,20260512_192009.jpg,.jpg,2300975,4608x2128,ok
Arka Neelachal Kesari,After Ripening,Arka Neelachal Kesari/After Ripening/20260512_192010.jpg,20260512_192010.jpg,.jpg,2301521,4608x2128,ok
Arka Neelachal Kesari,After Ripening,Arka Neelachal Kesari/After Ripening/20260512_192012.jpg,20260512_192012.jpg,.jpg,2426620,4608x2128,ok
Arka Neelachal Kesari,After Ripening,Arka Neelachal Kesari/After Ripening/20260512_192013.jpg,20260512_192013.jpg,.jpg,2428978,4608x2128,ok
Arka Neelachal Kesari,After Ripening,Arka Neelachal Kesari/After Ripening/20260512_192014.jpg,20260512_192014.jpg,.jpg,2424901,4608x2128,ok
Arka Neelachal Kesari,After Ripening,Arka Neelachal Kesari/After Ripening/20260512_192029.jpg,20260512_192029.jpg,.jpg,1666002,4608x2128,ok
Arka Neelachal Kesari,After Ripening,Arka Neelachal Kesari/After Ripening/20260512_192030.jpg,20260512_192030.jpg,.jpg,1654300,4608x2128,ok
Arka Neelachal Kesari,After Ripening,Arka Neelachal Kesari/After Ripening/20260512_192031.jpg,20260512_192031.jpg,.jpg,2206423,4608x2128,ok
Arka Neelachal Kesari,After Ripening,Arka Neelachal Kesari/After Ripening/20260512_192033(0).jpg,20260512_192033(0).jpg,.jpg,2376840,4608x2128,ok
Arka Neelachal Kesari,After Ripening,Arka Neelachal Kesari/After Ripening/20260512_192033.jpg,20260512_192033.jpg,.jpg,2414003,4608x2128,ok
Arka Neelachal Kesari,After Ripening,Arka Neelachal Kesari/After Ripening/20260512_192136.jpg,20260512_192136.jpg,.jpg,1767766,4608x2128,ok
Arka Neelachal Kesari,After Ripening,Arka Neelachal Kesari/After Ripening/20260512_192138.jpg,20260512_192138.jpg,.jpg,1767254,4608x2128,ok
Arka Neelachal Kesari,After Ripening,Arka Neelachal Kesari/After Ripening/20260512_192140.jpg,20260512_192140.jpg,.jpg,1685298,4608x2128,ok
Arka Neelachal Kesari,After Ripening,Arka Neelachal Kesari/After Ripening/20260512_192144.jpg,20260512_192144.jpg,.jpg,1776490,4608x2128,ok
Arka Neelachal Kesari,After Ripening,Arka Neelachal Kesari/After Ripening/20260512_192145.jpg,20260512_192145.jpg,.jpg,2374432,4608x2128,ok
Arka Neelachal Kesari,After Ripening,Arka Neelachal Kesari/After Ripening/20260512_192147(0).jpg,20260512_192147(0).jpg,.jpg,2491424,4608x2128,ok
Arka Neelachal Kesari,After Ripening,Arka Neelachal Kesari/After Ripening/20260512_192147.jpg,20260512_192147.jpg,.jpg,2489646,4608x2128,ok
Arka Neelachal Kesari,After Ripening,Arka Neelachal Kesari/After Ripening/20260512_192148.jpg,20260512_192148.jpg,.jpg,2491894,4608x2128,ok
Arka Neelachal Kesari,After Ripening,Arka Neelachal Kesari/After Ripening/20260512_192153(0).jpg,20260512_192153(0).jpg,.jpg,2491209,4608x2128,ok
Arka Neelachal Kesari,After Ripening,Arka Neelachal Kesari/After Ripening/20260512_192153.jpg,20260512_192153.jpg,.jpg,2482599,4608x2128,ok
Arka Neelachal Kesari,After Ripening,Arka Neelachal Kesari/After Ripening/20260512_192209.jpg,20260512_192209.jpg,.jpg,1633095,4608x2128,ok
Arka Neelachal Kesari,After Ripening,Arka Neelachal Kesari/After Ripening/20260512_192211.jpg,20260512_192211.jpg,.jpg,2325974,4608x2128,ok
Arka Neelachal Kesari,After Ripening,Arka Neelachal Kesari/After Ripening/20260512_192212.jpg,20260512_192212.jpg,.jpg,2374459,4608x2128,ok
Arka Neelachal Kesari,After Ripening,Arka Neelachal Kesari/After Ripening/20260512_192213.jpg,20260512_192213.jpg,.jpg,2376437,4608x2128,ok
Arka Neelachal Kesari,After Ripening,Arka Neelachal Kesari/After Ripening/20260512_192214(0).jpg,20260512_192214(0).jpg,.jpg,2375122,4608x2128,ok
Arka Neelachal Kesari,After Ripening,Arka Neelachal Kesari/After Ripening/20260512_192214.jpg,20260512_192214.jpg,.jpg,2375381,4608x2128,ok
Arka Neelachal Kesari,After Ripening,Arka Neelachal Kesari/After Ripening/20260512_192215.jpg,20260512_192215.jpg,.jpg,2368105,4608x2128,ok
Arka Neelachal Kesari,After Ripening,Arka Neelachal Kesari/After Ripening/20260512_192217(0).jpg,20260512_192217(0).jpg,.jpg,2354227,4608x2128,ok
Arka Neelachal Kesari,After Ripening,Arka Neelachal Kesari/After Ripening/20260512_192217.jpg,20260512_192217.jpg,.jpg,2355850,4608x2128,ok
Arka Neelachal Kesari,After Ripening,Arka Neelachal Kesari/After Ripening/20260512_192218.jpg,20260512_192218.jpg,.jpg,2356167,4608x2128,ok
Arka Neelachal Kesari,After Ripening,Arka Neelachal Kesari/After Ripening/20260512_192219.jpg,20260512_192219.jpg,.jpg,2351134,4608x2128,ok
Arka Neelachal Kesari,After Ripening,Arka Neelachal Kesari/After Ripening/20260512_192247.jpg,20260512_192247.jpg,.jpg,1655523,4608x2128,ok
Arka Neelachal Kesari,After Ripening,Arka Neelachal Kesari/After Ripening/20260512_192248.jpg,20260512_192248.jpg,.jpg,1673037,4608x2128,ok
Arka Neelachal Kesari,After Ripening,Arka Neelachal Kesari/After Ripening/20260512_192250.jpg,20260512_192250.jpg,.jpg,1694148,4608x2128,ok
Arka Neelachal Kesari,After Ripening,Arka Neelachal Kesari/After Ripening/20260512_192251.jpg,20260512_192251.jpg,.jpg,1704654,4608x2128,ok
Arka Neelachal Kesari,After Ripening,Arka Neelachal Kesari/After Ripening/20260512_192252.jpg,20260512_192252.jpg,.jpg,1698615,4608x2128,ok
Arka Neelachal Kesari,After Ripening,Arka Neelachal Kesari/After Ripening/20260512_192255.jpg,20260512_192255.jpg,.jpg,2348269,4608x2128,ok
Arka Neelachal Kesari,After Ripening,Arka Neelachal Kesari/After Ripening/20260512_192300.jpg,20260512_192300.jpg,.jpg,1751489,4608x2128,ok
Arka Neelachal Kesari,After Ripening,Arka Neelachal Kesari/After Ripening/20260512_192301.jpg,20260512_192301.jpg,.jpg,1772311,4608x2128,ok
Arka Neelachal Kesari,After Ripening,Arka Neelachal Kesari/After Ripening/20260512_192302.jpg,20260512_192302.jpg,.jpg,2406183,4608x2128,ok
Arka Neelachal Kesari,After Ripening,Arka Neelachal Kesari/After Ripening/20260512_192304.jpg,20260512_192304.jpg,.jpg,2484202,4608x2128,ok
Arka Neelachal Kesari,After Ripening,Arka Neelachal Kesari/After Ripening/20260512_192321.jpg,20260512_192321.jpg,.jpg,1748726,4608x2128,ok
Arka Neelachal Kesari,After Ripening,Arka Neelachal Kesari/After Ripening/20260512_192323.jpg,20260512_192323.jpg,.jpg,1745575,4608x2128,ok
Arka Neelachal Kesari,After Ripening,Arka Neelachal Kesari/After Ripening/20260512_192324.jpg,20260512_192324.jpg,.jpg,2263350,4608x2128,ok
Arka Neelachal Kesari,After Ripening,Arka Neelachal Kesari/After Ripening/20260512_192326(0).jpg,20260512_192326(0).jpg,.jpg,2450995,4608x2128,ok
Arka Neelachal Kesari,After Ripening,Arka Neelachal Kesari/After Ripening/20260512_192326.jpg,20260512_192326.jpg,.jpg,2451563,4608x2128,ok
Arka Neelachal Kesari,After Ripening,Arka Neelachal Kesari/After Ripening/20260512_192327.jpg,20260512_192327.jpg,.jpg,2445438,4608x2128,ok
Arka Neelachal Kesari,After Ripening,Arka Neelachal Kesari/After Ripening/20260512_192328.jpg,20260512_192328.jpg,.jpg,2432667,4608x2128,ok
Arka Neelachal Kesari,After Ripening,Arka Neelachal Kesari/After Ripening/20260512_192412.jpg,20260512_192412.jpg,.jpg,2352069,4608x2128,ok
Arka Neelachal Kesari,After Ripening,Arka Neelachal Kesari/After Ripening/20260512_192414.jpg,20260512_192414.jpg,.jpg,2431610,4608x2128,ok
Arka Neelachal Kesari,After Ripening,Arka Neelachal Kesari/After Ripening/20260512_192415.jpg,20260512_192415.jpg,.jpg,2426036,4608x2128,ok
Arka Neelachal Kesari,After Ripening,Arka Neelachal Kesari/After Ripening/20260512_192416(0).jpg,20260512_192416(0).jpg,.jpg,2425714,4608x2128,ok
Arka Neelachal Kesari,After Ripening,Arka Neelachal Kesari/After Ripening/20260512_192416.jpg,20260512_192416.jpg,.jpg,2424824,4608x2128,ok
Arka Neelachal Kesari,After Ripening,Arka Neelachal Kesari/After Ripening/20260512_192418.jpg,20260512_192418.jpg,.jpg,2342647,4608x2128,ok
Arka Neelachal Kesari,After Ripening,Arka Neelachal Kesari/After Ripening/20260512_192419.jpg,20260512_192419.jpg,.jpg,2341829,4608x2128,ok
Arka Neelachal Kesari,After Ripening,Arka Neelachal Kesari/After Ripening/20260512_192421.jpg,20260512_192421.jpg,.jpg,2336779,4608x2128,ok
Arka Neelachal Kesari,After Ripening,Arka Neelachal Kesari/After Ripening/20260512_192422.jpg,20260512_192422.jpg,.jpg,2337282,4608x2128,ok
Arka Neelachal Kesari,After Ripening,Arka Neelachal Kesari/After Ripening/20260512_192424.jpg,20260512_192424.jpg,.jpg,2438310,4608x2128,ok
Arka Neelachal Kesari,After Ripening,Arka Neelachal Kesari/After Ripening/20260512_192448.jpg,20260512_192448.jpg,.jpg,2473436,4608x2128,ok
Arka Neelachal Kesari,After Ripening,Arka Neelachal Kesari/After Ripening/20260512_192449.jpg,20260512_192449.jpg,.jpg,2446760,4608x2128,ok
Arka Neelachal Kesari,After Ripening,Arka Neelachal Kesari/After Ripening/20260512_192450.jpg,20260512_192450.jpg,.jpg,2453641,4608x2128,ok
Arka Neelachal Kesari,After Ripening,Arka Neelachal Kesari/After Ripening/20260512_192451.jpg,20260512_192451.jpg,.jpg,2447483,4608x2128,ok
Arka Neelachal Kesari,After Ripening,Arka Neelachal Kesari/After Ripening/20260512_192452.jpg,20260512_192452.jpg,.jpg,2440357,4608x2128,ok
Arka Neelachal Kesari,After Ripening,Arka Neelachal Kesari/After Ripening/20260512_192457.jpg,20260512_192457.jpg,.jpg,2508470,4608x2128,ok
Arka Neelachal Kesari,After Ripening,Arka Neelachal Kesari/After Ripening/20260512_192458.jpg,20260512_192458.jpg,.jpg,2502972,4608x2128,ok
Arka Neelachal Kesari,After Ripening,Arka Neelachal Kesari/After Ripening/20260512_192528.jpg,20260512_192528.jpg,.jpg,2304141,4608x2128,ok
Arka Neelachal Kesari,After Ripening,Arka Neelachal Kesari/After Ripening/20260512_192529.jpg,20260512_192529.jpg,.jpg,2340721,4608x2128,ok
Arka Neelachal Kesari,After Ripening,Arka Neelachal Kesari/After Ripening/20260512_192532.jpg,20260512_192532.jpg,.jpg,2388782,4608x2128,ok
Arka Neelachal Kesari,After Ripening,Arka Neelachal Kesari/After Ripening/20260512_192533(0).jpg,20260512_192533(0).jpg,.jpg,2351018,4608x2128,ok
Arka Neelachal Kesari,After Ripening,Arka Neelachal Kesari/After Ripening/20260512_192533.jpg,20260512_192533.jpg,.jpg,2385998,4608x2128,ok
Arka Neelachal Kesari,After Ripening,Arka Neelachal Kesari/After Ripening/20260512_192535.jpg,20260512_192535.jpg,.jpg,2355011,4608x2128,ok
Arka Neelachal Kesari,After Ripening,Arka Neelachal Kesari/After Ripening/20260512_192536.jpg,20260512_192536.jpg,.jpg,2360719,4608x2128,ok
Arka Neelachal Kesari,After Ripening,Arka Neelachal Kesari/After Ripening/20260512_192538(0).jpg,20260512_192538(0).jpg,.jpg,2333152,4608x2128,ok
Arka Neelachal Kesari,After Ripening,Arka Neelachal Kesari/After Ripening/20260512_192538.jpg,20260512_192538.jpg,.jpg,2328454,4608x2128,ok
Arka Neelachal Kesari,After Ripening,Arka Neelachal Kesari/After Ripening/20260512_192539.jpg,20260512_192539.jpg,.jpg,2340190,4608x2128,ok
Arka Neelachal Kesari,After Ripening,Arka Neelachal Kesari/After Ripening/20260512_192557.jpg,20260512_192557.jpg,.jpg,1002931,4608x2128,ok
Arka Neelachal Kesari,After Ripening,Arka Neelachal Kesari/After Ripening/20260512_192600.jpg,20260512_192600.jpg,.jpg,985247,4608x2128,ok
Arka Neelachal Kesari,After Ripening,Arka Neelachal Kesari/After Ripening/20260512_192602.jpg,20260512_192602.jpg,.jpg,985147,4608x2128,ok
Arka Neelachal Kesari,After Ripening,Arka Neelachal Kesari/After Ripening/20260512_192604(0).jpg,20260512_192604(0).jpg,.jpg,2457762,4608x2128,ok
Arka Neelachal Kesari,After Ripening,Arka Neelachal Kesari/After Ripening/20260512_192604.jpg,20260512_192604.jpg,.jpg,2453314,4608x2128,ok
Arka Neelachal Kesari,After Ripening,Arka Neelachal Kesari/After Ripening/20260512_192605.jpg,20260512_192605.jpg,.jpg,2467639,4608x2128,ok
Arka Neelachal Kesari,After Ripening,Arka Neelachal Kesari/After Ripening/20260512_192606.jpg,20260512_192606.jpg,.jpg,2458931,4608x2128,ok
Arka Neelachal Kesari,After Ripening,Arka Neelachal Kesari/After Ripening/20260512_192608(0).jpg,20260512_192608(0).jpg,.jpg,2460646,4608x2128,ok
Arka Neelachal Kesari,After Ripening,Arka Neelachal Kesari/After Ripening/20260512_192608.jpg,20260512_192608.jpg,.jpg,2457700,4608x2128,ok
Arka Neelachal Kesari,After Ripening,Arka Neelachal Kesari/After Ripening/20260512_192623(0).jpg,20260512_192623(0).jpg,.jpg,2481615,4608x2128,ok
Arka Neelachal Kesari,After Ripening,Arka Neelachal Kesari/After Ripening/20260512_192623.jpg,20260512_192623.jpg,.jpg,2484590,4608x2128,ok
Arka Neelachal Kesari,After Ripening,Arka Neelachal Kesari/After Ripening/20260512_192624.jpg,20260512_192624.jpg,.jpg,2482450,4608x2128,ok
Arka Neelachal Kesari,After Ripening,Arka Neelachal Kesari/After Ripening/20260512_192626(0).jpg,20260512_192626(0).jpg,.jpg,2511195,4608x2128,ok
Arka Neelachal Kesari,After Ripening,Arka Neelachal Kesari/After Ripening/20260512_192626.jpg,20260512_192626.jpg,.jpg,2498224,4608x2128,ok
Arka Neelachal Kesari,After Ripening,Arka Neelachal Kesari/After Ripening/20260512_192627.jpg,20260512_192627.jpg,.jpg,2505095,4608x2128,ok
Arka Neelachal Kesari,After Ripening,Arka Neelachal Kesari/After Ripening/20260512_192628.jpg,20260512_192628.jpg,.jpg,2514167,4608x2128,ok
Arka Neelachal Kesari,After Ripening,Arka Neelachal Kesari/After Ripening/20260512_192630.jpg,20260512_192630.jpg,.jpg,2520507,4608x2128,ok
Arka Neelachal Kesari,After Ripening,Arka Neelachal Kesari/After Ripening/20260512_192645.jpg,20260512_192645.jpg,.jpg,1888450,4608x2128,ok
Arka Neelachal Kesari,After Ripening,Arka Neelachal Kesari/After Ripening/20260512_192647.jpg,20260512_192647.jpg,.jpg,1876914,4608x2128,ok
Arka Neelachal Kesari,After Ripening,Arka Neelachal Kesari/After Ripening/20260512_192649.jpg,20260512_192649.jpg,.jpg,1762381,4608x2128,ok
Arka Neelachal Kesari,After Ripening,Arka Neelachal Kesari/After Ripening/20260512_192650.jpg,20260512_192650.jpg,.jpg,1860155,4608x2128,ok
Arka Neelachal Kesari,After Ripening,Arka Neelachal Kesari/After Ripening/20260512_192652.jpg,20260512_192652.jpg,.jpg,2290523,4608x2128,ok
Arka Neelachal Kesari,After Ripening,Arka Neelachal Kesari/After Ripening/20260512_192653.jpg,20260512_192653.jpg,.jpg,2404899,4608x2128,ok
Arka Neelachal Kesari,After Ripening,Arka Neelachal Kesari/After Ripening/20260512_192654.jpg,20260512_192654.jpg,.jpg,2392645,4608x2128,ok
Arka Neelachal Kesari,After Ripening,Arka Neelachal Kesari/After Ripening/20260512_192656.jpg,20260512_192656.jpg,.jpg,2523765,4608x2128,ok
Arka Neelachal Kesari,After Ripening,Arka Neelachal Kesari/After Ripening/20260512_192657.jpg,20260512_192657.jpg,.jpg,2521491,4608x2128,ok
Arka Neelachal Kesari,After Ripening,Arka Neelachal Kesari/After Ripening/20260512_192801.jpg,20260512_192801.jpg,.jpg,2282643,4608x2128,ok
Arka Neelachal Kesari,After Ripening,Arka Neelachal Kesari/After Ripening/20260512_192802(0).jpg,20260512_192802(0).jpg,.jpg,2274669,4608x2128,ok
Arka Neelachal Kesari,After Ripening,Arka Neelachal Kesari/After Ripening/20260512_192802.jpg,20260512_192802.jpg,.jpg,2268858,4608x2128,ok
Arka Neelachal Kesari,After Ripening,Arka Neelachal Kesari/After Ripening/20260512_192803.jpg,20260512_192803.jpg,.jpg,2313090,4608x2128,ok
Arka Neelachal Kesari,After Ripening,Arka Neelachal Kesari/After Ripening/20260512_192805(0).jpg,20260512_192805(0).jpg,.jpg,2298068,4608x2128,ok
Arka Neelachal Kesari,After Ripening,Arka Neelachal Kesari/After Ripening/20260512_192805.jpg,20260512_192805.jpg,.jpg,2294134,4608x2128,ok
Arka Neelachal Kesari,After Ripening,Arka Neelachal Kesari/After Ripening/20260512_192806.jpg,20260512_192806.jpg,.jpg,2279741,4608x2128,ok
Arka Neelachal Kesari,After Ripening,Arka Neelachal Kesari/After Ripening/20260512_192808.jpg,20260512_192808.jpg,.jpg,2280023,4608x2128,ok
Arka Neelachal Kesari,After Ripening,Arka Neelachal Kesari/After Ripening/20260512_192809.jpg,20260512_192809.jpg,.jpg,2263250,4608x2128,ok
Arka Neelachal Kesari,After Ripening,Arka Neelachal Kesari/After Ripening/20260512_192826.jpg,20260512_192826.jpg,.jpg,1628929,4608x2128,ok
Arka Neelachal Kesari,After Ripening,Arka Neelachal Kesari/After Ripening/20260512_192829(0).jpg,20260512_192829(0).jpg,.jpg,1540580,4608x2128,ok
Arka Neelachal Kesari,After Ripening,Arka Neelachal Kesari/After Ripening/20260512_192829.jpg,20260512_192829.jpg,.jpg,1538659,4608x2128,ok
Arka Neelachal Kesari,After Ripening,Arka Neelachal Kesari/After Ripening/20260512_192832.jpg,20260512_192832.jpg,.jpg,1606033,4608x2128,ok
Arka Neelachal Kesari,After Ripening,Arka Neelachal Kesari/After Ripening/20260512_192833.jpg,20260512_192833.jpg,.jpg,1594331,4608x2128,ok
Arka Neelachal Kesari,After Ripening,Arka Neelachal Kesari/After Ripening/20260512_192834.jpg,20260512_192834.jpg,.jpg,1576791,4608x2128,ok
Arka Neelachal Kesari,After Ripening,Arka Neelachal Kesari/After Ripening/20260512_192836.jpg,20260512_192836.jpg,.jpg,2299135,4608x2128,ok
Arka Neelachal Kesari,After Ripening,Arka Neelachal Kesari/After Ripening/20260512_192852.jpg,20260512_192852.jpg,.jpg,1617707,4608x2128,ok
Arka Neelachal Kesari,After Ripening,Arka Neelachal Kesari/After Ripening/20260512_192854.jpg,20260512_192854.jpg,.jpg,1608607,4608x2128,ok
Arka Neelachal Kesari,After Ripening,Arka Neelachal Kesari/After Ripening/20260512_192855.jpg,20260512_192855.jpg,.jpg,2229744,4608x2128,ok
Arka Neelachal Kesari,After Ripening,Arka Neelachal Kesari/After Ripening/20260512_192856.jpg,20260512_192856.jpg,.jpg,2298387,4608x2128,ok
Arka Neelachal Kesari,After Ripening,Arka Neelachal Kesari/After Ripening/20260512_192857.jpg,20260512_192857.jpg,.jpg,2295991,4608x2128,ok
Arka Neelachal Kesari,After Ripening,Arka Neelachal Kesari/After Ripening/20260512_192911.jpg,20260512_192911.jpg,.jpg,2353536,4608x2128,ok
Arka Neelachal Kesari,After Ripening,Arka Neelachal Kesari/After Ripening/20260512_192912.jpg,20260512_192912.jpg,.jpg,2347409,4608x2128,ok
Arka Neelachal Kesari,After Ripening,Arka Neelachal Kesari/After Ripening/20260512_192913.jpg,20260512_192913.jpg,.jpg,2338638,4608x2128,ok
Arka Neelachal Kesari,After Ripening,Arka Neelachal Kesari/After Ripening/20260512_192914.jpg,20260512_192914.jpg,.jpg,2238643,4608x2128,ok
Arka Neelachal Kesari,After Ripening,Arka Neelachal Kesari/After Ripening/20260512_192915.jpg,20260512_192915.jpg,.jpg,2235165,4608x2128,ok
Arka Neelachal Kesari,After Ripening,Arka Neelachal Kesari/After Ripening/20260512_192917(0).jpg,20260512_192917(0).jpg,.jpg,2284055,4608x2128,ok
Arka Neelachal Kesari,After Ripening,Arka Neelachal Kesari/After Ripening/20260512_192917.jpg,20260512_192917.jpg,.jpg,2294550,4608x2128,ok
Arka Neelachal Kesari,After Ripening,Arka Neelachal Kesari/After Ripening/20260512_192918.jpg,20260512_192918.jpg,.jpg,2273400,4608x2128,ok
Arka Neelachal Kesari,After Ripening,Arka Neelachal Kesari/After Ripening/20260512_192930.jpg,20260512_192930.jpg,.jpg,2398975,4608x2128,ok
Arka Neelachal Kesari,After Ripening,Arka Neelachal Kesari/After Ripening/20260512_192932.jpg,20260512_192932.jpg,.jpg,2421268,4608x2128,ok
Arka Neelachal Kesari,After Ripening,Arka Neelachal Kesari/After Ripening/20260512_192933(0).jpg,20260512_192933(0).jpg,.jpg,2407767,4608x2128,ok
Arka Neelachal Kesari,After Ripening,Arka Neelachal Kesari/After Ripening/20260512_192933.jpg,20260512_192933.jpg,.jpg,2408942,4608x2128,ok
Arka Neelachal Kesari,After Ripening,Arka Neelachal Kesari/After Ripening/20260512_192934.jpg,20260512_192934.jpg,.jpg,2412499,4608x2128,ok
Arka Neelachal Kesari,After Ripening,Arka Neelachal Kesari/After Ripening/20260512_192936.jpg,20260512_192936.jpg,.jpg,2441091,4608x2128,ok
Arka Neelachal Kesari,After Ripening,Arka Neelachal Kesari/After Ripening/20260512_192937.jpg,20260512_192937.jpg,.jpg,2446334,4608x2128,ok
Arka Neelachal Kesari,After Ripening,Arka Neelachal Kesari/After Ripening/20260512_192938.jpg,20260512_192938.jpg,.jpg,2445356,4608x2128,ok
Arka Neelachal Kesari,After Ripening,Arka Neelachal Kesari/After Ripening/20260512_192948.jpg,20260512_192948.jpg,.jpg,1597093,4608x2128,ok
Arka Neelachal Kesari,After Ripening,Arka Neelachal Kesari/After Ripening/20260512_192950.jpg,20260512_192950.jpg,.jpg,1691186,4608x2128,ok
Arka Neelachal Kesari,After Ripening,Arka Neelachal Kesari/After Ripening/20260512_192957.jpg,20260512_192957.jpg,.jpg,1571018,4608x2128,ok
Arka Neelachal Kesari,After Ripening,Arka Neelachal Kesari/After Ripening/20260512_192959.jpg,20260512_192959.jpg,.jpg,1688719,4608x2128,ok
Arka Neelachal Kesari,After Ripening,Arka Neelachal Kesari/After Ripening/20260512_193000.jpg,20260512_193000.jpg,.jpg,957467,4608x2128,ok
Arka Neelachal Kesari,After Ripening,Arka Neelachal Kesari/After Ripening/20260512_193003(0).jpg,20260512_193003(0).jpg,.jpg,1577586,4608x2128,ok
Arka Neelachal Kesari,After Ripening,Arka Neelachal Kesari/After Ripening/20260512_193003.jpg,20260512_193003.jpg,.jpg,1583177,4608x2128,ok
Arka Neelachal Kesari,After Ripening,Arka Neelachal Kesari/After Ripening/20260512_193005.jpg,20260512_193005.jpg,.jpg,1585378,4608x2128,ok
Arka Neelachal Kesari,After Ripening,Arka Neelachal Kesari/After Ripening/20260512_193031.jpg,20260512_193031.jpg,.jpg,1600159,4608x2128,ok
Arka Neelachal Kesari,After Ripening,Arka Neelachal Kesari/After Ripening/20260512_193033.jpg,20260512_193033.jpg,.jpg,1602109,4608x2128,ok
Arka Neelachal Kesari,After Ripening,Arka Neelachal Kesari/After Ripening/20260512_193034.jpg,20260512_193034.jpg,.jpg,2271167,4608x2128,ok
Arka Neelachal Kesari,After Ripening,Arka Neelachal Kesari/After Ripening/20260512_193035.jpg,20260512_193035.jpg,.jpg,2264692,4608x2128,ok
Arka Neelachal Kesari,After Ripening,Arka Neelachal Kesari/After Ripening/20260512_193036.jpg,20260512_193036.jpg,.jpg,2264358,4608x2128,ok
Arka Neelachal Kesari,After Ripening,Arka Neelachal Kesari/After Ripening/20260512_193037.jpg,20260512_193037.jpg,.jpg,2264779,4608x2128,ok
Arka Neelachal Kesari,After Ripening,Arka Neelachal Kesari/After Ripening/20260512_193139.jpg,20260512_193139.jpg,.jpg,2364689,4608x2128,ok
Arka Neelachal Kesari,After Ripening,Arka Neelachal Kesari/After Ripening/20260512_193140.jpg,20260512_193140.jpg,.jpg,2367006,4608x2128,ok
Arka Neelachal Kesari,After Ripening,Arka Neelachal Kesari/After Ripening/20260512_193141.jpg,20260512_193141.jpg,.jpg,2214538,4608x2128,ok
Arka Neelachal Kesari,After Ripening,Arka Neelachal Kesari/After Ripening/20260512_193148.jpg,20260512_193148.jpg,.jpg,2238114,4608x2128,ok
Arka Neelachal Kesari,After Ripening,Arka Neelachal Kesari/After Ripening/20260512_193151(0).jpg,20260512_193151(0).jpg,.jpg,2265069,4608x2128,ok
Arka Neelachal Kesari,After Ripening,Arka Neelachal Kesari/After Ripening/20260512_193151.jpg,20260512_193151.jpg,.jpg,2267039,4608x2128,ok
Arka Neelachal Kesari,After Ripening,Arka Neelachal Kesari/After Ripening/20260512_193152.jpg,20260512_193152.jpg,.jpg,2256856,4608x2128,ok
Arka Neelachal Kesari,After Ripening,Arka Neelachal Kesari/After Ripening/20260512_193154.jpg,20260512_193154.jpg,.jpg,2275486,4608x2128,ok
Arka Neelachal Kesari,After Ripening,Arka Neelachal Kesari/After Ripening/20260512_193219.jpg,20260512_193219.jpg,.jpg,1672434,4608x2128,ok
Arka Neelachal Kesari,After Ripening,Arka Neelachal Kesari/After Ripening/20260512_193222.jpg,20260512_193222.jpg,.jpg,2376535,4608x2128,ok
Arka Neelachal Kesari,After Ripening,Arka Neelachal Kesari/After Ripening/20260512_193223.jpg,20260512_193223.jpg,.jpg,2374833,4608x2128,ok
Arka Neelachal Kesari,After Ripening,Arka Neelachal Kesari/After Ripening/20260512_193224.jpg,20260512_193224.jpg,.jpg,2383359,4608x2128,ok
Arka Neelachal Kesari,After Ripening,Arka Neelachal Kesari/After Ripening/20260512_193225.jpg,20260512_193225.jpg,.jpg,2309266,4608x2128,ok
Arka Neelachal Kesari,After Ripening,Arka Neelachal Kesari/After Ripening/20260512_193228.jpg,20260512_193228.jpg,.jpg,2402617,4608x2128,ok
Arka Neelachal Kesari,After Ripening,Arka Neelachal Kesari/After Ripening/20260512_193229(0).jpg,20260512_193229(0).jpg,.jpg,2393515,4608x2128,ok
Arka Neelachal Kesari,After Ripening,Arka Neelachal Kesari/After Ripening/20260512_193229.jpg,20260512_193229.jpg,.jpg,2391204,4608x2128,ok
Arka Neelachal Kesari,After Ripening,Arka Neelachal Kesari/After Ripening/20260512_193240.jpg,20260512_193240.jpg,.jpg,1689020,4608x2128,ok
Arka Neelachal Kesari,After Ripening,Arka Neelachal Kesari/After Ripening/20260512_193241.jpg,20260512_193241.jpg,.jpg,2239818,4608x2128,ok
Arka Neelachal Kesari,After Ripening,Arka Neelachal Kesari/After Ripening/20260512_193243.jpg,20260512_193243.jpg,.jpg,2431822,4608x2128,ok
Arka Neelachal Kesari,After Ripening,Arka Neelachal Kesari/After Ripening/20260512_193244.jpg,20260512_193244.jpg,.jpg,2432893,4608x2128,ok
Arka Neelachal Kesari,After Ripening,Arka Neelachal Kesari/After Ripening/20260512_193245(0).jpg,20260512_193245(0).jpg,.jpg,2430407,4608x2128,ok
Arka Neelachal Kesari,After Ripening,Arka Neelachal Kesari/After Ripening/20260512_193245.jpg,20260512_193245.jpg,.jpg,2429851,4608x2128,ok
Arka Neelachal Kesari,After Ripening,Arka Neelachal Kesari/After Ripening/20260512_193246.jpg,20260512_193246.jpg,.jpg,2322015,4608x2128,ok
Arka Neelachal Kesari,After Ripening,Arka Neelachal Kesari/After Ripening/20260512_193311.jpg,20260512_193311.jpg,.jpg,1652569,4608x2128,ok
Arka Neelachal Kesari,After Ripening,Arka Neelachal Kesari/After Ripening/20260512_193314.jpg,20260512_193314.jpg,.jpg,1608964,4608x2128,ok
Arka Neelachal Kesari,After Ripening,Arka Neelachal Kesari/After Ripening/20260512_193315.jpg,20260512_193315.jpg,.jpg,1624398,4608x2128,ok
Arka Neelachal Kesari,After Ripening,Arka Neelachal Kesari/After Ripening/20260512_193316.jpg,20260512_193316.jpg,.jpg,1609614,4608x2128,ok
Arka Neelachal Kesari,After Ripening,Arka Neelachal Kesari/After Ripening/20260512_193318.jpg,20260512_193318.jpg,.jpg,1653340,4608x2128,ok
Arka Neelachal Kesari,After Ripening,Arka Neelachal Kesari/After Ripening/20260512_193319.jpg,20260512_193319.jpg,.jpg,1663373,4608x2128,ok
Arka Neelachal Kesari,After Ripening,Arka Neelachal Kesari/After Ripening/20260512_193321.jpg,20260512_193321.jpg,.jpg,1651620,4608x2128,ok
Arka Neelachal Kesari,After Ripening,Arka Neelachal Kesari/After Ripening/20260512_193415.jpg,20260512_193415.jpg,.jpg,1543261,4608x2128,ok
Arka Neelachal Kesari,After Ripening,Arka Neelachal Kesari/After Ripening/20260512_193416.jpg,20260512_193416.jpg,.jpg,2261057,4608x2128,ok
Arka Neelachal Kesari,After Ripening,Arka Neelachal Kesari/After Ripening/20260512_193417.jpg,20260512_193417.jpg,.jpg,2308207,4608x2128,ok
Arka Neelachal Kesari,After Ripening,Arka Neelachal Kesari/After Ripening/20260512_193418.jpg,20260512_193418.jpg,.jpg,2307168,4608x2128,ok
Arka Neelachal Kesari,After Ripening,Arka Neelachal Kesari/After Ripening/20260512_193419.jpg,20260512_193419.jpg,.jpg,2304937,4608x2128,ok
Arka Neelachal Kesari,After Ripening,Arka Neelachal Kesari/After Ripening/20260512_193420.jpg,20260512_193420.jpg,.jpg,2261187,4608x2128,ok
Arka Neelachal Kesari,After Ripening,Arka Neelachal Kesari/After Ripening/20260512_193607.jpg,20260512_193607.jpg,.jpg,1571076,4608x2128,ok
Arka Neelachal Kesari,After Ripening,Arka Neelachal Kesari/After Ripening/20260512_193629.jpg,20260512_193629.jpg,.jpg,1006424,4608x2128,ok
Arka Neelachal Kesari,After Ripening,Arka Neelachal Kesari/After Ripening/20260512_193631.jpg,20260512_193631.jpg,.jpg,1749481,4608x2128,ok
Arka Neelachal Kesari,After Ripening,Arka Neelachal Kesari/After Ripening/20260512_193632.jpg,20260512_193632.jpg,.jpg,1768317,4608x2128,ok
Arka Neelachal Kesari,After Ripening,Arka Neelachal Kesari/After Ripening/20260512_193635.jpg,20260512_193635.jpg,.jpg,1758170,4608x2128,ok
Arka Neelachal Kesari,After Ripening,Arka Neelachal Kesari/After Ripening/20260512_193637.jpg,20260512_193637.jpg,.jpg,1765203,4608x2128,ok
Arka Neelachal Kesari,After Ripening,Arka Neelachal Kesari/After Ripening/20260512_193639.jpg,20260512_193639.jpg,.jpg,1765409,4608x2128,ok
Arka Neelachal Kesari,After Ripening,Arka Neelachal Kesari/After Ripening/20260512_193642.jpg,20260512_193642.jpg,.jpg,1806441,4608x2128,ok
Arka Neelachal Kesari,After Ripening,Arka Neelachal Kesari/After Ripening/20260512_193645.jpg,20260512_193645.jpg,.jpg,2547973,4608x2128,ok
Arka Neelachal Kesari,After Ripening,Arka Neelachal Kesari/After Ripening/20260512_193647.jpg,20260512_193647.jpg,.jpg,2531308,4608x2128,ok
Arka Neelachal Kesari,After Ripening,Arka Neelachal Kesari/After Ripening/20260512_193649.jpg,20260512_193649.jpg,.jpg,2485104,4608x2128,ok
Arka Neelachal Kesari,After Ripening,Arka Neelachal Kesari/After Ripening/20260512_193650.jpg,20260512_193650.jpg,.jpg,2485762,4608x2128,ok
Arka Neelachal Kesari,After Ripening,Arka Neelachal Kesari/After Ripening/20260512_193651.jpg,20260512_193651.jpg,.jpg,2485411,4608x2128,ok
Arka Neelachal Kesari,After Ripening,Arka Neelachal Kesari/After Ripening/20260512_194116.jpg,20260512_194116.jpg,.jpg,2132738,4608x2128,ok
Arka Neelachal Kesari,After Ripening,Arka Neelachal Kesari/After Ripening/20260512_194119.jpg,20260512_194119.jpg,.jpg,1803816,4608x2128,ok
Arka Neelachal Kesari,After Ripening,Arka Neelachal Kesari/After Ripening/20260512_194121.jpg,20260512_194121.jpg,.jpg,1799944,4608x2128,ok
Arka Neelachal Kesari,After Ripening,Arka Neelachal Kesari/After Ripening/20260512_194124.jpg,20260512_194124.jpg,.jpg,1796804,4608x2128,ok
Arka Neelachal Kesari,After Ripening,Arka Neelachal Kesari/After Ripening/20260512_194156.jpg,20260512_194156.jpg,.jpg,2164864,4608x2128,ok
Arka Neelachal Kesari,After Ripening,Arka Neelachal Kesari/After Ripening/20260512_194159.jpg,20260512_194159.jpg,.jpg,1800252,4608x2128,ok
Arka Neelachal Kesari,After Ripening,Arka Neelachal Kesari/After Ripening/20260512_194202.jpg,20260512_194202.jpg,.jpg,1442464,4608x2128,ok
Arka Neelachal Kesari,After Ripening,Arka Neelachal Kesari/After Ripening/20260512_194204(0).jpg,20260512_194204(0).jpg,.jpg,2560290,4608x2128,ok
Arka Neelachal Kesari,After Ripening,Arka Neelachal Kesari/After Ripening/20260512_194204.jpg,20260512_194204.jpg,.jpg,2572549,4608x2128,ok
Arka Neelachal Kesari,After Ripening,Arka Neelachal Kesari/After Ripening/20260512_194217.jpg,20260512_194217.jpg,.jpg,1924826,4608x2128,ok
Arka Neelachal Kesari,After Ripening,Arka Neelachal Kesari/After Ripening/20260512_194219.jpg,20260512_194219.jpg,.jpg,1889252,4608x2128,ok
Arka Neelachal Kesari,After Ripening,Arka Neelachal Kesari/After Ripening/20260512_194220.jpg,20260512_194220.jpg,.jpg,1890691,4608x2128,ok
Arka Neelachal Kesari,After Ripening,Arka Neelachal Kesari/After Ripening/20260512_194223.jpg,20260512_194223.jpg,.jpg,1750939,4608x2128,ok
Arka Neelachal Kesari,After Ripening,Arka Neelachal Kesari/After Ripening/20260512_194241.jpg,20260512_194241.jpg,.jpg,2512615,4608x2128,ok
Arka Neelachal Kesari,After Ripening,Arka Neelachal Kesari/After Ripening/20260512_194242.jpg,20260512_194242.jpg,.jpg,2555151,4608x2128,ok
Arka Neelachal Kesari,After Ripening,Arka Neelachal Kesari/After Ripening/20260512_194243.jpg,20260512_194243.jpg,.jpg,2546428,4608x2128,ok
Arka Neelachal Kesari,After Ripening,Arka Neelachal Kesari/After Ripening/20260512_194245.jpg,20260512_194245.jpg,.jpg,2505159,4608x2128,ok
Arka Neelachal Kesari,After Ripening,Arka Neelachal Kesari/After Ripening/20260512_194246.jpg,20260512_194246.jpg,.jpg,2502657,4608x2128,ok
Arka Neelachal Kesari,After Ripening,Arka Neelachal Kesari/After Ripening/20260512_194249.jpg,20260512_194249.jpg,.jpg,1509436,4608x2128,ok
Arka Neelachal Kesari,After Ripening,Arka Neelachal Kesari/After Ripening/20260512_194251.jpg,20260512_194251.jpg,.jpg,1480861,4608x2128,ok
Arka Neelachal Kesari,After Ripening,Arka Neelachal Kesari/After Ripening/20260512_194323.jpg,20260512_194323.jpg,.jpg,998009,4608x2128,ok
Arka Neelachal Kesari,After Ripening,Arka Neelachal Kesari/After Ripening/20260512_194325.jpg,20260512_194325.jpg,.jpg,987010,4608x2128,ok
Arka Neelachal Kesari,After Ripening,Arka Neelachal Kesari/After Ripening/20260512_194352.jpg,20260512_194352.jpg,.jpg,981316,4608x2128,ok
Arka Neelachal Kesari,After Ripening,Arka Neelachal Kesari/After Ripening/20260512_194355.jpg,20260512_194355.jpg,.jpg,1005325,4608x2128,ok
Arka Neelachal Kesari,After Ripening,Arka Neelachal Kesari/After Ripening/20260512_194357.jpg,20260512_194357.jpg,.jpg,1001335,4608x2128,ok
Arka Neelachal Kesari,After Ripening,Arka Neelachal Kesari/After Ripening/20260512_194358.jpg,20260512_194358.jpg,.jpg,2247447,4608x2128,ok
Arka Neelachal Kesari,After Ripening,Arka Neelachal Kesari/After Ripening/20260512_194400.jpg,20260512_194400.jpg,.jpg,2470801,4608x2128,ok
Arka Neelachal Kesari,After Ripening,Arka Neelachal Kesari/After Ripening/20260512_194401.jpg,20260512_194401.jpg,.jpg,2473819,4608x2128,ok
Arka Neelachal Kesari,After Ripening,Arka Neelachal Kesari/After Ripening/20260512_194421.jpg,20260512_194421.jpg,.jpg,2369632,4608x2128,ok
Arka Neelachal Kesari,After Ripening,Arka Neelachal Kesari/After Ripening/20260512_194422.jpg,20260512_194422.jpg,.jpg,2264592,4608x2128,ok
Arka Neelachal Kesari,After Ripening,Arka Neelachal Kesari/After Ripening/20260512_194423.jpg,20260512_194423.jpg,.jpg,2261491,4608x2128,ok
Arka Neelachal Kesari,After Ripening,Arka Neelachal Kesari/After Ripening/20260512_194424.jpg,20260512_194424.jpg,.jpg,2468609,4608x2128,ok
Arka Neelachal Kesari,After Ripening,Arka Neelachal Kesari/After Ripening/20260512_194425.jpg,20260512_194425.jpg,.jpg,2465580,4608x2128,ok
Arka Neelachal Kesari,After Ripening,Arka Neelachal Kesari/After Ripening/20260512_194501.jpg,20260512_194501.jpg,.jpg,2371903,4608x2128,ok
Arka Neelachal Kesari,After Ripening,Arka Neelachal Kesari/After Ripening/20260512_194510.jpg,20260512_194510.jpg,.jpg,971491,4608x2128,ok
Arka Neelachal Kesari,After Ripening,Arka Neelachal Kesari/After Ripening/20260512_194513.jpg,20260512_194513.jpg,.jpg,1736909,4608x2128,ok
Arka Neelachal Kesari,After Ripening,Arka Neelachal Kesari/After Ripening/20260512_194515(0).jpg,20260512_194515(0).jpg,.jpg,2442295,4608x2128,ok
Arka Neelachal Kesari,After Ripening,Arka Neelachal Kesari/After Ripening/20260512_194515.jpg,20260512_194515.jpg,.jpg,2441402,4608x2128,ok
Arka Neelachal Kesari,After Ripening,Arka Neelachal Kesari/After Ripening/20260512_194516.jpg,20260512_194516.jpg,.jpg,2433537,4608x2128,ok
Arka Neelachal Kesari,After Ripening,Arka Neelachal Kesari/After Ripening/20260512_194536.jpg,20260512_194536.jpg,.jpg,1817148,4608x2128,ok
Arka Neelachal Kesari,After Ripening,Arka Neelachal Kesari/After Ripening/20260512_194537.jpg,20260512_194537.jpg,.jpg,2430567,4608x2128,ok
Arka Neelachal Kesari,After Ripening,Arka Neelachal Kesari/After Ripening/20260512_194538(0).jpg,20260512_194538(0).jpg,.jpg,2404878,4608x2128,ok
Arka Neelachal Kesari,After Ripening,Arka Neelachal Kesari/After Ripening/20260512_194538.jpg,20260512_194538.jpg,.jpg,2416576,4608x2128,ok
Arka Neelachal Kesari,After Ripening,Arka Neelachal Kesari/After Ripening/20260512_194539(0).jpg,20260512_194539(0).jpg,.jpg,2444310,4608x2128,ok
Arka Neelachal Kesari,After Ripening,Arka Neelachal Kesari/After Ripening/20260512_194539.jpg,20260512_194539.jpg,.jpg,2437035,4608x2128,ok
Arka Neelachal Kesari,After Ripening,Arka Neelachal Kesari/After Ripening/20260512_194541(0).jpg,20260512_194541(0).jpg,.jpg,2512347,4608x2128,ok
Arka Neelachal Kesari,After Ripening,Arka Neelachal Kesari/After Ripening/20260512_194541.jpg,20260512_194541.jpg,.jpg,2485516,4608x2128,ok
Arka Neelachal Kesari,After Ripening,Arka Neelachal Kesari/After Ripening/20260512_194542.jpg,20260512_194542.jpg,.jpg,2511776,4608x2128,ok
Arka Neelachal Kesari,After Ripening,Arka Neelachal Kesari/After Ripening/20260512_194557.jpg,20260512_194557.jpg,.jpg,1551637,4608x2128,ok
Arka Neelachal Kesari,After Ripening,Arka Neelachal Kesari/After Ripening/20260512_194559.jpg,20260512_194559.jpg,.jpg,1551840,4608x2128,ok
Arka Neelachal Kesari,After Ripening,Arka Neelachal Kesari/After Ripening/20260512_194601.jpg,20260512_194601.jpg,.jpg,1550710,4608x2128,ok
Arka Neelachal Kesari,After Ripening,Arka Neelachal Kesari/After Ripening/20260512_194603.jpg,20260512_194603.jpg,.jpg,1555461,4608x2128,ok
Arka Neelachal Kesari,After Ripening,Arka Neelachal Kesari/After Ripening/20260512_194605(0).jpg,20260512_194605(0).jpg,.jpg,2454936,4608x2128,ok
Arka Neelachal Kesari,After Ripening,Arka Neelachal Kesari/After Ripening/20260512_194605.jpg,20260512_194605.jpg,.jpg,2466222,4608x2128,ok
Arka Neelachal Kesari,After Ripening,Arka Neelachal Kesari/After Ripening/20260512_194608.jpg,20260512_194608.jpg,.jpg,2468744,4608x2128,ok
Arka Neelachal Kesari,After Ripening,Arka Neelachal Kesari/After Ripening/20260512_194609.jpg,20260512_194609.jpg,.jpg,2465482,4608x2128,ok
Arka Neelachal Kesari,After Ripening,Arka Neelachal Kesari/After Ripening/20260512_194805.jpg,20260512_194805.jpg,.jpg,2446258,4608x2128,ok
Arka Neelachal Kesari,After Ripening,Arka Neelachal Kesari/After Ripening/20260512_194806.jpg,20260512_194806.jpg,.jpg,2240962,4608x2128,ok
Arka Neelachal Kesari,After Ripening,Arka Neelachal Kesari/After Ripening/20260512_194808(0).jpg,20260512_194808(0).jpg,.jpg,2416681,4608x2128,ok
Arka Neelachal Kesari,After Ripening,Arka Neelachal Kesari/After Ripening/20260512_194808.jpg,20260512_194808.jpg,.jpg,2444388,4608x2128,ok
Arka Neelachal Kesari,After Ripening,Arka Neelachal Kesari/After Ripening/20260512_194809.jpg,20260512_194809.jpg,.jpg,2418941,4608x2128,ok
Arka Neelachal Kesari,After Ripening,Arka Neelachal Kesari/After Ripening/20260512_194829.jpg,20260512_194829.jpg,.jpg,2469526,4608x2128,ok
Arka Neelachal Kesari,After Ripening,Arka Neelachal Kesari/After Ripening/20260512_194830.jpg,20260512_194830.jpg,.jpg,2469817,4608x2128,ok
Arka Neelachal Kesari,After Ripening,Arka Neelachal Kesari/After Ripening/20260512_194832(0).jpg,20260512_194832(0).jpg,.jpg,2392842,4608x2128,ok
Arka Neelachal Kesari,After Ripening,Arka Neelachal Kesari/After Ripening/20260512_194832.jpg,20260512_194832.jpg,.jpg,2389583,4608x2128,ok
Arka Neelachal Kesari,After Ripening,Arka Neelachal Kesari/After Ripening/20260512_194834.jpg,20260512_194834.jpg,.jpg,2415903,4608x2128,ok
Arka Neelachal Kesari,After Ripening,Arka Neelachal Kesari/After Ripening/20260512_194836.jpg,20260512_194836.jpg,.jpg,2397873,4608x2128,ok
Arka Neelachal Kesari,After Ripening,Arka Neelachal Kesari/After Ripening/20260512_194917.jpg,20260512_194917.jpg,.jpg,1476174,4608x2128,ok
Arka Neelachal Kesari,After Ripening,Arka Neelachal Kesari/After Ripening/20260512_194919.jpg,20260512_194919.jpg,.jpg,1712953,4608x2128,ok
Arka Neelachal Kesari,After Ripening,Arka Neelachal Kesari/After Ripening/20260512_194920.jpg,20260512_194920.jpg,.jpg,1702782,4608x2128,ok
Arka Neelachal Kesari,After Ripening,Arka Neelachal Kesari/After Ripening/20260512_194922.jpg,20260512_194922.jpg,.jpg,987701,4608x2128,ok
Arka Neelachal Kesari,After Ripening,Arka Neelachal Kesari/After Ripening/20260512_194924.jpg,20260512_194924.jpg,.jpg,988440,4608x2128,ok
Arka Neelachal Kesari,After Ripening,Arka Neelachal Kesari/After Ripening/20260512_194938.jpg,20260512_194938.jpg,.jpg,2514032,4608x2128,ok
Arka Neelachal Kesari,After Ripening,Arka Neelachal Kesari/After Ripening/20260512_194939.jpg,20260512_194939.jpg,.jpg,2516474,4608x2128,ok
Arka Neelachal Kesari,After Ripening,Arka Neelachal Kesari/After Ripening/20260512_194940.jpg,20260512_194940.jpg,.jpg,2314429,4608x2128,ok
Arka Neelachal Kesari,After Ripening,Arka Neelachal Kesari/After Ripening/20260512_194942.jpg,20260512_194942.jpg,.jpg,1839131,4608x2128,ok
Arka Neelachal Kesari,After Ripening,Arka Neelachal Kesari/After Ripening/20260512_194944.jpg,20260512_194944.jpg,.jpg,1429923,4608x2128,ok
Arka Neelachal Kesari,After Ripening,Arka Neelachal Kesari/After Ripening/20260512_194945.jpg,20260512_194945.jpg,.jpg,2542770,4608x2128,ok
Arka Neelachal Kesari,After Ripening,Arka Neelachal Kesari/After Ripening/20260512_194946.jpg,20260512_194946.jpg,.jpg,2537764,4608x2128,ok
Arka Neelachal Kesari,After Ripening,Arka Neelachal Kesari/After Ripening/20260512_194947.jpg,20260512_194947.jpg,.jpg,2538336,4608x2128,ok
Arka Neelachal Kesari,After Ripening,Arka Neelachal Kesari/After Ripening/20260512_195010.jpg,20260512_195010.jpg,.jpg,1477023,4608x2128,ok
Arka Neelachal Kesari,After Ripening,Arka Neelachal Kesari/After Ripening/20260512_195012.jpg,20260512_195012.jpg,.jpg,1484375,4608x2128,ok
Arka Neelachal Kesari,After Ripening,Arka Neelachal Kesari/After Ripening/20260512_195014.jpg,20260512_195014.jpg,.jpg,1479541,4608x2128,ok
Arka Neelachal Kesari,After Ripening,Arka Neelachal Kesari/After Ripening/20260512_195017.jpg,20260512_195017.jpg,.jpg,1124271,4608x2128,ok
Arka Neelachal Kesari,After Ripening,Arka Neelachal Kesari/After Ripening/20260512_195019.jpg,20260512_195019.jpg,.jpg,1116475,4608x2128,ok
Arka Neelachal Kesari,After Ripening,Arka Neelachal Kesari/After Ripening/20260512_195043(0).jpg,20260512_195043(0).jpg,.jpg,2490618,4608x2128,ok
Arka Neelachal Kesari,After Ripening,Arka Neelachal Kesari/After Ripening/20260512_195043.jpg,20260512_195043.jpg,.jpg,2516867,4608x2128,ok
Arka Neelachal Kesari,After Ripening,Arka Neelachal Kesari/After Ripening/20260512_195045.jpg,20260512_195045.jpg,.jpg,2572753,4608x2128,ok
Arka Neelachal Kesari,After Ripening,Arka Neelachal Kesari/After Ripening/20260512_195046.jpg,20260512_195046.jpg,.jpg,2572901,4608x2128,ok
Arka Neelachal Kesari,After Ripening,Arka Neelachal Kesari/After Ripening/20260512_195047.jpg,20260512_195047.jpg,.jpg,2557674,4608x2128,ok
Arka Neelachal Kesari,After Ripening,Arka Neelachal Kesari/After Ripening/20260512_195048.jpg,20260512_195048.jpg,.jpg,2568837,4608x2128,ok
Arka Neelachal Kesari,After Ripening,Arka Neelachal Kesari/After Ripening/20260512_195051.jpg,20260512_195051.jpg,.jpg,1846980,4608x2128,ok
Arka Neelachal Kesari,After Ripening,Arka Neelachal Kesari/After Ripening/20260512_195053.jpg,20260512_195053.jpg,.jpg,1070956,4608x2128,ok
Arka Neelachal Kesari,After Ripening,Arka Neelachal Kesari/After Ripening/20260512_195056.jpg,20260512_195056.jpg,.jpg,1835997,4608x2128,ok
Arka Neelachal Kesari,After Ripening,Arka Neelachal Kesari/After Ripening/20260512_195059.jpg,20260512_195059.jpg,.jpg,1092719,4608x2128,ok
Arka Neelachal Kesari,After Ripening,Arka Neelachal Kesari/After Ripening/20260512_195242.jpg,20260512_195242.jpg,.jpg,1132548,4608x2128,ok
Arka Neelachal Kesari,After Ripening,Arka Neelachal Kesari/After Ripening/20260512_195245.jpg,20260512_195245.jpg,.jpg,1752070,4608x2128,ok
Arka Neelachal Kesari,After Ripening,Arka Neelachal Kesari/After Ripening/20260512_195247.jpg,20260512_195247.jpg,.jpg,1765475,4608x2128,ok
Arka Neelachal Kesari,After Ripening,Arka Neelachal Kesari/After Ripening/20260512_195250.jpg,20260512_195250.jpg,.jpg,1821112,4608x2128,ok
Arka Neelachal Kesari,After Ripening,Arka Neelachal Kesari/After Ripening/20260512_195308.jpg,20260512_195308.jpg,.jpg,1585015,4608x2128,ok
Arka Neelachal Kesari,After Ripening,Arka Neelachal Kesari/After Ripening/20260512_195310.jpg,20260512_195310.jpg,.jpg,2130767,4608x2128,ok
Arka Neelachal Kesari,After Ripening,Arka Neelachal Kesari/After Ripening/20260512_195312.jpg,20260512_195312.jpg,.jpg,2331210,4608x2128,ok
Arka Neelachal Kesari,After Ripening,Arka Neelachal Kesari/After Ripening/20260512_195313.jpg,20260512_195313.jpg,.jpg,2321855,4608x2128,ok
Arka Neelachal Kesari,After Ripening,Arka Neelachal Kesari/After Ripening/20260512_195316.jpg,20260512_195316.jpg,.jpg,1479244,4608x2128,ok
Arka Neelachal Kesari,After Ripening,Arka Neelachal Kesari/After Ripening/20260512_195318.jpg,20260512_195318.jpg,.jpg,1465320,4608x2128,ok
Arka Neelachal Kesari,After Ripening,Arka Neelachal Kesari/After Ripening/20260512_195319.jpg,20260512_195319.jpg,.jpg,1447299,4608x2128,ok
Arka Neelachal Kesari,After Ripening,Arka Neelachal Kesari/After Ripening/20260512_195321.jpg,20260512_195321.jpg,.jpg,1431721,4608x2128,ok
Arka Neelachal Kesari,After Ripening,Arka Neelachal Kesari/After Ripening/20260512_195322.jpg,20260512_195322.jpg,.jpg,1416424,4608x2128,ok
Arka Neelachal Kesari,After Ripening,Arka Neelachal Kesari/After Ripening/20260512_195325.jpg,20260512_195325.jpg,.jpg,1454604,4608x2128,ok
Arka Neelachal Kesari,After Ripening,Arka Neelachal Kesari/After Ripening/20260512_195327.jpg,20260512_195327.jpg,.jpg,1462762,4608x2128,ok
Arka Neelachal Kesari,After Ripening,Arka Neelachal Kesari/After Ripening/20260512_195341.jpg,20260512_195341.jpg,.jpg,2121501,4608x2128,ok
Arka Neelachal Kesari,After Ripening,Arka Neelachal Kesari/After Ripening/20260512_195344.jpg,20260512_195344.jpg,.jpg,2147467,4608x2128,ok
Arka Neelachal Kesari,After Ripening,Arka Neelachal Kesari/After Ripening/20260512_195347.jpg,20260512_195347.jpg,.jpg,1804367,4608x2128,ok
Arka Neelachal Kesari,After Ripening,Arka Neelachal Kesari/After Ripening/20260512_195405.jpg,20260512_195405.jpg,.jpg,1902614,4608x2128,ok
Arka Neelachal Kesari,After Ripening,Arka Neelachal Kesari/After Ripening/20260512_195406.jpg,20260512_195406.jpg,.jpg,2100569,4608x2128,ok
Arka Neelachal Kesari,After Ripening,Arka Neelachal Kesari/After Ripening/20260512_195407.jpg,20260512_195407.jpg,.jpg,2102817,4608x2128,ok
Arka Neelachal Kesari,After Ripening,Arka Neelachal Kesari/After Ripening/20260512_195408.jpg,20260512_195408.jpg,.jpg,2102888,4608x2128,ok
Arka Neelachal Kesari,After Ripening,Arka Neelachal Kesari/After Ripening/20260512_195426.jpg,20260512_195426.jpg,.jpg,807285,4608x2128,ok
Arka Neelachal Kesari,After Ripening,Arka Neelachal Kesari/After Ripening/20260512_195428.jpg,20260512_195428.jpg,.jpg,1624983,4608x2128,ok
Arka Neelachal Kesari,After Ripening,Arka Neelachal Kesari/After Ripening/20260512_195429.jpg,20260512_195429.jpg,.jpg,1623289,4608x2128,ok
Arka Neelachal Kesari,After Ripening,Arka Neelachal Kesari/After Ripening/20260512_195431.jpg,20260512_195431.jpg,.jpg,1611878,4608x2128,ok
Arka Neelachal Kesari,After Ripening,Arka Neelachal Kesari/After Ripening/20260512_195525.jpg,20260512_195525.jpg,.jpg,1468093,4608x2128,ok
Arka Neelachal Kesari,After Ripening,Arka Neelachal Kesari/After Ripening/20260512_195527.jpg,20260512_195527.jpg,.jpg,1464834,4608x2128,ok
Arka Neelachal Kesari,After Ripening,Arka Neelachal Kesari/After Ripening/20260512_195528.jpg,20260512_195528.jpg,.jpg,1453605,4608x2128,ok
Arka Neelachal Kesari,After Ripening,Arka Neelachal Kesari/After Ripening/20260512_195530.jpg,20260512_195530.jpg,.jpg,1483934,4608x2128,ok
Arka Neelachal Kesari,After Ripening,Arka Neelachal Kesari/After Ripening/20260512_195532.jpg,20260512_195532.jpg,.jpg,1424721,4608x2128,ok
Arka Neelachal Kesari,After Ripening,Arka Neelachal Kesari/After Ripening/20260512_195536.jpg,20260512_195536.jpg,.jpg,1489605,4608x2128,ok
Arka Neelachal Kesari,After Ripening,Arka Neelachal Kesari/After Ripening/20260512_195537.jpg,20260512_195537.jpg,.jpg,1489507,4608x2128,ok
Arka Neelachal Kesari,After Ripening,Arka Neelachal Kesari/After Ripening/20260512_195605.jpg,20260512_195605.jpg,.jpg,1425163,4608x2128,ok
Arka Neelachal Kesari,After Ripening,Arka Neelachal Kesari/After Ripening/20260512_195607.jpg,20260512_195607.jpg,.jpg,1476463,4608x2128,ok
Arka Neelachal Kesari,After Ripening,Arka Neelachal Kesari/After Ripening/20260512_195608(0).jpg,20260512_195608(0).jpg,.jpg,1464548,4608x2128,ok
Arka Neelachal Kesari,After Ripening,Arka Neelachal Kesari/After Ripening/20260512_195608.jpg,20260512_195608.jpg,.jpg,1462326,4608x2128,ok
Arka Neelachal Kesari,After Ripening,Arka Neelachal Kesari/After Ripening/20260512_195609.jpg,20260512_195609.jpg,.jpg,2028509,4608x2128,ok
Arka Neelachal Kesari,After Ripening,Arka Neelachal Kesari/After Ripening/20260512_195610.jpg,20260512_195610.jpg,.jpg,2029664,4608x2128,ok
Arka Neelachal Kesari,After Ripening,Arka Neelachal Kesari/After Ripening/20260512_195612(0).jpg,20260512_195612(0).jpg,.jpg,2102754,4608x2128,ok
Arka Neelachal Kesari,After Ripening,Arka Neelachal Kesari/After Ripening/20260512_195612.jpg,20260512_195612.jpg,.jpg,2103905,4608x2128,ok
Arka Neelachal Kesari,After Ripening,Arka Neelachal Kesari/After Ripening/20260512_195632.jpg,20260512_195632.jpg,.jpg,1469699,4608x2128,ok
Arka Neelachal Kesari,After Ripening,Arka Neelachal Kesari/After Ripening/20260512_195634.jpg,20260512_195634.jpg,.jpg,1496854,4608x2128,ok
Arka Neelachal Kesari,After Ripening,Arka Neelachal Kesari/After Ripening/20260512_195636.jpg,20260512_195636.jpg,.jpg,1451220,4608x2128,ok
Arka Neelachal Kesari,After Ripening,Arka Neelachal Kesari/After Ripening/20260512_195637(0).jpg,20260512_195637(0).jpg,.jpg,1451485,4608x2128,ok
Arka Neelachal Kesari,After Ripening,Arka Neelachal Kesari/After Ripening/20260512_195637.jpg,20260512_195637.jpg,.jpg,1447983,4608x2128,ok
Arka Neelachal Kesari,After Ripening,Arka Neelachal Kesari/After Ripening/20260512_195639.jpg,20260512_195639.jpg,.jpg,1448459,4608x2128,ok
Arka Neelachal Kesari,After Ripening,Arka Neelachal Kesari/After Ripening/20260512_195640.jpg,20260512_195640.jpg,.jpg,1451182,4608x2128,ok
Arka Neelachal Kesari,After Ripening,Arka Neelachal Kesari/After Ripening/20260512_195641.jpg,20260512_195641.jpg,.jpg,1448760,4608x2128,ok
Arka Neelachal Kesari,After Ripening,Arka Neelachal Kesari/After Ripening/20260512_195654(0).jpg,20260512_195654(0).jpg,.jpg,1445017,4608x2128,ok
Arka Neelachal Kesari,After Ripening,Arka Neelachal Kesari/After Ripening/20260512_195654.jpg,20260512_195654.jpg,.jpg,1454359,4608x2128,ok
Arka Neelachal Kesari,After Ripening,Arka Neelachal Kesari/After Ripening/20260512_195656.jpg,20260512_195656.jpg,.jpg,1454993,4608x2128,ok
Arka Neelachal Kesari,After Ripening,Arka Neelachal Kesari/After Ripening/20260512_195657.jpg,20260512_195657.jpg,.jpg,1459244,4608x2128,ok
Arka Neelachal Kesari,After Ripening,Arka Neelachal Kesari/After Ripening/20260512_195658(0).jpg,20260512_195658(0).jpg,.jpg,1477614,4608x2128,ok
Arka Neelachal Kesari,After Ripening,Arka Neelachal Kesari/After Ripening/20260512_195658.jpg,20260512_195658.jpg,.jpg,1478236,4608x2128,ok
Arka Neelachal Kesari,After Ripening,Arka Neelachal Kesari/After Ripening/20260512_195715.jpg,20260512_195715.jpg,.jpg,1771461,4608x2128,ok
Arka Neelachal Kesari,After Ripening,Arka Neelachal Kesari/After Ripening/20260512_195716.jpg,20260512_195716.jpg,.jpg,2075817,4608x2128,ok
Arka Neelachal Kesari,After Ripening,Arka Neelachal Kesari/After Ripening/20260512_195717.jpg,20260512_195717.jpg,.jpg,2080865,4608x2128,ok
Arka Neelachal Kesari,After Ripening,Arka Neelachal Kesari/After Ripening/20260512_195719.jpg,20260512_195719.jpg,.jpg,2080125,4608x2128,ok
Arka Neelachal Kesari,After Ripening,Arka Neelachal Kesari/After Ripening/20260512_195720.jpg,20260512_195720.jpg,.jpg,2076126,4608x2128,ok
Arka Neelachal Kesari,After Ripening,Arka Neelachal Kesari/After Ripening/20260512_195721.jpg,20260512_195721.jpg,.jpg,2060578,4608x2128,ok
Arka Neelachal Kesari,After Ripening,Arka Neelachal Kesari/After Ripening/20260512_195722.jpg,20260512_195722.jpg,.jpg,2069574,4608x2128,ok
Arka Neelachal Kesari,After Ripening,Arka Neelachal Kesari/After Ripening/20260512_195723(0).jpg,20260512_195723(0).jpg,.jpg,2063048,4608x2128,ok
Arka Neelachal Kesari,After Ripening,Arka Neelachal Kesari/After Ripening/20260512_195723.jpg,20260512_195723.jpg,.jpg,2064338,4608x2128,ok
Arka Neelachal Kesari,After Ripening,Arka Neelachal Kesari/After Ripening/20260512_195726.jpg,20260512_195726.jpg,.jpg,1447753,4608x2128,ok
Arka Neelachal Kesari,After Ripening,Arka Neelachal Kesari/After Ripening/20260512_213652.jpg,20260512_213652.jpg,.jpg,2318815,4608x2128,ok
Arka Neelachal Kesari,After Ripening,Arka Neelachal Kesari/After Ripening/20260512_213653.jpg,20260512_213653.jpg,.jpg,2319755,4608x2128,ok
Arka Neelachal Kesari,After Ripening,Arka Neelachal Kesari/After Ripening/20260512_213657.jpg,20260512_213657.jpg,.jpg,2322243,4608x2128,ok
Arka Neelachal Kesari,After Ripening,Arka Neelachal Kesari/After Ripening/20260512_213658.jpg,20260512_213658.jpg,.jpg,2320278,4608x2128,ok
Arka Neelachal Kesari,After Ripening,Arka Neelachal Kesari/After Ripening/20260512_213700.jpg,20260512_213700.jpg,.jpg,2319564,4608x2128,ok
Arka Neelachal Kesari,After Ripening,Arka Neelachal Kesari/After Ripening/20260512_213722.jpg,20260512_213722.jpg,.jpg,2320332,4608x2128,ok
Arka Neelachal Kesari,After Ripening,Arka Neelachal Kesari/After Ripening/20260512_213723.jpg,20260512_213723.jpg,.jpg,2321376,4608x2128,ok
Arka Neelachal Kesari,After Ripening,Arka Neelachal Kesari/After Ripening/20260512_213726.jpg,20260512_213726.jpg,.jpg,2339872,4608x2128,ok
Arka Neelachal Kesari,After Ripening,Arka Neelachal Kesari/After Ripening/20260512_213755.jpg,20260512_213755.jpg,.jpg,2279369,4608x2128,ok
Arka Neelachal Kesari,After Ripening,Arka Neelachal Kesari/After Ripening/20260512_213801.jpg,20260512_213801.jpg,.jpg,2325066,4608x2128,ok
Arka Neelachal Kesari,After Ripening,Arka Neelachal Kesari/After Ripening/20260512_233308.jpg,20260512_233308.jpg,.jpg,2441936,4608x2128,ok
Arka Neelachal Kesari,After Ripening,Arka Neelachal Kesari/After Ripening/20260512_233310.jpg,20260512_233310.jpg,.jpg,2285694,4608x2128,ok
Arka Neelachal Kesari,After Ripening,Arka Neelachal Kesari/After Ripening/20260512_233312.jpg,20260512_233312.jpg,.jpg,2368748,4608x2128,ok
Arka Neelachal Kesari,After Ripening,Arka Neelachal Kesari/After Ripening/20260512_233321.jpg,20260512_233321.jpg,.jpg,2300722,4608x2128,ok
Arka Neelachal Kesari,After Ripening,Arka Neelachal Kesari/After Ripening/20260512_233322.jpg,20260512_233322.jpg,.jpg,2291434,4608x2128,ok
Arka Neelachal Kesari,After Ripening,Arka Neelachal Kesari/After Ripening/20260512_233337.jpg,20260512_233337.jpg,.jpg,1544724,4608x2128,ok
Arka Neelachal Kesari,After Ripening,Arka Neelachal Kesari/After Ripening/20260512_233340.jpg,20260512_233340.jpg,.jpg,1688749,4608x2128,ok
Arka Neelachal Kesari,After Ripening,Arka Neelachal Kesari/After Ripening/20260512_233341.jpg,20260512_233341.jpg,.jpg,1687759,4608x2128,ok
Arka Neelachal Kesari,After Ripening,Arka Neelachal Kesari/After Ripening/20260512_233342.jpg,20260512_233342.jpg,.jpg,1686698,4608x2128,ok
Arka Neelachal Kesari,After Ripening,Arka Neelachal Kesari/After Ripening/20260512_233344.jpg,20260512_233344.jpg,.jpg,2172130,4608x2128,ok
Arka Neelachal Kesari,After Ripening,Arka Neelachal Kesari/After Ripening/20260512_233408.jpg,20260512_233408.jpg,.jpg,2376487,4608x2128,ok
Arka Neelachal Kesari,After Ripening,Arka Neelachal Kesari/After Ripening/20260512_233409.jpg,20260512_233409.jpg,.jpg,2364947,4608x2128,ok
Arka Neelachal Kesari,After Ripening,Arka Neelachal Kesari/After Ripening/20260512_233410.jpg,20260512_233410.jpg,.jpg,2377033,4608x2128,ok
Arka Neelachal Kesari,After Ripening,Arka Neelachal Kesari/After Ripening/20260512_233411.jpg,20260512_233411.jpg,.jpg,2314783,4608x2128,ok
Arka Neelachal Kesari,After Ripening,Arka Neelachal Kesari/After Ripening/20260512_233412.jpg,20260512_233412.jpg,.jpg,2375282,4608x2128,ok
Arka Neelachal Kesari,After Ripening,Arka Neelachal Kesari/After Ripening/20260512_233435.jpg,20260512_233435.jpg,.jpg,1625834,4608x2128,ok
Arka Neelachal Kesari,After Ripening,Arka Neelachal Kesari/After Ripening/20260512_233436.jpg,20260512_233436.jpg,.jpg,1602179,4608x2128,ok
Arka Neelachal Kesari,After Ripening,Arka Neelachal Kesari/After Ripening/20260512_233441.jpg,20260512_233441.jpg,.jpg,1602153,4608x2128,ok
Arka Neelachal Kesari,After Ripening,Arka Neelachal Kesari/After Ripening/20260512_233443.jpg,20260512_233443.jpg,.jpg,1686363,4608x2128,ok
Arka Neelachal Kesari,After Ripening,Arka Neelachal Kesari/After Ripening/20260512_233446.jpg,20260512_233446.jpg,.jpg,1732228,4608x2128,ok
Arka Neelachal Kesari,After Ripening,Arka Neelachal Kesari/After Ripening/20260512_233447.jpg,20260512_233447.jpg,.jpg,1726004,4608x2128,ok
Arka Neelachal Kesari,After Ripening,Arka Neelachal Kesari/After Ripening/20260512_233601.jpg,20260512_233601.jpg,.jpg,2462324,4608x2128,ok
Arka Neelachal Kesari,After Ripening,Arka Neelachal Kesari/After Ripening/20260512_233602.jpg,20260512_233602.jpg,.jpg,2438831,4608x2128,ok
Arka Neelachal Kesari,After Ripening,Arka Neelachal Kesari/After Ripening/20260512_233604.jpg,20260512_233604.jpg,.jpg,2402905,4608x2128,ok
Arka Neelachal Kesari,After Ripening,Arka Neelachal Kesari/After Ripening/20260512_233605.jpg,20260512_233605.jpg,.jpg,2411456,4608x2128,ok
Arka Neelachal Kesari,After Ripening,Arka Neelachal Kesari/After Ripening/20260512_233606.jpg,20260512_233606.jpg,.jpg,2410312,4608x2128,ok
Arka Neelachal Kesari,After Ripening,Arka Neelachal Kesari/After Ripening/20260512_233607.jpg,20260512_233607.jpg,.jpg,2431040,4608x2128,ok
Arka Neelachal Kesari,After Ripening,Arka Neelachal Kesari/After Ripening/20260512_233608.jpg,20260512_233608.jpg,.jpg,2418176,4608x2128,ok
Arka Neelachal Kesari,After Ripening,Arka Neelachal Kesari/After Ripening/20260512_233642.jpg,20260512_233642.jpg,.jpg,991883,4608x2128,ok
Arka Neelachal Kesari,After Ripening,Arka Neelachal Kesari/After Ripening/20260512_233643.jpg,20260512_233643.jpg,.jpg,979119,4608x2128,ok
Arka Neelachal Kesari,After Ripening,Arka Neelachal Kesari/After Ripening/20260512_233645.jpg,20260512_233645.jpg,.jpg,2436733,4608x2128,ok
Arka Neelachal Kesari,After Ripening,Arka Neelachal Kesari/After Ripening/20260512_233646.jpg,20260512_233646.jpg,.jpg,2404134,4608x2128,ok
Arka Neelachal Kesari,After Ripening,Arka Neelachal Kesari/After Ripening/20260512_233647.jpg,20260512_233647.jpg,.jpg,2423025,4608x2128,ok
Arka Neelachal Kesari,After Ripening,Arka Neelachal Kesari/After Ripening/20260512_233709.jpg,20260512_233709.jpg,.jpg,2422495,4608x2128,ok
Arka Neelachal Kesari,After Ripening,Arka Neelachal Kesari/After Ripening/20260512_233710.jpg,20260512_233710.jpg,.jpg,2416458,4608x2128,ok
Arka Neelachal Kesari,After Ripening,Arka Neelachal Kesari/After Ripening/20260512_233713.jpg,20260512_233713.jpg,.jpg,2447672,4608x2128,ok
Arka Neelachal Kesari,After Ripening,Arka Neelachal Kesari/After Ripening/20260512_233714.jpg,20260512_233714.jpg,.jpg,2442223,4608x2128,ok
Arka Neelachal Kesari,After Ripening,Arka Neelachal Kesari/After Ripening/20260512_233715(0).jpg,20260512_233715(0).jpg,.jpg,2443471,4608x2128,ok
Arka Neelachal Kesari,After Ripening,Arka Neelachal Kesari/After Ripening/20260512_233715.jpg,20260512_233715.jpg,.jpg,2447825,4608x2128,ok
Arka Neelachal Kesari,After Ripening,Arka Neelachal Kesari/After Ripening/20260512_233717.jpg,20260512_233717.jpg,.jpg,2447373,4608x2128,ok
Arka Neelachal Kesari,After Ripening,Arka Neelachal Kesari/After Ripening/20260512_233718.jpg,20260512_233718.jpg,.jpg,2454214,4608x2128,ok
Arka Neelachal Kesari,After Ripening,Arka Neelachal Kesari/After Ripening/20260512_233735.jpg,20260512_233735.jpg,.jpg,1836216,4608x2128,ok
Arka Neelachal Kesari,After Ripening,Arka Neelachal Kesari/After Ripening/20260512_233737.jpg,20260512_233737.jpg,.jpg,2314849,4608x2128,ok
Arka Neelachal Kesari,After Ripening,Arka Neelachal Kesari/After Ripening/20260512_233743.jpg,20260512_233743.jpg,.jpg,1822089,4608x2128,ok
Arka Neelachal Kesari,After Ripening,Arka Neelachal Kesari/After Ripening/20260512_233745.jpg,20260512_233745.jpg,.jpg,1820081,4608x2128,ok
Arka Neelachal Kesari,After Ripening,Arka Neelachal Kesari/After Ripening/20260512_233747.jpg,20260512_233747.jpg,.jpg,1835999,4608x2128,ok
Arka Neelachal Kesari,After Ripening,Arka Neelachal Kesari/After Ripening/20260512_233801.jpg,20260512_233801.jpg,.jpg,2171278,4608x2128,ok
Arka Neelachal Kesari,After Ripening,Arka Neelachal Kesari/After Ripening/20260512_233803.jpg,20260512_233803.jpg,.jpg,2185769,4608x2128,ok
Arka Neelachal Kesari,After Ripening,Arka Neelachal Kesari/After Ripening/20260512_233805.jpg,20260512_233805.jpg,.jpg,2196304,4608x2128,ok
Arka Neelachal Kesari,After Ripening,Arka Neelachal Kesari/After Ripening/20260512_233819.jpg,20260512_233819.jpg,.jpg,2426087,4608x2128,ok
Arka Neelachal Kesari,After Ripening,Arka Neelachal Kesari/After Ripening/20260512_233820.jpg,20260512_233820.jpg,.jpg,2465752,4608x2128,ok
Arka Neelachal Kesari,After Ripening,Arka Neelachal Kesari/After Ripening/20260512_233821.jpg,20260512_233821.jpg,.jpg,2483402,4608x2128,ok
Arka Neelachal Kesari,After Ripening,Arka Neelachal Kesari/After Ripening/20260512_233822.jpg,20260512_233822.jpg,.jpg,2486732,4608x2128,ok
Arka Neelachal Kesari,After Ripening,Arka Neelachal Kesari/After Ripening/20260512_233823.jpg,20260512_233823.jpg,.jpg,2377245,4608x2128,ok
Arka Neelachal Kesari,After Ripening,Arka Neelachal Kesari/After Ripening/20260512_233826.jpg,20260512_233826.jpg,.jpg,1805536,4608x2128,ok
Arka Neelachal Kesari,After Ripening,Arka Neelachal Kesari/After Ripening/20260512_233828.jpg,20260512_233828.jpg,.jpg,1801014,4608x2128,ok
Arka Neelachal Kesari,After Ripening,Arka Neelachal Kesari/After Ripening/20260512_233831.jpg,20260512_233831.jpg,.jpg,1826083,4608x2128,ok
Arka Neelachal Kesari,After Ripening,Arka Neelachal Kesari/After Ripening/20260512_233902.jpg,20260512_233902.jpg,.jpg,1587767,4608x2128,ok
Arka Neelachal Kesari,After Ripening,Arka Neelachal Kesari/After Ripening/20260512_233906.jpg,20260512_233906.jpg,.jpg,1580047,4608x2128,ok
Arka Neelachal Kesari,After Ripening,Arka Neelachal Kesari/After Ripening/20260512_233909.jpg,20260512_233909.jpg,.jpg,1655100,4608x2128,ok
Arka Neelachal Kesari,After Ripening,Arka Neelachal Kesari/After Ripening/20260512_233910.jpg,20260512_233910.jpg,.jpg,1651913,4608x2128,ok
Arka Neelachal Kesari,After Ripening,Arka Neelachal Kesari/After Ripening/20260512_233912.jpg,20260512_233912.jpg,.jpg,1592619,4608x2128,ok
Arka Neelachal Kesari,After Ripening,Arka Neelachal Kesari/After Ripening/20260512_233913.jpg,20260512_233913.jpg,.jpg,1585916,4608x2128,ok
Arka Neelachal Kesari,After Ripening,Arka Neelachal Kesari/After Ripening/20260512_233914.jpg,20260512_233914.jpg,.jpg,1588472,4608x2128,ok
Arka Neelachal Kesari,After Ripening,Arka Neelachal Kesari/After Ripening/20260512_233917.jpg,20260512_233917.jpg,.jpg,1684857,4608x2128,ok
Arka Neelachal Kesari,After Ripening,Arka Neelachal Kesari/After Ripening/20260512_233918.jpg,20260512_233918.jpg,.jpg,1685087,4608x2128,ok
Arka Neelachal Kesari,After Ripening,Arka Neelachal Kesari/After Ripening/20260512_233924.jpg,20260512_233924.jpg,.jpg,1589310,4608x2128,ok
Arka Neelachal Kesari,After Ripening,Arka Neelachal Kesari/After Ripening/20260512_233926.jpg,20260512_233926.jpg,.jpg,1589257,4608x2128,ok
Arka Neelachal Kesari,After Ripening,Arka Neelachal Kesari/After Ripening/20260512_233927.jpg,20260512_233927.jpg,.jpg,2194258,4608x2128,ok
Arka Neelachal Kesari,After Ripening,Arka Neelachal Kesari/After Ripening/20260512_233951.jpg,20260512_233951.jpg,.jpg,932801,4608x2128,ok
Arka Neelachal Kesari,After Ripening,Arka Neelachal Kesari/After Ripening/20260512_233952.jpg,20260512_233952.jpg,.jpg,2243552,4608x2128,ok
Arka Neelachal Kesari,After Ripening,Arka Neelachal Kesari/After Ripening/20260512_233953.jpg,20260512_233953.jpg,.jpg,2454156,4608x2128,ok
Arka Neelachal Kesari,After Ripening,Arka Neelachal Kesari/After Ripening/20260512_233954.jpg,20260512_233954.jpg,.jpg,2438936,4608x2128,ok
Arka Neelachal Kesari,After Ripening,Arka Neelachal Kesari/After Ripening/20260512_233955.jpg,20260512_233955.jpg,.jpg,2439400,4608x2128,ok
Arka Neelachal Kesari,After Ripening,Arka Neelachal Kesari/After Ripening/20260512_233957.jpg,20260512_233957.jpg,.jpg,2434637,4608x2128,ok
Arka Neelachal Kesari,After Ripening,Arka Neelachal Kesari/After Ripening/20260512_233958(0).jpg,20260512_233958(0).jpg,.jpg,2435296,4608x2128,ok
Arka Neelachal Kesari,After Ripening,Arka Neelachal Kesari/After Ripening/20260512_233958.jpg,20260512_233958.jpg,.jpg,2434319,4608x2128,ok
Arka Neelachal Kesari,After Ripening,Arka Neelachal Kesari/After Ripening/20260512_234013.jpg,20260512_234013.jpg,.jpg,2441715,4608x2128,ok
Arka Neelachal Kesari,After Ripening,Arka Neelachal Kesari/After Ripening/20260512_234015.jpg,20260512_234015.jpg,.jpg,2425394,4608x2128,ok
Arka Neelachal Kesari,After Ripening,Arka Neelachal Kesari/After Ripening/20260512_234018.jpg,20260512_234018.jpg,.jpg,2449597,4608x2128,ok
Arka Neelachal Kesari,After Ripening,Arka Neelachal Kesari/After Ripening/20260512_234019.jpg,20260512_234019.jpg,.jpg,2460898,4608x2128,ok
Arka Neelachal Kesari,After Ripening,Arka Neelachal Kesari/After Ripening/20260512_234020.jpg,20260512_234020.jpg,.jpg,2444786,4608x2128,ok
Arka Neelachal Kesari,After Ripening,Arka Neelachal Kesari/After Ripening/20260512_234021.jpg,20260512_234021.jpg,.jpg,2360524,4608x2128,ok
Arka Neelachal Kesari,After Ripening,Arka Neelachal Kesari/After Ripening/20260512_234022.jpg,20260512_234022.jpg,.jpg,2444514,4608x2128,ok
Arka Neelachal Kesari,After Ripening,Arka Neelachal Kesari/After Ripening/20260512_234023.jpg,20260512_234023.jpg,.jpg,2441505,4608x2128,ok
Arka Neelachal Kesari,After Ripening,Arka Neelachal Kesari/After Ripening/20260512_234046.jpg,20260512_234046.jpg,.jpg,2494046,4608x2128,ok
Arka Neelachal Kesari,After Ripening,Arka Neelachal Kesari/After Ripening/20260512_234047.jpg,20260512_234047.jpg,.jpg,2489900,4608x2128,ok
Arka Neelachal Kesari,After Ripening,Arka Neelachal Kesari/After Ripening/20260512_234048.jpg,20260512_234048.jpg,.jpg,2490495,4608x2128,ok
Arka Neelachal Kesari,After Ripening,Arka Neelachal Kesari/After Ripening/20260512_234049.jpg,20260512_234049.jpg,.jpg,2360667,4608x2128,ok
Arka Neelachal Kesari,After Ripening,Arka Neelachal Kesari/After Ripening/20260512_234053.jpg,20260512_234053.jpg,.jpg,1051080,4608x2128,ok
Arka Neelachal Kesari,After Ripening,Arka Neelachal Kesari/After Ripening/20260512_234113.jpg,20260512_234113.jpg,.jpg,2344448,4608x2128,ok
Arka Neelachal Kesari,After Ripening,Arka Neelachal Kesari/After Ripening/20260512_234115.jpg,20260512_234115.jpg,.jpg,1792514,4608x2128,ok
Arka Neelachal Kesari,After Ripening,Arka Neelachal Kesari/After Ripening/20260512_234119.jpg,20260512_234119.jpg,.jpg,1774798,4608x2128,ok
Arka Neelachal Kesari,After Ripening,Arka Neelachal Kesari/After Ripening/20260512_234121.jpg,20260512_234121.jpg,.jpg,1796268,4608x2128,ok
Arka Neelachal Kesari,After Ripening,Arka Neelachal Kesari/After Ripening/20260512_234122.jpg,20260512_234122.jpg,.jpg,1800826,4608x2128,ok
Arka Neelachal Kesari,After Ripening,Arka Neelachal Kesari/After Ripening/20260512_234124.jpg,20260512_234124.jpg,.jpg,1797286,4608x2128,ok
Arka Neelachal Kesari,After Ripening,Arka Neelachal Kesari/After Ripening/20260512_234125.jpg,20260512_234125.jpg,.jpg,1718199,4608x2128,ok
Arka Neelachal Kesari,After Ripening,Arka Neelachal Kesari/After Ripening/20260512_234128.jpg,20260512_234128.jpg,.jpg,1851244,4608x2128,ok
Arka Neelachal Kesari,After Ripening,Arka Neelachal Kesari/After Ripening/20260512_234129.jpg,20260512_234129.jpg,.jpg,1858076,4608x2128,ok
Arka Neelachal Kesari,After Ripening,Arka Neelachal Kesari/After Ripening/20260512_234201.jpg,20260512_234201.jpg,.jpg,1640612,4608x2128,ok
Arka Neelachal Kesari,After Ripening,Arka Neelachal Kesari/After Ripening/20260512_234203.jpg,20260512_234203.jpg,.jpg,1564189,4608x2128,ok
Arka Neelachal Kesari,After Ripening,Arka Neelachal Kesari/After Ripening/20260512_234206.jpg,20260512_234206.jpg,.jpg,1617186,4608x2128,ok
Arka Neelachal Kesari,After Ripening,Arka Neelachal Kesari/After Ripening/20260512_234207(0).jpg,20260512_234207(0).jpg,.jpg,1621453,4608x2128,ok
Arka Neelachal Kesari,After Ripening,Arka Neelachal Kesari/After Ripening/20260512_234207.jpg,20260512_234207.jpg,.jpg,1614708,4608x2128,ok
Arka Neelachal Kesari,After Ripening,Arka Neelachal Kesari/After Ripening/20260512_234210.jpg,20260512_234210.jpg,.jpg,1614164,4608x2128,ok
Arka Neelachal Kesari,After Ripening,Arka Neelachal Kesari/After Ripening/20260512_95403amByGPSMapCamera.jpg,20260512_95403amByGPSMapCamera.jpg,.jpg,8782778,3456x4608,ok
Arka Neelachal Kesari,After Ripening,Arka Neelachal Kesari/After Ripening/20260512_95523amByGPSMapCamera.jpg,20260512_95523amByGPSMapCamera.jpg,.jpg,8806130,3456x4608,ok
Arka Neelachal Kesari,After Ripening,Arka Neelachal Kesari/After Ripening/20260512_95527amByGPSMapCamera.jpg,20260512_95527amByGPSMapCamera.jpg,.jpg,9135376,3456x4608,ok
Arka Neelachal Kesari,After Ripening,Arka Neelachal Kesari/After Ripening/20260514_204834.jpg,20260514_204834.jpg,.jpg,2515064,4608x2128,ok
Arka Neelachal Kesari,After Ripening,Arka Neelachal Kesari/After Ripening/20260514_204836.jpg,20260514_204836.jpg,.jpg,2442678,4608x2128,ok
Arka Neelachal Kesari,After Ripening,Arka Neelachal Kesari/After Ripening/20260514_204838.jpg,20260514_204838.jpg,.jpg,2479829,4608x2128,ok
Arka Neelachal Kesari,After Ripening,Arka Neelachal Kesari/After Ripening/20260514_204840.jpg,20260514_204840.jpg,.jpg,2457080,4608x2128,ok
Arka Neelachal Kesari,After Ripening,Arka Neelachal Kesari/After Ripening/20260514_204843.jpg,20260514_204843.jpg,.jpg,2433476,4608x2128,ok
Arka Neelachal Kesari,After Ripening,Arka Neelachal Kesari/After Ripening/20260514_204845.jpg,20260514_204845.jpg,.jpg,2429199,4608x2128,ok
Arka Neelachal Kesari,After Ripening,Arka Neelachal Kesari/After Ripening/20260514_204924.jpg,20260514_204924.jpg,.jpg,2500062,4608x2128,ok
Arka Neelachal Kesari,After Ripening,Arka Neelachal Kesari/After Ripening/20260514_204926.jpg,20260514_204926.jpg,.jpg,2485264,4608x2128,ok
Arka Neelachal Kesari,After Ripening,Arka Neelachal Kesari/After Ripening/20260514_204928.jpg,20260514_204928.jpg,.jpg,2478253,4608x2128,ok
Arka Neelachal Kesari,After Ripening,Arka Neelachal Kesari/After Ripening/20260514_204929.jpg,20260514_204929.jpg,.jpg,2510060,4608x2128,ok
Arka Neelachal Kesari,After Ripening,Arka Neelachal Kesari/After Ripening/20260514_204931.jpg,20260514_204931.jpg,.jpg,2494479,4608x2128,ok
Arka Neelachal Kesari,After Ripening,Arka Neelachal Kesari/After Ripening/20260514_204955.jpg,20260514_204955.jpg,.jpg,2465960,4608x2128,ok
Arka Neelachal Kesari,After Ripening,Arka Neelachal Kesari/After Ripening/20260514_204957.jpg,20260514_204957.jpg,.jpg,2494835,4608x2128,ok
Arka Neelachal Kesari,After Ripening,Arka Neelachal Kesari/After Ripening/20260514_204959.jpg,20260514_204959.jpg,.jpg,2479614,4608x2128,ok
Arka Neelachal Kesari,After Ripening,Arka Neelachal Kesari/After Ripening/20260514_205001.jpg,20260514_205001.jpg,.jpg,2506874,4608x2128,ok
Arka Neelachal Kesari,After Ripening,Arka Neelachal Kesari/After Ripening/20260514_210000.jpg,20260514_210000.jpg,.jpg,2480364,4608x2128,ok
Arka Neelachal Kesari,After Ripening,Arka Neelachal Kesari/After Ripening/20260514_210001.jpg,20260514_210001.jpg,.jpg,2470072,4608x2128,ok
Arka Neelachal Kesari,After Ripening,Arka Neelachal Kesari/After Ripening/20260514_210003.jpg,20260514_210003.jpg,.jpg,2467903,4608x2128,ok
Arka Neelachal Kesari,After Ripening,Arka Neelachal Kesari/After Ripening/20260514_210005.jpg,20260514_210005.jpg,.jpg,2472476,4608x2128,ok
Arka Neelachal Kesari,After Ripening,Arka Neelachal Kesari/After Ripening/20260514_210025.jpg,20260514_210025.jpg,.jpg,2418319,4608x2128,ok
Arka Neelachal Kesari,After Ripening,Arka Neelachal Kesari/After Ripening/20260514_210026.jpg,20260514_210026.jpg,.jpg,2470578,4608x2128,ok
Arka Neelachal Kesari,After Ripening,Arka Neelachal Kesari/After Ripening/20260514_210029.jpg,20260514_210029.jpg,.jpg,2477805,4608x2128,ok
Arka Neelachal Kesari,After Ripening,Arka Neelachal Kesari/After Ripening/20260514_210033.jpg,20260514_210033.jpg,.jpg,2444746,4608x2128,ok
Arka Neelachal Kesari,After Ripening,Arka Neelachal Kesari/After Ripening/20260514_210035.jpg,20260514_210035.jpg,.jpg,2465729,4608x2128,ok
Arka Neelachal Kesari,After Ripening,Arka Neelachal Kesari/After Ripening/20260514_210037.jpg,20260514_210037.jpg,.jpg,2454868,4608x2128,ok
Arka Neelachal Kesari,After Ripening,Arka Neelachal Kesari/After Ripening/20260514_210047.jpg,20260514_210047.jpg,.jpg,2357723,4608x2128,ok
Arka Neelachal Kesari,After Ripening,Arka Neelachal Kesari/After Ripening/20260514_210049.jpg,20260514_210049.jpg,.jpg,2384871,4608x2128,ok
Arka Neelachal Kesari,After Ripening,Arka Neelachal Kesari/After Ripening/20260514_210050.jpg,20260514_210050.jpg,.jpg,2410292,4608x2128,ok
Arka Neelachal Kesari,After Ripening,Arka Neelachal Kesari/After Ripening/20260514_210052.jpg,20260514_210052.jpg,.jpg,2403190,4608x2128,ok
Arka Neelachal Kesari,After Ripening,Arka Neelachal Kesari/After Ripening/20260514_210054.jpg,20260514_210054.jpg,.jpg,2399410,4608x2128,ok
Arka Neelachal Kesari,After Ripening,Arka Neelachal Kesari/After Ripening/20260514_210056.jpg,20260514_210056.jpg,.jpg,2412299,4608x2128,ok
Arka Neelachal Kesari,After Ripening,Arka Neelachal Kesari/After Ripening/20260514_213238.jpg,20260514_213238.jpg,.jpg,2401538,4608x2128,ok
Arka Neelachal Kesari,After Ripening,Arka Neelachal Kesari/After Ripening/20260514_213240.jpg,20260514_213240.jpg,.jpg,2402080,4608x2128,ok
Arka Neelachal Kesari,After Ripening,Arka Neelachal Kesari/After Ripening/20260514_213242.jpg,20260514_213242.jpg,.jpg,2415669,4608x2128,ok
Arka Neelachal Kesari,After Ripening,Arka Neelachal Kesari/After Ripening/20260514_213244.jpg,20260514_213244.jpg,.jpg,2414905,4608x2128,ok
Arka Neelachal Kesari,After Ripening,Arka Neelachal Kesari/After Ripening/20260514_213307.jpg,20260514_213307.jpg,.jpg,2393296,4608x2128,ok
Arka Neelachal Kesari,After Ripening,Arka Neelachal Kesari/After Ripening/20260514_213309.jpg,20260514_213309.jpg,.jpg,2395339,4608x2128,ok
Arka Neelachal Kesari,After Ripening,Arka Neelachal Kesari/After Ripening/20260514_213311.jpg,20260514_213311.jpg,.jpg,2389075,4608x2128,ok
Arka Neelachal Kesari,After Ripening,Arka Neelachal Kesari/After Ripening/20260514_213312.jpg,20260514_213312.jpg,.jpg,2402813,4608x2128,ok
Arka Neelachal Kesari,After Ripening,Arka Neelachal Kesari/After Ripening/20260514_213327.jpg,20260514_213327.jpg,.jpg,2363832,4608x2128,ok
Arka Neelachal Kesari,After Ripening,Arka Neelachal Kesari/After Ripening/20260514_213328.jpg,20260514_213328.jpg,.jpg,2352310,4608x2128,ok
Arka Neelachal Kesari,After Ripening,Arka Neelachal Kesari/After Ripening/20260514_213330.jpg,20260514_213330.jpg,.jpg,2370894,4608x2128,ok
Arka Neelachal Kesari,After Ripening,Arka Neelachal Kesari/After Ripening/20260514_213338.jpg,20260514_213338.jpg,.jpg,2415694,4608x2128,ok
Arka Neelachal Kesari,After Ripening,Arka Neelachal Kesari/After Ripening/20260514_213340.jpg,20260514_213340.jpg,.jpg,2396859,4608x2128,ok
Arka Neelachal Kesari,After Ripening,Arka Neelachal Kesari/After Ripening/20260514_213342.jpg,20260514_213342.jpg,.jpg,2448537,4608x2128,ok
Arka Neelachal Kesari,After Ripening,Arka Neelachal Kesari/After Ripening/20260515_204809.jpg,20260515_204809.jpg,.jpg,1542545,4608x2128,ok
Arka Neelachal Kesari,After Ripening,Arka Neelachal Kesari/After Ripening/20260515_204817.jpg,20260515_204817.jpg,.jpg,2298544,4608x2128,ok
Arka Neelachal Kesari,After Ripening,Arka Neelachal Kesari/After Ripening/20260515_204819.jpg,20260515_204819.jpg,.jpg,2329946,4608x2128,ok
Arka Neelachal Kesari,After Ripening,Arka Neelachal Kesari/After Ripening/20260515_204825.jpg,20260515_204825.jpg,.jpg,2447213,4608x2128,ok
Arka Neelachal Kesari,After Ripening,Arka Neelachal Kesari/After Ripening/20260515_204827.jpg,20260515_204827.jpg,.jpg,2428771,4608x2128,ok
Arka Neelachal Kesari,After Ripening,Arka Neelachal Kesari/After Ripening/20260515_204829.jpg,20260515_204829.jpg,.jpg,2453486,4608x2128,ok
Arka Neelachal Kesari,After Ripening,Arka Neelachal Kesari/After Ripening/20260515_204831.jpg,20260515_204831.jpg,.jpg,2442215,4608x2128,ok
Arka Neelachal Kesari,After Ripening,Arka Neelachal Kesari/After Ripening/20260515_204848.jpg,20260515_204848.jpg,.jpg,2400685,4608x2128,ok
Arka Neelachal Kesari,After Ripening,Arka Neelachal Kesari/After Ripening/20260515_204850.jpg,20260515_204850.jpg,.jpg,2363537,4608x2128,ok
Arka Neelachal Kesari,After Ripening,Arka Neelachal Kesari/After Ripening/20260515_204851.jpg,20260515_204851.jpg,.jpg,2417260,4608x2128,ok
Arka Neelachal Kesari,After Ripening,Arka Neelachal Kesari/After Ripening/20260515_204853.jpg,20260515_204853.jpg,.jpg,2404820,4608x2128,ok
Arka Neelachal Kesari,After Ripening,Arka Neelachal Kesari/After Ripening/20260515_204855.jpg,20260515_204855.jpg,.jpg,2427972,4608x2128,ok
Arka Neelachal Kesari,After Ripening,Arka Neelachal Kesari/After Ripening/20260515_204857.jpg,20260515_204857.jpg,.jpg,2427217,4608x2128,ok
Arka Neelachal Kesari,After Ripening,Arka Neelachal Kesari/After Ripening/20260515_204912.jpg,20260515_204912.jpg,.jpg,2353304,4608x2128,ok
Arka Neelachal Kesari,After Ripening,Arka Neelachal Kesari/After Ripening/20260515_204914.jpg,20260515_204914.jpg,.jpg,2351139,4608x2128,ok
Arka Neelachal Kesari,After Ripening,Arka Neelachal Kesari/After Ripening/20260515_204917.jpg,20260515_204917.jpg,.jpg,2368314,4608x2128,ok
Arka Neelachal Kesari,After Ripening,Arka Neelachal Kesari/After Ripening/20260515_204919.jpg,20260515_204919.jpg,.jpg,2373819,4608x2128,ok
Arka Neelachal Kesari,After Ripening,Arka Neelachal Kesari/After Ripening/20260515_204930.jpg,20260515_204930.jpg,.jpg,2013890,4608x2128,ok
Arka Neelachal Kesari,After Ripening,Arka Neelachal Kesari/After Ripening/20260515_204932.jpg,20260515_204932.jpg,.jpg,2249067,4608x2128,ok
Arka Neelachal Kesari,After Ripening,Arka Neelachal Kesari/After Ripening/20260515_204934.jpg,20260515_204934.jpg,.jpg,2248605,4608x2128,ok
Arka Neelachal Kesari,After Ripening,Arka Neelachal Kesari/After Ripening/20260515_204935.jpg,20260515_204935.jpg,.jpg,1969741,4608x2128,ok
Arka Neelachal Kesari,After Ripening,Arka Neelachal Kesari/After Ripening/20260515_205014.jpg,20260515_205014.jpg,.jpg,2278546,4608x2128,ok
Arka Neelachal Kesari,After Ripening,Arka Neelachal Kesari/After Ripening/20260515_205016.jpg,20260515_205016.jpg,.jpg,2080857,4608x2128,ok
Arka Neelachal Kesari,After Ripening,Arka Neelachal Kesari/After Ripening/20260515_205018.jpg,20260515_205018.jpg,.jpg,2334133,4608x2128,ok
Arka Neelachal Kesari,After Ripening,Arka Neelachal Kesari/After Ripening/20260515_205020.jpg,20260515_205020.jpg,.jpg,2321842,4608x2128,ok
Arka Neelachal Kesari,After Ripening,Arka Neelachal Kesari/After Ripening/20260517_172401.jpg,20260517_172401.jpg,.jpg,2569701,4608x2128,ok
Arka Neelachal Kesari,After Ripening,Arka Neelachal Kesari/After Ripening/20260517_172403.jpg,20260517_172403.jpg,.jpg,2541265,4608x2128,ok
Arka Neelachal Kesari,After Ripening,Arka Neelachal Kesari/After Ripening/20260517_172405.jpg,20260517_172405.jpg,.jpg,2566540,4608x2128,ok
Arka Neelachal Kesari,After Ripening,Arka Neelachal Kesari/After Ripening/20260517_172423.jpg,20260517_172423.jpg,.jpg,2577724,4608x2128,ok
Arka Neelachal Kesari,After Ripening,Arka Neelachal Kesari/After Ripening/20260517_172425.jpg,20260517_172425.jpg,.jpg,2463894,4608x2128,ok
Arka Neelachal Kesari,After Ripening,Arka Neelachal Kesari/After Ripening/20260517_172426.jpg,20260517_172426.jpg,.jpg,2503247,4608x2128,ok
Arka Neelachal Kesari,After Ripening,Arka Neelachal Kesari/After Ripening/20260517_172428.jpg,20260517_172428.jpg,.jpg,2487102,4608x2128,ok
Arka Neelachal Kesari,After Ripening,Arka Neelachal Kesari/After Ripening/20260517_172440.jpg,20260517_172440.jpg,.jpg,2516175,4608x2128,ok
Arka Neelachal Kesari,After Ripening,Arka Neelachal Kesari/After Ripening/20260517_172443.jpg,20260517_172443.jpg,.jpg,2418876,4608x2128,ok
Arka Neelachal Kesari,After Ripening,Arka Neelachal Kesari/After Ripening/20260517_172445.jpg,20260517_172445.jpg,.jpg,2420915,4608x2128,ok
Arka Neelachal Kesari,After Ripening,Arka Neelachal Kesari/After Ripening/20260517_172504.jpg,20260517_172504.jpg,.jpg,2527008,4608x2128,ok
Arka Neelachal Kesari,After Ripening,Arka Neelachal Kesari/After Ripening/20260517_172505.jpg,20260517_172505.jpg,.jpg,2529944,4608x2128,ok
Arka Neelachal Kesari,After Ripening,Arka Neelachal Kesari/After Ripening/20260517_172507.jpg,20260517_172507.jpg,.jpg,2529606,4608x2128,ok
Arka Neelachal Kesari,After Ripening,Arka Neelachal Kesari/After Ripening/20260517_172521.jpg,20260517_172521.jpg,.jpg,2438791,4608x2128,ok
Arka Neelachal Kesari,After Ripening,Arka Neelachal Kesari/After Ripening/20260517_172522.jpg,20260517_172522.jpg,.jpg,2501621,4608x2128,ok
Arka Neelachal Kesari,After Ripening,Arka Neelachal Kesari/After Ripening/20260517_172555.jpg,20260517_172555.jpg,.jpg,2483178,4608x2128,ok
Arka Neelachal Kesari,After Ripening,Arka Neelachal Kesari/After Ripening/20260517_172557.jpg,20260517_172557.jpg,.jpg,2453134,4608x2128,ok
Arka Neelachal Kesari,After Ripening,Arka Neelachal Kesari/After Ripening/20260517_172616.jpg,20260517_172616.jpg,.jpg,2447399,4608x2128,ok
Arka Neelachal Kesari,After Ripening,Arka Neelachal Kesari/After Ripening/20260517_172618.jpg,20260517_172618.jpg,.jpg,2429376,4608x2128,ok
Arka Neelachal Kesari,After Ripening,Arka Neelachal Kesari/After Ripening/20260517_172620.jpg,20260517_172620.jpg,.jpg,2477578,4608x2128,ok
Arka Neelachal Kesari,After Ripening,Arka Neelachal Kesari/After Ripening/20260517_172636.jpg,20260517_172636.jpg,.jpg,2422578,4608x2128,ok
Arka Neelachal Kesari,After Ripening,Arka Neelachal Kesari/After Ripening/20260517_172638.jpg,20260517_172638.jpg,.jpg,2480190,4608x2128,ok
Arka Neelachal Kesari,After Ripening,Arka Neelachal Kesari/After Ripening/20260517_172639.jpg,20260517_172639.jpg,.jpg,2486585,4608x2128,ok
Arka Neelachal Kesari,After Ripening,Arka Neelachal Kesari/After Ripening/20260517_172641.jpg,20260517_172641.jpg,.jpg,2490219,4608x2128,ok
Arka Neelachal Kesari,After Ripening,Arka Neelachal Kesari/After Ripening/20260517_172655.jpg,20260517_172655.jpg,.jpg,2435726,4608x2128,ok
Arka Neelachal Kesari,After Ripening,Arka Neelachal Kesari/After Ripening/20260517_172656.jpg,20260517_172656.jpg,.jpg,2408745,4608x2128,ok
Arka Neelachal Kesari,After Ripening,Arka Neelachal Kesari/After Ripening/20260517_172658.jpg,20260517_172658.jpg,.jpg,2453079,4608x2128,ok
Arka Neelachal Kesari,After Ripening,Arka Neelachal Kesari/After Ripening/20260517_172700.jpg,20260517_172700.jpg,.jpg,2436404,4608x2128,ok
Arka Neelachal Kesari,After Ripening,Arka Neelachal Kesari/After Ripening/20260517_172714.jpg,20260517_172714.jpg,.jpg,2467423,4608x2128,ok
Arka Neelachal Kesari,After Ripening,Arka Neelachal Kesari/After Ripening/20260517_172715.jpg,20260517_172715.jpg,.jpg,2407681,4608x2128,ok
Arka Neelachal Kesari,After Ripening,Arka Neelachal Kesari/After Ripening/20260517_172717.jpg,20260517_172717.jpg,.jpg,2486628,4608x2128,ok
Arka Neelachal Kesari,After Ripening,Arka Neelachal Kesari/After Ripening/20260517_172719.jpg,20260517_172719.jpg,.jpg,2449328,4608x2128,ok
Arka Neelachal Kesari,After Ripening,Arka Neelachal Kesari/After Ripening/20260517_172734.jpg,20260517_172734.jpg,.jpg,2486284,4608x2128,ok
Arka Neelachal Kesari,After Ripening,Arka Neelachal Kesari/After Ripening/20260517_172736.jpg,20260517_172736.jpg,.jpg,2470665,4608x2128,ok
Arka Neelachal Kesari,After Ripening,Arka Neelachal Kesari/After Ripening/20260517_172738.jpg,20260517_172738.jpg,.jpg,2460816,4608x2128,ok
Arka Neelachal Kesari,After Ripening,Arka Neelachal Kesari/After Ripening/20260517_172740.jpg,20260517_172740.jpg,.jpg,2420392,4608x2128,ok
Arka Neelachal Kesari,After Ripening,Arka Neelachal Kesari/After Ripening/20260517_172745.jpg,20260517_172745.jpg,.jpg,2419539,4608x2128,ok
Arka Neelachal Kesari,After Ripening,Arka Neelachal Kesari/After Ripening/20260517_172748.jpg,20260517_172748.jpg,.jpg,2469224,4608x2128,ok
Arka Neelachal Kesari,After Ripening,Arka Neelachal Kesari/After Ripening/20260517_172802.jpg,20260517_172802.jpg,.jpg,2437791,4608x2128,ok
Arka Neelachal Kesari,After Ripening,Arka Neelachal Kesari/After Ripening/20260517_172804.jpg,20260517_172804.jpg,.jpg,2439621,4608x2128,ok
Arka Neelachal Kesari,After Ripening,Arka Neelachal Kesari/After Ripening/20260517_172806.jpg,20260517_172806.jpg,.jpg,2449096,4608x2128,ok
Arka Neelachal Kesari,After Ripening,Arka Neelachal Kesari/After Ripening/20260517_172829.jpg,20260517_172829.jpg,.jpg,2432204,4608x2128,ok
Arka Neelachal Kesari,After Ripening,Arka Neelachal Kesari/After Ripening/20260517_172831.jpg,20260517_172831.jpg,.jpg,2438005,4608x2128,ok
Arka Neelachal Kesari,After Ripening,Arka Neelachal Kesari/After Ripening/20260517_172835.jpg,20260517_172835.jpg,.jpg,2440450,4608x2128,ok
Arka Neelachal Kesari,After Ripening,Arka Neelachal Kesari/After Ripening/20260517_172848.jpg,20260517_172848.jpg,.jpg,2310988,4608x2128,ok
Arka Neelachal Kesari,After Ripening,Arka Neelachal Kesari/After Ripening/20260517_172850.jpg,20260517_172850.jpg,.jpg,2403090,4608x2128,ok
Arka Neelachal Kesari,After Ripening,Arka Neelachal Kesari/After Ripening/20260517_172852.jpg,20260517_172852.jpg,.jpg,2431263,4608x2128,ok
Arka Neelachal Kesari,After Ripening,Arka Neelachal Kesari/After Ripening/20260517_172910.jpg,20260517_172910.jpg,.jpg,2483621,4608x2128,ok
Arka Neelachal Kesari,After Ripening,Arka Neelachal Kesari/After Ripening/20260517_172912.jpg,20260517_172912.jpg,.jpg,2511006,4608x2128,ok
Arka Neelachal Kesari,After Ripening,Arka Neelachal Kesari/After Ripening/20260517_172914.jpg,20260517_172914.jpg,.jpg,2534812,4608x2128,ok
Arka Neelachal Kesari,After Ripening,Arka Neelachal Kesari/After Ripening/20260517_172916.jpg,20260517_172916.jpg,.jpg,2474781,4608x2128,ok
Arka Neelachal Kesari,After Ripening,Arka Neelachal Kesari/After Ripening/20260517_172929.jpg,20260517_172929.jpg,.jpg,2453139,4608x2128,ok
Arka Neelachal Kesari,After Ripening,Arka Neelachal Kesari/After Ripening/20260517_172931.jpg,20260517_172931.jpg,.jpg,2463179,4608x2128,ok
Arka Neelachal Kesari,After Ripening,Arka Neelachal Kesari/After Ripening/20260517_172932.jpg,20260517_172932.jpg,.jpg,2472042,4608x2128,ok
Arka Neelachal Kesari,After Ripening,Arka Neelachal Kesari/After Ripening/20260517_172944.jpg,20260517_172944.jpg,.jpg,2417814,4608x2128,ok
Arka Neelachal Kesari,After Ripening,Arka Neelachal Kesari/After Ripening/20260517_172946.jpg,20260517_172946.jpg,.jpg,2515817,4608x2128,ok
Arka Neelachal Kesari,After Ripening,Arka Neelachal Kesari/After Ripening/20260517_172948.jpg,20260517_172948.jpg,.jpg,2509414,4608x2128,ok
Arka Neelachal Kesari,After Ripening,Arka Neelachal Kesari/After Ripening/20260517_172950.jpg,20260517_172950.jpg,.jpg,2524284,4608x2128,ok
Arka Neelachal Kesari,After Ripening,Arka Neelachal Kesari/After Ripening/20260517_173003.jpg,20260517_173003.jpg,.jpg,2464253,4608x2128,ok
Arka Neelachal Kesari,After Ripening,Arka Neelachal Kesari/After Ripening/20260517_173007.jpg,20260517_173007.jpg,.jpg,2542862,4608x2128,ok
Arka Neelachal Kesari,After Ripening,Arka Neelachal Kesari/After Ripening/20260517_173009.jpg,20260517_173009.jpg,.jpg,2514877,4608x2128,ok
Arka Neelachal Kesari,After Ripening,Arka Neelachal Kesari/After Ripening/20260517_173010.jpg,20260517_173010.jpg,.jpg,2539007,4608x2128,ok
Arka Neelachal Kesari,After Ripening,Arka Neelachal Kesari/After Ripening/20260517_173021.jpg,20260517_173021.jpg,.jpg,2567724,4608x2128,ok
Arka Neelachal Kesari,After Ripening,Arka Neelachal Kesari/After Ripening/20260517_173024.jpg,20260517_173024.jpg,.jpg,2531732,4608x2128,ok
Arka Neelachal Kesari,After Ripening,Arka Neelachal Kesari/After Ripening/20260517_173025.jpg,20260517_173025.jpg,.jpg,2517670,4608x2128,ok
Arka Neelachal Kesari,After Ripening,Arka Neelachal Kesari/After Ripening/20260517_173051.jpg,20260517_173051.jpg,.jpg,2560899,4608x2128,ok
Arka Neelachal Kesari,After Ripening,Arka Neelachal Kesari/After Ripening/20260517_173053.jpg,20260517_173053.jpg,.jpg,2525158,4608x2128,ok
Arka Neelachal Kesari,After Ripening,Arka Neelachal Kesari/After Ripening/20260517_173056.jpg,20260517_173056.jpg,.jpg,2519303,4608x2128,ok
Arka Neelachal Kesari,After Ripening,Arka Neelachal Kesari/After Ripening/20260517_173059.jpg,20260517_173059.jpg,.jpg,2478535,4608x2128,ok
Arka Neelachal Kesari,After Ripening,Arka Neelachal Kesari/After Ripening/20260517_173122.jpg,20260517_173122.jpg,.jpg,2406268,4608x2128,ok
Arka Neelachal Kesari,After Ripening,Arka Neelachal Kesari/After Ripening/20260517_173124.jpg,20260517_173124.jpg,.jpg,2472470,4608x2128,ok
Arka Neelachal Kesari,After Ripening,Arka Neelachal Kesari/After Ripening/20260517_173151.jpg,20260517_173151.jpg,.jpg,2476275,4608x2128,ok
Arka Neelachal Kesari,After Ripening,Arka Neelachal Kesari/After Ripening/20260517_173153.jpg,20260517_173153.jpg,.jpg,2565004,4608x2128,ok
Arka Neelachal Kesari,After Ripening,Arka Neelachal Kesari/After Ripening/20260517_173204.jpg,20260517_173204.jpg,.jpg,2339983,4608x2128,ok
Arka Neelachal Kesari,After Ripening,Arka Neelachal Kesari/After Ripening/20260517_173205.jpg,20260517_173205.jpg,.jpg,2472443,4608x2128,ok
Arka Neelachal Kesari,After Ripening,Arka Neelachal Kesari/After Ripening/20260517_173216.jpg,20260517_173216.jpg,.jpg,2411539,4608x2128,ok
Arka Neelachal Kesari,After Ripening,Arka Neelachal Kesari/After Ripening/20260517_173218.jpg,20260517_173218.jpg,.jpg,2437867,4608x2128,ok
Arka Neelachal Kesari,After Ripening,Arka Neelachal Kesari/After Ripening/20260517_173221.jpg,20260517_173221.jpg,.jpg,2414643,4608x2128,ok
Arka Neelachal Kesari,After Ripening,Arka Neelachal Kesari/After Ripening/20260517_173228.jpg,20260517_173228.jpg,.jpg,2427615,4608x2128,ok
Arka Neelachal Kesari,After Ripening,Arka Neelachal Kesari/After Ripening/20260517_173230.jpg,20260517_173230.jpg,.jpg,2394417,4608x2128,ok
Arka Neelachal Kesari,After Ripening,Arka Neelachal Kesari/After Ripening/20260517_173232.jpg,20260517_173232.jpg,.jpg,2421925,4608x2128,ok
Arka Neelachal Kesari,After Ripening,Arka Neelachal Kesari/After Ripening/20260517_173235.jpg,20260517_173235.jpg,.jpg,2515272,4608x2128,ok
Arka Neelachal Kesari,After Ripening,Arka Neelachal Kesari/After Ripening/20260517_173242.jpg,20260517_173242.jpg,.jpg,2473031,4608x2128,ok
Arka Neelachal Kesari,After Ripening,Arka Neelachal Kesari/After Ripening/20260517_173244.jpg,20260517_173244.jpg,.jpg,2200684,4608x2128,ok
Arka Neelachal Kesari,After Ripening,Arka Neelachal Kesari/After Ripening/20260517_173246.jpg,20260517_173246.jpg,.jpg,2433728,4608x2128,ok
Arka Neelachal Kesari,After Ripening,Arka Neelachal Kesari/After Ripening/20260517_173248.jpg,20260517_173248.jpg,.jpg,2381241,4608x2128,ok
Arka Neelachal Kesari,After Ripening,Arka Neelachal Kesari/After Ripening/20260517_173250.jpg,20260517_173250.jpg,.jpg,2412367,4608x2128,ok
Arka Neelachal Kesari,After Ripening,Arka Neelachal Kesari/After Ripening/20260517_173252.jpg,20260517_173252.jpg,.jpg,2205745,4608x2128,ok
Arka Neelachal Kesari,After Ripening,Arka Neelachal Kesari/After Ripening/20260517_173301.jpg,20260517_173301.jpg,.jpg,2208717,4608x2128,ok
Arka Neelachal Kesari,After Ripening,Arka Neelachal Kesari/After Ripening/20260517_173303.jpg,20260517_173303.jpg,.jpg,2384736,4608x2128,ok
Arka Neelachal Kesari,After Ripening,Arka Neelachal Kesari/After Ripening/20260517_173305.jpg,20260517_173305.jpg,.jpg,2416374,4608x2128,ok
Arka Neelachal Kesari,After Ripening,Arka Neelachal Kesari/After Ripening/20260517_173322.jpg,20260517_173322.jpg,.jpg,2337451,4608x2128,ok
Arka Neelachal Kesari,After Ripening,Arka Neelachal Kesari/After Ripening/20260517_173324.jpg,20260517_173324.jpg,.jpg,2140224,4608x2128,ok
Arka Neelachal Kesari,After Ripening,Arka Neelachal Kesari/After Ripening/20260517_173326.jpg,20260517_173326.jpg,.jpg,2272045,4608x2128,ok
Arka Neelachal Kesari,After Ripening,Arka Neelachal Kesari/After Ripening/20260517_173328.jpg,20260517_173328.jpg,.jpg,2115467,4608x2128,ok
Arka Neelachal Kesari,After Ripening,Arka Neelachal Kesari/After Ripening/20260517_173338.jpg,20260517_173338.jpg,.jpg,2254090,4608x2128,ok
Arka Neelachal Kesari,After Ripening,Arka Neelachal Kesari/After Ripening/20260517_173340.jpg,20260517_173340.jpg,.jpg,2250996,4608x2128,ok
Arka Neelachal Kesari,After Ripening,Arka Neelachal Kesari/After Ripening/20260517_173342.jpg,20260517_173342.jpg,.jpg,2031990,4608x2128,ok
Arka Neelachal Kesari,After Ripening,Arka Neelachal Kesari/After Ripening/20260517_173350.jpg,20260517_173350.jpg,.jpg,2060847,4608x2128,ok
Arka Neelachal Kesari,After Ripening,Arka Neelachal Kesari/After Ripening/20260517_173352.jpg,20260517_173352.jpg,.jpg,2129182,4608x2128,ok
Arka Neelachal Kesari,After Ripening,Arka Neelachal Kesari/After Ripening/20260517_173358.jpg,20260517_173358.jpg,.jpg,2185019,4608x2128,ok
Arka Neelachal Kesari,After Ripening,Arka Neelachal Kesari/After Ripening/20260517_173400.jpg,20260517_173400.jpg,.jpg,2071566,4608x2128,ok
Arka Neelachal Kesari,After Ripening,Arka Neelachal Kesari/After Ripening/20260517_173411.jpg,20260517_173411.jpg,.jpg,2155049,4608x2128,ok
Arka Neelachal Kesari,After Ripening,Arka Neelachal Kesari/After Ripening/20260517_173413.jpg,20260517_173413.jpg,.jpg,2360997,4608x2128,ok
Arka Neelachal Kesari,After Ripening,Arka Neelachal Kesari/After Ripening/20260519_115738.jpg,20260519_115738.jpg,.jpg,2525365,4608x2128,ok
Arka Neelachal Kesari,After Ripening,Arka Neelachal Kesari/After Ripening/20260519_115740.jpg,20260519_115740.jpg,.jpg,2509667,4608x2128,ok
Arka Neelachal Kesari,After Ripening,Arka Neelachal Kesari/After Ripening/20260519_115742.jpg,20260519_115742.jpg,.jpg,2516232,4608x2128,ok
Arka Neelachal Kesari,After Ripening,Arka Neelachal Kesari/After Ripening/20260519_115743.jpg,20260519_115743.jpg,.jpg,2508617,4608x2128,ok
Arka Neelachal Kesari,After Ripening,Arka Neelachal Kesari/After Ripening/20260519_115800.jpg,20260519_115800.jpg,.jpg,2419002,4608x2128,ok
Arka Neelachal Kesari,After Ripening,Arka Neelachal Kesari/After Ripening/20260519_115802.jpg,20260519_115802.jpg,.jpg,2380971,4608x2128,ok
Arka Neelachal Kesari,After Ripening,Arka Neelachal Kesari/After Ripening/20260519_115804.jpg,20260519_115804.jpg,.jpg,2453749,4608x2128,ok
Arka Neelachal Kesari,After Ripening,Arka Neelachal Kesari/After Ripening/20260519_115813.jpg,20260519_115813.jpg,.jpg,2355701,4608x2128,ok
Arka Neelachal Kesari,After Ripening,Arka Neelachal Kesari/After Ripening/20260519_115815.jpg,20260519_115815.jpg,.jpg,2396482,4608x2128,ok
Arka Neelachal Kesari,After Ripening,Arka Neelachal Kesari/After Ripening/20260519_115817.jpg,20260519_115817.jpg,.jpg,2421402,4608x2128,ok
Arka Neelachal Kesari,After Ripening,Arka Neelachal Kesari/After Ripening/20260519_115827.jpg,20260519_115827.jpg,.jpg,2407118,4608x2128,ok
Arka Neelachal Kesari,After Ripening,Arka Neelachal Kesari/After Ripening/20260519_115829.jpg,20260519_115829.jpg,.jpg,2451517,4608x2128,ok
Arka Neelachal Kesari,After Ripening,Arka Neelachal Kesari/After Ripening/20260519_115838.jpg,20260519_115838.jpg,.jpg,2315483,4608x2128,ok
Arka Neelachal Kesari,After Ripening,Arka Neelachal Kesari/After Ripening/20260519_115840.jpg,20260519_115840.jpg,.jpg,2329608,4608x2128,ok
Arka Neelachal Kesari,After Ripening,Arka Neelachal Kesari/After Ripening/20260519_115842.jpg,20260519_115842.jpg,.jpg,2364536,4608x2128,ok
Arka Neelachal Kesari,After Ripening,Arka Neelachal Kesari/After Ripening/20260519_115849.jpg,20260519_115849.jpg,.jpg,2386929,4608x2128,ok
Arka Neelachal Kesari,After Ripening,Arka Neelachal Kesari/After Ripening/20260519_115853.jpg,20260519_115853.jpg,.jpg,2408867,4608x2128,ok
Arka Neelachal Kesari,After Ripening,Arka Neelachal Kesari/After Ripening/20260519_115859.jpg,20260519_115859.jpg,.jpg,2504146,4608x2128,ok
Arka Neelachal Kesari,After Ripening,Arka Neelachal Kesari/After Ripening/20260519_115901.jpg,20260519_115901.jpg,.jpg,2466253,4608x2128,ok
Arka Neelachal Kesari,After Ripening,Arka Neelachal Kesari/After Ripening/20260519_115908.jpg,20260519_115908.jpg,.jpg,2481945,4608x2128,ok
Arka Neelachal Kesari,After Ripening,Arka Neelachal Kesari/After Ripening/20260519_115928.jpg,20260519_115928.jpg,.jpg,2479755,4608x2128,ok
Arka Neelachal Kesari,After Ripening,Arka Neelachal Kesari/After Ripening/20260519_115930.jpg,20260519_115930.jpg,.jpg,2535929,4608x2128,ok
Arka Neelachal Kesari,After Ripening,Arka Neelachal Kesari/After Ripening/20260519_115937.jpg,20260519_115937.jpg,.jpg,2431335,4608x2128,ok
Arka Neelachal Kesari,After Ripening,Arka Neelachal Kesari/After Ripening/20260519_115939.jpg,20260519_115939.jpg,.jpg,2486930,4608x2128,ok
Arka Neelachal Kesari,After Ripening,Arka Neelachal Kesari/After Ripening/20260519_115945.jpg,20260519_115945.jpg,.jpg,2398550,4608x2128,ok
Arka Neelachal Kesari,After Ripening,Arka Neelachal Kesari/After Ripening/20260519_115947.jpg,20260519_115947.jpg,.jpg,2470807,4608x2128,ok
Arka Neelachal Kesari,After Ripening,Arka Neelachal Kesari/After Ripening/20260519_115954.jpg,20260519_115954.jpg,.jpg,2447583,4608x2128,ok
Arka Neelachal Kesari,After Ripening,Arka Neelachal Kesari/After Ripening/20260519_115955.jpg,20260519_115955.jpg,.jpg,2593856,4608x2128,ok
Arka Neelachal Kesari,After Ripening,Arka Neelachal Kesari/After Ripening/20260519_120011.jpg,20260519_120011.jpg,.jpg,2415904,4608x2128,ok
Arka Neelachal Kesari,After Ripening,Arka Neelachal Kesari/After Ripening/20260519_120012.jpg,20260519_120012.jpg,.jpg,2466232,4608x2128,ok
Arka Neelachal Kesari,After Ripening,Arka Neelachal Kesari/After Ripening/20260519_120014.jpg,20260519_120014.jpg,.jpg,2489264,4608x2128,ok
Arka Neelachal Kesari,After Ripening,Arka Neelachal Kesari/After Ripening/20260519_120020.jpg,20260519_120020.jpg,.jpg,2440050,4608x2128,ok
Arka Neelachal Kesari,After Ripening,Arka Neelachal Kesari/After Ripening/20260519_120027.jpg,20260519_120027.jpg,.jpg,2428026,4608x2128,ok
Arka Neelachal Kesari,After Ripening,Arka Neelachal Kesari/After Ripening/20260519_120037.jpg,20260519_120037.jpg,.jpg,2452369,4608x2128,ok
Arka Neelachal Kesari,After Ripening,Arka Neelachal Kesari/After Ripening/20260519_120039.jpg,20260519_120039.jpg,.jpg,2474697,4608x2128,ok
Arka Neelachal Kesari,After Ripening,Arka Neelachal Kesari/After Ripening/20260519_120041.jpg,20260519_120041.jpg,.jpg,2471753,4608x2128,ok
Arka Neelachal Kesari,After Ripening,Arka Neelachal Kesari/After Ripening/20260519_120043.jpg,20260519_120043.jpg,.jpg,2493862,4608x2128,ok
Arka Neelachal Kesari,After Ripening,Arka Neelachal Kesari/After Ripening/20260519_120044.jpg,20260519_120044.jpg,.jpg,2469726,4608x2128,ok
Arka Neelachal Kesari,After Ripening,Arka Neelachal Kesari/After Ripening/20260519_120050.jpg,20260519_120050.jpg,.jpg,2424043,4608x2128,ok
Arka Neelachal Kesari,After Ripening,Arka Neelachal Kesari/After Ripening/20260519_120052.jpg,20260519_120052.jpg,.jpg,2433828,4608x2128,ok
Arka Neelachal Kesari,After Ripening,Arka Neelachal Kesari/After Ripening/20260519_120101.jpg,20260519_120101.jpg,.jpg,2437630,4608x2128,ok
Arka Neelachal Kesari,After Ripening,Arka Neelachal Kesari/After Ripening/20260519_120104.jpg,20260519_120104.jpg,.jpg,2451546,4608x2128,ok
Arka Neelachal Kesari,After Ripening,Arka Neelachal Kesari/After Ripening/20260519_120106.jpg,20260519_120106.jpg,.jpg,2446514,4608x2128,ok
Arka Neelachal Kesari,After Ripening,Arka Neelachal Kesari/After Ripening/20260519_120118.jpg,20260519_120118.jpg,.jpg,2390730,4608x2128,ok
Arka Neelachal Kesari,After Ripening,Arka Neelachal Kesari/After Ripening/20260519_120125.jpg,20260519_120125.jpg,.jpg,2341170,4608x2128,ok
Arka Neelachal Kesari,After Ripening,Arka Neelachal Kesari/After Ripening/20260519_120127.jpg,20260519_120127.jpg,.jpg,2403649,4608x2128,ok
Arka Neelachal Kesari,After Ripening,Arka Neelachal Kesari/After Ripening/20260519_120134.jpg,20260519_120134.jpg,.jpg,2389879,4608x2128,ok
Arka Neelachal Kesari,After Ripening,Arka Neelachal Kesari/After Ripening/20260519_120137.jpg,20260519_120137.jpg,.jpg,2404896,4608x2128,ok
Arka Neelachal Kesari,After Ripening,Arka Neelachal Kesari/After Ripening/20260519_120139.jpg,20260519_120139.jpg,.jpg,2362496,4608x2128,ok
Arka Neelachal Kesari,After Ripening,Arka Neelachal Kesari/After Ripening/20260519_120144.jpg,20260519_120144.jpg,.jpg,2353145,4608x2128,ok
Arka Neelachal Kesari,After Ripening,Arka Neelachal Kesari/After Ripening/20260519_120145.jpg,20260519_120145.jpg,.jpg,2358129,4608x2128,ok
Arka Neelachal Kesari,After Ripening,Arka Neelachal Kesari/After Ripening/20260519_120147.jpg,20260519_120147.jpg,.jpg,2443994,4608x2128,ok
Arka Neelachal Kesari,After Ripening,Arka Neelachal Kesari/After Ripening/20260519_120155.jpg,20260519_120155.jpg,.jpg,2359881,4608x2128,ok
Arka Neelachal Kesari,After Ripening,Arka Neelachal Kesari/After Ripening/20260519_120157.jpg,20260519_120157.jpg,.jpg,2310964,4608x2128,ok
Arka Neelachal Kesari,After Ripening,Arka Neelachal Kesari/After Ripening/20260519_120158.jpg,20260519_120158.jpg,.jpg,2394383,4608x2128,ok
Arka Neelachal Kesari,After Ripening,Arka Neelachal Kesari/After Ripening/20260519_120208.jpg,20260519_120208.jpg,.jpg,2415136,4608x2128,ok
Arka Neelachal Kesari,After Ripening,Arka Neelachal Kesari/After Ripening/20260519_120219.jpg,20260519_120219.jpg,.jpg,2349602,4608x2128,ok
Arka Neelachal Kesari,After Ripening,Arka Neelachal Kesari/After Ripening/20260519_120222.jpg,20260519_120222.jpg,.jpg,2471717,4608x2128,ok
Arka Neelachal Kesari,After Ripening,Arka Neelachal Kesari/After Ripening/20260519_120238.jpg,20260519_120238.jpg,.jpg,2380384,4608x2128,ok
Arka Neelachal Kesari,After Ripening,Arka Neelachal Kesari/After Ripening/20260519_120240.jpg,20260519_120240.jpg,.jpg,2450004,4608x2128,ok
Arka Neelachal Kesari,After Ripening,Arka Neelachal Kesari/After Ripening/20260519_120246.jpg,20260519_120246.jpg,.jpg,2432769,4608x2128,ok
Arka Neelachal Kesari,After Ripening,Arka Neelachal Kesari/After Ripening/20260519_120248.jpg,20260519_120248.jpg,.jpg,2411279,4608x2128,ok
Arka Neelachal Kesari,After Ripening,Arka Neelachal Kesari/After Ripening/20260519_120255.jpg,20260519_120255.jpg,.jpg,2420458,4608x2128,ok
Arka Neelachal Kesari,After Ripening,Arka Neelachal Kesari/After Ripening/20260519_120257.jpg,20260519_120257.jpg,.jpg,2446689,4608x2128,ok
Arka Neelachal Kesari,After Ripening,Arka Neelachal Kesari/After Ripening/20260519_120308.jpg,20260519_120308.jpg,.jpg,2399667,4608x2128,ok
Arka Neelachal Kesari,After Ripening,Arka Neelachal Kesari/After Ripening/20260519_120310.jpg,20260519_120310.jpg,.jpg,2418135,4608x2128,ok
Arka Neelachal Kesari,After Ripening,Arka Neelachal Kesari/After Ripening/20260519_120319.jpg,20260519_120319.jpg,.jpg,2327662,4608x2128,ok
Arka Neelachal Kesari,After Ripening,Arka Neelachal Kesari/After Ripening/20260519_120320.jpg,20260519_120320.jpg,.jpg,2422738,4608x2128,ok
Arka Neelachal Kesari,After Ripening,Arka Neelachal Kesari/After Ripening/20260519_120322.jpg,20260519_120322.jpg,.jpg,2356970,4608x2128,ok
Arka Neelachal Kesari,After Ripening,Arka Neelachal Kesari/After Ripening/20260519_120329.jpg,20260519_120329.jpg,.jpg,2445815,4608x2128,ok
Arka Neelachal Kesari,After Ripening,Arka Neelachal Kesari/After Ripening/20260519_120330.jpg,20260519_120330.jpg,.jpg,2435171,4608x2128,ok
Arka Neelachal Kesari,After Ripening,Arka Neelachal Kesari/After Ripening/20260519_120332.jpg,20260519_120332.jpg,.jpg,2423948,4608x2128,ok
Arka Neelachal Kesari,After Ripening,Arka Neelachal Kesari/After Ripening/20260519_120336.jpg,20260519_120336.jpg,.jpg,2396356,4608x2128,ok
Arka Neelachal Kesari,After Ripening,Arka Neelachal Kesari/After Ripening/20260519_120337.jpg,20260519_120337.jpg,.jpg,2403993,4608x2128,ok
Arka Neelachal Kesari,After Ripening,Arka Neelachal Kesari/After Ripening/20260519_120339.jpg,20260519_120339.jpg,.jpg,2428755,4608x2128,ok
Arka Neelachal Kesari,After Ripening,Arka Neelachal Kesari/After Ripening/20260519_120346.jpg,20260519_120346.jpg,.jpg,2424010,4608x2128,ok
Arka Neelachal Kesari,After Ripening,Arka Neelachal Kesari/After Ripening/20260519_120348.jpg,20260519_120348.jpg,.jpg,2377474,4608x2128,ok
Arka Neelachal Kesari,After Ripening,Arka Neelachal Kesari/After Ripening/20260519_120350.jpg,20260519_120350.jpg,.jpg,2392400,4608x2128,ok
Arka Neelachal Kesari,After Ripening,Arka Neelachal Kesari/After Ripening/20260519_120358.jpg,20260519_120358.jpg,.jpg,2446940,4608x2128,ok
Arka Neelachal Kesari,After Ripening,Arka Neelachal Kesari/After Ripening/20260519_120400.jpg,20260519_120400.jpg,.jpg,2373050,4608x2128,ok
Arka Neelachal Kesari,After Ripening,Arka Neelachal Kesari/After Ripening/20260519_120407.jpg,20260519_120407.jpg,.jpg,2424397,4608x2128,ok
Arka Neelachal Kesari,After Ripening,Arka Neelachal Kesari/After Ripening/20260519_120409.jpg,20260519_120409.jpg,.jpg,2428521,4608x2128,ok
Arka Neelachal Kesari,Before ripening,Arka Neelachal Kesari/Before ripening/20250404_163733.jpg,20250404_163733.jpg,.jpg,5640208,4608x2128,ok
Arka Neelachal Kesari,Before ripening,Arka Neelachal Kesari/Before ripening/20250404_163745.jpg,20250404_163745.jpg,.jpg,2912555,4608x2128,ok
Arka Neelachal Kesari,Before ripening,Arka Neelachal Kesari/Before ripening/20250404_163746.jpg,20250404_163746.jpg,.jpg,3055196,4608x2128,ok
Arka Neelachal Kesari,Before ripening,Arka Neelachal Kesari/Before ripening/20250404_163747.jpg,20250404_163747.jpg,.jpg,3000305,4608x2128,ok
Arka Neelachal Kesari,Before ripening,Arka Neelachal Kesari/Before ripening/20250404_163748.jpg,20250404_163748.jpg,.jpg,2947227,4608x2128,ok
Arka Neelachal Kesari,Before ripening,Arka Neelachal Kesari/Before ripening/20250404_163925.jpg,20250404_163925.jpg,.jpg,3378257,4608x2128,ok
Arka Neelachal Kesari,Before ripening,Arka Neelachal Kesari/Before ripening/20250404_163932.jpg,20250404_163932.jpg,.jpg,2320232,4608x2128,ok
Arka Neelachal Kesari,Before ripening,Arka Neelachal Kesari/Before ripening/20250404_163933.jpg,20250404_163933.jpg,.jpg,2421884,4608x2128,ok
Arka Neelachal Kesari,Before ripening,Arka Neelachal Kesari/Before ripening/20250404_163935.jpg,20250404_163935.jpg,.jpg,2181721,4608x2128,ok
Arka Neelachal Kesari,Before ripening,Arka Neelachal Kesari/Before ripening/20250404_163941.jpg,20250404_163941.jpg,.jpg,2140718,4608x2128,ok
Arka Neelachal Kesari,Before ripening,Arka Neelachal Kesari/Before ripening/20250404_163943.jpg,20250404_163943.jpg,.jpg,1942710,4608x2128,ok
Arka Neelachal Kesari,Before ripening,Arka Neelachal Kesari/Before ripening/20250404_163946.jpg,20250404_163946.jpg,.jpg,2031618,4608x2128,ok
Arka Neelachal Kesari,Before ripening,Arka Neelachal Kesari/Before ripening/20250404_163952.jpg,20250404_163952.jpg,.jpg,2421253,4608x2128,ok
Arka Neelachal Kesari,Before ripening,Arka Neelachal Kesari/Before ripening/20250404_163953.jpg,20250404_163953.jpg,.jpg,2440975,4608x2128,ok
Arka Neelachal Kesari,Before ripening,Arka Neelachal Kesari/Before ripening/20250404_163954.jpg,20250404_163954.jpg,.jpg,2419203,4608x2128,ok
Arka Neelachal Kesari,Before ripening,Arka Neelachal Kesari/Before ripening/20250404_163955.jpg,20250404_163955.jpg,.jpg,2430080,4608x2128,ok
Arka Neelachal Kesari,Before ripening,Arka Neelachal Kesari/Before ripening/20250404_163957.jpg,20250404_163957.jpg,.jpg,2450696,4608x2128,ok
Arka Neelachal Kesari,Before ripening,Arka Neelachal Kesari/Before ripening/20250404_164012.jpg,20250404_164012.jpg,.jpg,2333208,4608x2128,ok
Arka Neelachal Kesari,Before ripening,Arka Neelachal Kesari/Before ripening/20250404_164013.jpg,20250404_164013.jpg,.jpg,2291252,4608x2128,ok
Arka Neelachal Kesari,Before ripening,Arka Neelachal Kesari/Before ripening/20250404_164014.jpg,20250404_164014.jpg,.jpg,2302575,4608x2128,ok
Arka Neelachal Kesari,Before ripening,Arka Neelachal Kesari/Before ripening/20250404_164029.jpg,20250404_164029.jpg,.jpg,2398962,4608x2128,ok
Arka Neelachal Kesari,Before ripening,Arka Neelachal Kesari/Before ripening/20250404_164041.jpg,20250404_164041.jpg,.jpg,2298493,4608x2128,ok
Arka Neelachal Kesari,Before ripening,Arka Neelachal Kesari/Before ripening/20250404_164043.jpg,20250404_164043.jpg,.jpg,2284751,4608x2128,ok
Arka Neelachal Kesari,Before ripening,Arka Neelachal Kesari/Before ripening/20250404_164057.jpg,20250404_164057.jpg,.jpg,2369728,4608x2128,ok
Arka Neelachal Kesari,Before ripening,Arka Neelachal Kesari/Before ripening/20250404_164058.jpg,20250404_164058.jpg,.jpg,2363908,4608x2128,ok
Arka Neelachal Kesari,Before ripening,Arka Neelachal Kesari/Before ripening/20250404_164059.jpg,20250404_164059.jpg,.jpg,2355726,4608x2128,ok
Arka Neelachal Kesari,Before ripening,Arka Neelachal Kesari/Before ripening/20250404_164114.jpg,20250404_164114.jpg,.jpg,2644889,4608x2128,ok
Arka Neelachal Kesari,Before ripening,Arka Neelachal Kesari/Before ripening/20250404_164115.jpg,20250404_164115.jpg,.jpg,2506455,4608x2128,ok
Arka Neelachal Kesari,Before ripening,Arka Neelachal Kesari/Before ripening/20250404_164116.jpg,20250404_164116.jpg,.jpg,2697520,4608x2128,ok
Arka Neelachal Kesari,Before ripening,Arka Neelachal Kesari/Before ripening/20250404_164205.jpg,20250404_164205.jpg,.jpg,2544390,4608x2128,ok
Arka Neelachal Kesari,Before ripening,Arka Neelachal Kesari/Before ripening/20250404_164206(0).jpg,20250404_164206(0).jpg,.jpg,2877816,4608x2128,ok
Arka Neelachal Kesari,Before ripening,Arka Neelachal Kesari/Before ripening/20250404_164206.jpg,20250404_164206.jpg,.jpg,2882090,4608x2128,ok
Arka Neelachal Kesari,Before ripening,Arka Neelachal Kesari/Before ripening/20250404_164219.jpg,20250404_164219.jpg,.jpg,2500925,4608x2128,ok
Arka Neelachal Kesari,Before ripening,Arka Neelachal Kesari/Before ripening/20250404_164222.jpg,20250404_164222.jpg,.jpg,2272598,4608x2128,ok
Arka Neelachal Kesari,Before ripening,Arka Neelachal Kesari/Before ripening/20250404_164240.jpg,20250404_164240.jpg,.jpg,2467238,4608x2128,ok
Arka Neelachal Kesari,Before ripening,Arka Neelachal Kesari/Before ripening/20250404_164241.jpg,20250404_164241.jpg,.jpg,2471278,4608x2128,ok
Arka Neelachal Kesari,Before ripening,Arka Neelachal Kesari/Before ripening/20250404_164319.jpg,20250404_164319.jpg,.jpg,2333727,4608x2128,ok
Arka Neelachal Kesari,Before ripening,Arka Neelachal Kesari/Before ripening/20250404_164320.jpg,20250404_164320.jpg,.jpg,2366957,4608x2128,ok
Arka Neelachal Kesari,Before ripening,Arka Neelachal Kesari/Before ripening/20250404_164322.jpg,20250404_164322.jpg,.jpg,2465775,4608x2128,ok
Arka Neelachal Kesari,Before ripening,Arka Neelachal Kesari/Before ripening/20250404_164323.jpg,20250404_164323.jpg,.jpg,2457467,4608x2128,ok
Arka Neelachal Kesari,Before ripening,Arka Neelachal Kesari/Before ripening/20250404_164324.jpg,20250404_164324.jpg,.jpg,2414122,4608x2128,ok
Arka Neelachal Kesari,Before ripening,Arka Neelachal Kesari/Before ripening/20250404_164347.jpg,20250404_164347.jpg,.jpg,2625323,4608x2128,ok
Arka Neelachal Kesari,Before ripening,Arka Neelachal Kesari/Before ripening/20250404_164348(0).jpg,20250404_164348(0).jpg,.jpg,2608237,4608x2128,ok
Arka Neelachal Kesari,Before ripening,Arka Neelachal Kesari/Before ripening/20250404_164348.jpg,20250404_164348.jpg,.jpg,2619804,4608x2128,ok
Arka Neelachal Kesari,Before ripening,Arka Neelachal Kesari/Before ripening/20250404_164349.jpg,20250404_164349.jpg,.jpg,2637792,4608x2128,ok
Arka Neelachal Kesari,Before ripening,Arka Neelachal Kesari/Before ripening/20250404_164352.jpg,20250404_164352.jpg,.jpg,2255958,4608x2128,ok
Arka Neelachal Kesari,Before ripening,Arka Neelachal Kesari/Before ripening/20250404_164358.jpg,20250404_164358.jpg,.jpg,2648037,4608x2128,ok
Arka Neelachal Kesari,Before ripening,Arka Neelachal Kesari/Before ripening/20250404_164359.jpg,20250404_164359.jpg,.jpg,2646777,4608x2128,ok
Arka Neelachal Kesari,Before ripening,Arka Neelachal Kesari/Before ripening/20250404_164400.jpg,20250404_164400.jpg,.jpg,2647041,4608x2128,ok
Arka Neelachal Kesari,Before ripening,Arka Neelachal Kesari/Before ripening/20250404_164406.jpg,20250404_164406.jpg,.jpg,2551410,4608x2128,ok
Arka Neelachal Kesari,Before ripening,Arka Neelachal Kesari/Before ripening/20250404_164407(0).jpg,20250404_164407(0).jpg,.jpg,2618620,4608x2128,ok
Arka Neelachal Kesari,Before ripening,Arka Neelachal Kesari/Before ripening/20250404_164407(1).jpg,20250404_164407(1).jpg,.jpg,2588428,4608x2128,ok
Arka Neelachal Kesari,Before ripening,Arka Neelachal Kesari/Before ripening/20250404_164407.jpg,20250404_164407.jpg,.jpg,2571907,4608x2128,ok
Arka Neelachal Kesari,Before ripening,Arka Neelachal Kesari/Before ripening/20250404_164408(0).jpg,20250404_164408(0).jpg,.jpg,2540076,4608x2128,ok
Arka Neelachal Kesari,Before ripening,Arka Neelachal Kesari/Before ripening/20250404_164409.jpg,20250404_164409.jpg,.jpg,2604137,4608x2128,ok
Arka Neelachal Kesari,Before ripening,Arka Neelachal Kesari/Before ripening/20250404_164425.jpg,20250404_164425.jpg,.jpg,2572974,4608x2128,ok
Arka Neelachal Kesari,Before ripening,Arka Neelachal Kesari/Before ripening/20250404_164427.jpg,20250404_164427.jpg,.jpg,2583877,4608x2128,ok
Arka Neelachal Kesari,Before ripening,Arka Neelachal Kesari/Before ripening/20250404_164428.jpg,20250404_164428.jpg,.jpg,2593460,4608x2128,ok
Arka Neelachal Kesari,Before ripening,Arka Neelachal Kesari/Before ripening/20250404_164437.jpg,20250404_164437.jpg,.jpg,2735870,4608x2128,ok
Arka Neelachal Kesari,Before ripening,Arka Neelachal Kesari/Before ripening/20250404_164438.jpg,20250404_164438.jpg,.jpg,2831888,4608x2128,ok
Arka Neelachal Kesari,Before ripening,Arka Neelachal Kesari/Before ripening/20250404_164440.jpg,20250404_164440.jpg,.jpg,2998184,4608x2128,ok
Arka Neelachal Kesari,Before ripening,Arka Neelachal Kesari/Before ripening/20250404_164441.jpg,20250404_164441.jpg,.jpg,2948525,4608x2128,ok
Arka Neelachal Kesari,Before ripening,Arka Neelachal Kesari/Before ripening/20250404_164454.jpg,20250404_164454.jpg,.jpg,2621336,4608x2128,ok
Arka Neelachal Kesari,Before ripening,Arka Neelachal Kesari/Before ripening/20250404_164455(0).jpg,20250404_164455(0).jpg,.jpg,2732954,4608x2128,ok
Arka Neelachal Kesari,Before ripening,Arka Neelachal Kesari/Before ripening/20250404_164455.jpg,20250404_164455.jpg,.jpg,2604949,4608x2128,ok
Arka Neelachal Kesari,Before ripening,Arka Neelachal Kesari/Before ripening/20250404_164456.jpg,20250404_164456.jpg,.jpg,2499481,4608x2128,ok
Arka Neelachal Kesari,Before ripening,Arka Neelachal Kesari/Before ripening/20250404_164521.jpg,20250404_164521.jpg,.jpg,2202263,4608x2128,ok
Arka Neelachal Kesari,Before ripening,Arka Neelachal Kesari/Before ripening/20250404_164523.jpg,20250404_164523.jpg,.jpg,2195722,4608x2128,ok
Arka Neelachal Kesari,Before ripening,Arka Neelachal Kesari/Before ripening/20250404_164536.jpg,20250404_164536.jpg,.jpg,2632092,4608x2128,ok
Arka Neelachal Kesari,Before ripening,Arka Neelachal Kesari/Before ripening/20250404_164545.jpg,20250404_164545.jpg,.jpg,2092745,4608x2128,ok
Arka Neelachal Kesari,Before ripening,Arka Neelachal Kesari/Before ripening/20250404_164547.jpg,20250404_164547.jpg,.jpg,2203102,4608x2128,ok
Arka Neelachal Kesari,Before ripening,Arka Neelachal Kesari/Before ripening/20250404_164549.jpg,20250404_164549.jpg,.jpg,2132472,4608x2128,ok
Arka Neelachal Kesari,Before ripening,Arka Neelachal Kesari/Before ripening/20250404_164555.jpg,20250404_164555.jpg,.jpg,2208123,4608x2128,ok
Arka Neelachal Kesari,Before ripening,Arka Neelachal Kesari/Before ripening/20250404_164623.jpg,20250404_164623.jpg,.jpg,2179930,4608x2128,ok
Arka Neelachal Kesari,Before ripening,Arka Neelachal Kesari/Before ripening/20250404_164625.jpg,20250404_164625.jpg,.jpg,2158483,4608x2128,ok
Arka Neelachal Kesari,Before ripening,Arka Neelachal Kesari/Before ripening/20250404_164627.jpg,20250404_164627.jpg,.jpg,2173148,4608x2128,ok
Arka Neelachal Kesari,Before ripening,Arka Neelachal Kesari/Before ripening/20250404_164635.jpg,20250404_164635.jpg,.jpg,2450109,4608x2128,ok
Arka Neelachal Kesari,Before ripening,Arka Neelachal Kesari/Before ripening/20250404_164636.jpg,20250404_164636.jpg,.jpg,2511231,4608x2128,ok
Arka Neelachal Kesari,Before ripening,Arka Neelachal Kesari/Before ripening/20250404_164637.jpg,20250404_164637.jpg,.jpg,2402183,4608x2128,ok
Arka Neelachal Kesari,Before ripening,Arka Neelachal Kesari/Before ripening/20250404_164638.jpg,20250404_164638.jpg,.jpg,2512938,4608x2128,ok
Arka Neelachal Kesari,Before ripening,Arka Neelachal Kesari/Before ripening/20250404_164639(0).jpg,20250404_164639(0).jpg,.jpg,2482852,4608x2128,ok
Arka Neelachal Kesari,Before ripening,Arka Neelachal Kesari/Before ripening/20250404_164639.jpg,20250404_164639.jpg,.jpg,2483632,4608x2128,ok
Arka Neelachal Kesari,Before ripening,Arka Neelachal Kesari/Before ripening/20250404_164640.jpg,20250404_164640.jpg,.jpg,2446471,4608x2128,ok
Arka Neelachal Kesari,Before ripening,Arka Neelachal Kesari/Before ripening/20250404_164700.jpg,20250404_164700.jpg,.jpg,1771430,4608x2128,ok
Arka Neelachal Kesari,Before ripening,Arka Neelachal Kesari/Before ripening/20250404_164702.jpg,20250404_164702.jpg,.jpg,1828773,4608x2128,ok
Arka Neelachal Kesari,Before ripening,Arka Neelachal Kesari/Before ripening/20250404_164717.jpg,20250404_164717.jpg,.jpg,1985854,4608x2128,ok
Arka Neelachal Kesari,Before ripening,Arka Neelachal Kesari/Before ripening/20250404_164718.jpg,20250404_164718.jpg,.jpg,1997019,4608x2128,ok
Arka Neelachal Kesari,Before ripening,Arka Neelachal Kesari/Before ripening/20250404_164719.jpg,20250404_164719.jpg,.jpg,2000412,4608x2128,ok
Arka Neelachal Kesari,Before ripening,Arka Neelachal Kesari/Before ripening/20250404_164720(0).jpg,20250404_164720(0).jpg,.jpg,1958103,4608x2128,ok
Arka Neelachal Kesari,Before ripening,Arka Neelachal Kesari/Before ripening/20250404_164720.jpg,20250404_164720.jpg,.jpg,2009870,4608x2128,ok
Arka Neelachal Kesari,Before ripening,Arka Neelachal Kesari/Before ripening/20250404_164721.jpg,20250404_164721.jpg,.jpg,1962022,4608x2128,ok
Arka Neelachal Kesari,Before ripening,Arka Neelachal Kesari/Before ripening/20250404_164733.jpg,20250404_164733.jpg,.jpg,2036569,4608x2128,ok
Arka Neelachal Kesari,Before ripening,Arka Neelachal Kesari/Before ripening/20250404_164734.jpg,20250404_164734.jpg,.jpg,2038610,4608x2128,ok
Arka Neelachal Kesari,Before ripening,Arka Neelachal Kesari/Before ripening/20250404_164735(0).jpg,20250404_164735(0).jpg,.jpg,2042126,4608x2128,ok
Arka Neelachal Kesari,Before ripening,Arka Neelachal Kesari/Before ripening/20250404_164735.jpg,20250404_164735.jpg,.jpg,2028518,4608x2128,ok
Arka Neelachal Kesari,Before ripening,Arka Neelachal Kesari/Before ripening/20250404_164745.jpg,20250404_164745.jpg,.jpg,2096364,4608x2128,ok
Arka Neelachal Kesari,Before ripening,Arka Neelachal Kesari/Before ripening/20250404_164747.jpg,20250404_164747.jpg,.jpg,2032143,4608x2128,ok
Arka Neelachal Kesari,Before ripening,Arka Neelachal Kesari/Before ripening/20250404_164750.jpg,20250404_164750.jpg,.jpg,2052849,4608x2128,ok
Arka Neelachal Kesari,Before ripening,Arka Neelachal Kesari/Before ripening/20250404_164751.jpg,20250404_164751.jpg,.jpg,2015644,4608x2128,ok
Arka Neelachal Kesari,Before ripening,Arka Neelachal Kesari/Before ripening/20250404_164752.jpg,20250404_164752.jpg,.jpg,2071761,4608x2128,ok
Arka Neelachal Kesari,Before ripening,Arka Neelachal Kesari/Before ripening/20250404_164754.jpg,20250404_164754.jpg,.jpg,2024069,4608x2128,ok
Arka Neelachal Kesari,Before ripening,Arka Neelachal Kesari/Before ripening/20250404_164812.jpg,20250404_164812.jpg,.jpg,1944196,4608x2128,ok
Arka Neelachal Kesari,Before ripening,Arka Neelachal Kesari/Before ripening/20250404_164814.jpg,20250404_164814.jpg,.jpg,1975741,4608x2128,ok
Arka Neelachal Kesari,Before ripening,Arka Neelachal Kesari/Before ripening/20250404_164908.jpg,20250404_164908.jpg,.jpg,1838850,4608x2128,ok
Arka Neelachal Kesari,Before ripening,Arka Neelachal Kesari/Before ripening/20250404_164909.jpg,20250404_164909.jpg,.jpg,1870127,4608x2128,ok
Arka Neelachal Kesari,Before ripening,Arka Neelachal Kesari/Before ripening/20250404_164911.jpg,20250404_164911.jpg,.jpg,1885199,4608x2128,ok
Arka Neelachal Kesari,Before ripening,Arka Neelachal Kesari/Before ripening/20250404_164913(0).jpg,20250404_164913(0).jpg,.jpg,2030833,4608x2128,ok
Arka Neelachal Kesari,Before ripening,Arka Neelachal Kesari/Before ripening/20250404_164913.jpg,20250404_164913.jpg,.jpg,1903711,4608x2128,ok
Arka Neelachal Kesari,Before ripening,Arka Neelachal Kesari/Before ripening/20250404_164915.jpg,20250404_164915.jpg,.jpg,1928156,4608x2128,ok
Arka Neelachal Kesari,Before ripening,Arka Neelachal Kesari/Before ripening/20250404_164917.jpg,20250404_164917.jpg,.jpg,1922307,4608x2128,ok
Arka Neelachal Kesari,Before ripening,Arka Neelachal Kesari/Before ripening/20250404_165809.jpg,20250404_165809.jpg,.jpg,1858097,4608x2128,ok
Arka Neelachal Kesari,Before ripening,Arka Neelachal Kesari/Before ripening/20250404_165811.jpg,20250404_165811.jpg,.jpg,1811521,4608x2128,ok
Arka Neelachal Kesari,Before ripening,Arka Neelachal Kesari/Before ripening/20250404_165813.jpg,20250404_165813.jpg,.jpg,1880176,4608x2128,ok
Arka Neelachal Kesari,Before ripening,Arka Neelachal Kesari/Before ripening/20250404_165814.jpg,20250404_165814.jpg,.jpg,2006738,4608x2128,ok
Arka Neelachal Kesari,Before ripening,Arka Neelachal Kesari/Before ripening/20250404_165815.jpg,20250404_165815.jpg,.jpg,1991685,4608x2128,ok
Arka Neelachal Kesari,Before ripening,Arka Neelachal Kesari/Before ripening/20250404_165830(0).jpg,20250404_165830(0).jpg,.jpg,1936877,4608x2128,ok
Arka Neelachal Kesari,Before ripening,Arka Neelachal Kesari/Before ripening/20250404_165830.jpg,20250404_165830.jpg,.jpg,1943987,4608x2128,ok
Arka Neelachal Kesari,Before ripening,Arka Neelachal Kesari/Before ripening/20250404_165833.jpg,20250404_165833.jpg,.jpg,1794991,4608x2128,ok
Arka Neelachal Kesari,Before ripening,Arka Neelachal Kesari/Before ripening/20250404_165834.jpg,20250404_165834.jpg,.jpg,1766695,4608x2128,ok
Arka Neelachal Kesari,Before ripening,Arka Neelachal Kesari/Before ripening/20250404_165836.jpg,20250404_165836.jpg,.jpg,1795922,4608x2128,ok
Arka Neelachal Kesari,Before ripening,Arka Neelachal Kesari/Before ripening/20250404_165838.jpg,20250404_165838.jpg,.jpg,1786078,4608x2128,ok
Arka Neelachal Kesari,Before ripening,Arka Neelachal Kesari/Before ripening/20250404_165845.jpg,20250404_165845.jpg,.jpg,1774758,4608x2128,ok
Arka Neelachal Kesari,Before ripening,Arka Neelachal Kesari/Before ripening/20250404_165848.jpg,20250404_165848.jpg,.jpg,1735526,4608x2128,ok
Arka Neelachal Kesari,Before ripening,Arka Neelachal Kesari/Before ripening/20250404_165903(0).jpg,20250404_165903(0).jpg,.jpg,1845933,4608x2128,ok
Arka Neelachal Kesari,Before ripening,Arka Neelachal Kesari/Before ripening/20250404_165903.jpg,20250404_165903.jpg,.jpg,1864282,4608x2128,ok
Arka Neelachal Kesari,Before ripening,Arka Neelachal Kesari/Before ripening/20250404_165904.jpg,20250404_165904.jpg,.jpg,1878300,4608x2128,ok
Arka Neelachal Kesari,Before ripening,Arka Neelachal Kesari/Before ripening/20250404_165905.jpg,20250404_165905.jpg,.jpg,1859424,4608x2128,ok
Arka Neelachal Kesari,Before ripening,Arka Neelachal Kesari/Before ripening/20250404_165906.jpg,20250404_165906.jpg,.jpg,1853480,4608x2128,ok
Arka Neelachal Kesari,Before ripening,Arka Neelachal Kesari/Before ripening/20250404_165907.jpg,20250404_165907.jpg,.jpg,1825481,4608x2128,ok
Arka Neelachal Kesari,Before ripening,Arka Neelachal Kesari/Before ripening/20250404_165914.jpg,20250404_165914.jpg,.jpg,1811611,4608x2128,ok
Arka Neelachal Kesari,Before ripening,Arka Neelachal Kesari/Before ripening/20250404_165916.jpg,20250404_165916.jpg,.jpg,1847001,4608x2128,ok
Arka Neelachal Kesari,Before ripening,Arka Neelachal Kesari/Before ripening/20250404_165917.jpg,20250404_165917.jpg,.jpg,1933157,4608x2128,ok
Arka Neelachal Kesari,Before ripening,Arka Neelachal Kesari/Before ripening/20250404_165927.jpg,20250404_165927.jpg,.jpg,1848892,4608x2128,ok
Arka Neelachal Kesari,Before ripening,Arka Neelachal Kesari/Before ripening/20250404_165928.jpg,20250404_165928.jpg,.jpg,1837103,4608x2128,ok
Arka Neelachal Kesari,Before ripening,Arka Neelachal Kesari/Before ripening/20250404_165929(0).jpg,20250404_165929(0).jpg,.jpg,1868094,4608x2128,ok
Arka Neelachal Kesari,Before ripening,Arka Neelachal Kesari/Before ripening/20250404_165929.jpg,20250404_165929.jpg,.jpg,1861558,4608x2128,ok
Arka Neelachal Kesari,Before ripening,Arka Neelachal Kesari/Before ripening/20250404_165930.jpg,20250404_165930.jpg,.jpg,1886006,4608x2128,ok
Arka Neelachal Kesari,Before ripening,Arka Neelachal Kesari/Before ripening/20250404_165948(0).jpg,20250404_165948(0).jpg,.jpg,1712901,4608x2128,ok
Arka Neelachal Kesari,Before ripening,Arka Neelachal Kesari/Before ripening/20250404_165948.jpg,20250404_165948.jpg,.jpg,1678875,4608x2128,ok
Arka Neelachal Kesari,Before ripening,Arka Neelachal Kesari/Before ripening/20250404_165949.jpg,20250404_165949.jpg,.jpg,1667732,4608x2128,ok
Arka Neelachal Kesari,Before ripening,Arka Neelachal Kesari/Before ripening/20250404_165950.jpg,20250404_165950.jpg,.jpg,1653516,4608x2128,ok
Arka Neelachal Kesari,Before ripening,Arka Neelachal Kesari/Before ripening/20250404_165951.jpg,20250404_165951.jpg,.jpg,1688065,4608x2128,ok
Arka Neelachal Kesari,Before ripening,Arka Neelachal Kesari/Before ripening/20260318_002218_001.jpg,20260318_002218_001.jpg,.jpg,4128202,4608x3456,ok
Arka Neelachal Kesari,Before ripening,Arka Neelachal Kesari/Before ripening/20260504_173653.jpg,20260504_173653.jpg,.jpg,2662588,4608x2128,ok
Arka Neelachal Kesari,Before ripening,Arka Neelachal Kesari/Before ripening/20260504_173654.jpg,20260504_173654.jpg,.jpg,2622367,4608x2128,ok
Arka Neelachal Kesari,Before ripening,Arka Neelachal Kesari/Before ripening/20260504_173656.jpg,20260504_173656.jpg,.jpg,2711960,4608x2128,ok
Arka Neelachal Kesari,Before ripening,Arka Neelachal Kesari/Before ripening/20260504_173657.jpg,20260504_173657.jpg,.jpg,2694481,4608x2128,ok
Arka Neelachal Kesari,Before ripening,Arka Neelachal Kesari/Before ripening/20260504_173736.jpg,20260504_173736.jpg,.jpg,2127259,4608x2128,ok
Arka Neelachal Kesari,Before ripening,Arka Neelachal Kesari/Before ripening/20260504_173743.jpg,20260504_173743.jpg,.jpg,2224914,4608x2128,ok
Arka Neelachal Kesari,Before ripening,Arka Neelachal Kesari/Before ripening/20260504_173747.jpg,20260504_173747.jpg,.jpg,2184136,4608x2128,ok
Arka Neelachal Kesari,Before ripening,Arka Neelachal Kesari/Before ripening/20260504_173819.jpg,20260504_173819.jpg,.jpg,2474622,4608x2128,ok
Arka Neelachal Kesari,Before ripening,Arka Neelachal Kesari/Before ripening/20260504_173820.jpg,20260504_173820.jpg,.jpg,2456371,4608x2128,ok
Arka Neelachal Kesari,Before ripening,Arka Neelachal Kesari/Before ripening/20260504_173821(0).jpg,20260504_173821(0).jpg,.jpg,2786764,4608x2128,ok
Arka Neelachal Kesari,Before ripening,Arka Neelachal Kesari/Before ripening/20260504_173821.jpg,20260504_173821.jpg,.jpg,2476629,4608x2128,ok
Arka Neelachal Kesari,Before ripening,Arka Neelachal Kesari/Before ripening/20260504_173837.jpg,20260504_173837.jpg,.jpg,2566074,4608x2128,ok
Arka Neelachal Kesari,Before ripening,Arka Neelachal Kesari/Before ripening/20260504_173838.jpg,20260504_173838.jpg,.jpg,2650779,4608x2128,ok
Arka Neelachal Kesari,Before ripening,Arka Neelachal Kesari/Before ripening/20260504_173841.jpg,20260504_173841.jpg,.jpg,2092286,4608x2128,ok
Arka Neelachal Kesari,Before ripening,Arka Neelachal Kesari/Before ripening/20260504_173843.jpg,20260504_173843.jpg,.jpg,2054708,4608x2128,ok
Arka Neelachal Kesari,Before ripening,Arka Neelachal Kesari/Before ripening/20260512_092938.jpg,20260512_092938.jpg,.jpg,2771056,4608x2128,ok
Arka Neelachal Kesari,Before ripening,Arka Neelachal Kesari/Before ripening/20260512_092940.jpg,20260512_092940.jpg,.jpg,2784885,4608x2128,ok
Arka Neelachal Kesari,Before ripening,Arka Neelachal Kesari/Before ripening/20260512_092942.jpg,20260512_092942.jpg,.jpg,2822214,4608x2128,ok
Arka Neelachal Kesari,Before ripening,Arka Neelachal Kesari/Before ripening/20260512_092943.jpg,20260512_092943.jpg,.jpg,2830608,4608x2128,ok
Arka Neelachal Kesari,Before ripening,Arka Neelachal Kesari/Before ripening/20260512_092944.jpg,20260512_092944.jpg,.jpg,2823235,4608x2128,ok
Arka Neelachal Kesari,Before ripening,Arka Neelachal Kesari/Before ripening/20260512_100841.jpg,20260512_100841.jpg,.jpg,2219440,4608x2128,ok
Arka Neelachal Kesari,Before ripening,Arka Neelachal Kesari/Before ripening/20260512_100920amByGPSMapCamera.jpg,20260512_100920amByGPSMapCamera.jpg,.jpg,5693596,3456x4608,ok
Arka Neelachal Kesari,Before ripening,Arka Neelachal Kesari/Before ripening/20260512_100922amByGPSMapCamera.jpg,20260512_100922amByGPSMapCamera.jpg,.jpg,5937752,3456x4608,ok
Arka Neelachal Kesari,Before ripening,Arka Neelachal Kesari/Before ripening/20260512_100927amByGPSMapCamera.jpg,20260512_100927amByGPSMapCamera.jpg,.jpg,5529433,3456x4608,ok
Arka Neelachal Kesari,Before ripening,Arka Neelachal Kesari/Before ripening/20260512_100929amByGPSMapCamera.jpg,20260512_100929amByGPSMapCamera.jpg,.jpg,5453722,3456x4608,ok
Arka Neelachal Kesari,Before ripening,Arka Neelachal Kesari/Before ripening/20260512_101914amByGPSMapCamera.jpg,20260512_101914amByGPSMapCamera.jpg,.jpg,5080012,3456x4608,ok
Arka Neelachal Kesari,Before ripening,Arka Neelachal Kesari/Before ripening/20260512_101916amByGPSMapCamera.jpg,20260512_101916amByGPSMapCamera.jpg,.jpg,5816743,3456x4608,ok
Arka Neelachal Kesari,Before ripening,Arka Neelachal Kesari/Before ripening/20260512_101952amByGPSMapCamera.jpg,20260512_101952amByGPSMapCamera.jpg,.jpg,4720709,3456x4608,ok
Arka Neelachal Kesari,Before ripening,Arka Neelachal Kesari/Before ripening/20260512_103257amByGPSMapCamera.jpg,20260512_103257amByGPSMapCamera.jpg,.jpg,9500422,3456x4608,ok
Arka Neelachal Kesari,Before ripening,Arka Neelachal Kesari/Before ripening/20260512_103259amByGPSMapCamera.jpg,20260512_103259amByGPSMapCamera.jpg,.jpg,9622625,3456x4608,ok
Arka Neelachal Kesari,Before ripening,Arka Neelachal Kesari/Before ripening/20260512_103423amByGPSMapCamera.jpg,20260512_103423amByGPSMapCamera.jpg,.jpg,9402676,3456x4608,ok
Arka Neelachal Kesari,Before ripening,Arka Neelachal Kesari/Before ripening/20260512_103535amByGPSMapCamera.jpg,20260512_103535amByGPSMapCamera.jpg,.jpg,9508861,3456x4608,ok
Arka Neelachal Kesari,Before ripening,Arka Neelachal Kesari/Before ripening/20260512_103553amByGPSMapCamera.jpg,20260512_103553amByGPSMapCamera.jpg,.jpg,9467963,3456x4608,ok
Arka Neelachal Kesari,Before ripening,Arka Neelachal Kesari/Before ripening/20260512_103729amByGPSMapCamera.jpg,20260512_103729amByGPSMapCamera.jpg,.jpg,9422378,3456x4608,ok
Arka Neelachal Kesari,Before ripening,Arka Neelachal Kesari/Before ripening/20260512_121709.jpg,20260512_121709.jpg,.jpg,2073023,4608x2128,ok
Arka Neelachal Kesari,Before ripening,Arka Neelachal Kesari/Before ripening/20260512_121711.jpg,20260512_121711.jpg,.jpg,2108176,4608x2128,ok
Arka Neelachal Kesari,Before ripening,Arka Neelachal Kesari/Before ripening/20260512_121714.jpg,20260512_121714.jpg,.jpg,2145572,4608x2128,ok
Arka Neelachal Kesari,Before ripening,Arka Neelachal Kesari/Before ripening/20260512_121717.jpg,20260512_121717.jpg,.jpg,2002372,4608x2128,ok
Arka Neelachal Kesari,Before ripening,Arka Neelachal Kesari/Before ripening/20260512_122927.jpg,20260512_122927.jpg,.jpg,2378307,4608x2128,ok
Arka Neelachal Kesari,Before ripening,Arka Neelachal Kesari/Before ripening/20260512_122929.jpg,20260512_122929.jpg,.jpg,2348599,4608x2128,ok
Arka Neelachal Kesari,Before ripening,Arka Neelachal Kesari/Before ripening/20260512_123810.jpg,20260512_123810.jpg,.jpg,974721,4608x2128,ok
Arka Neelachal Kesari,Before ripening,Arka Neelachal Kesari/Before ripening/20260512_93647amByGPSMapCamera.jpg,20260512_93647amByGPSMapCamera.jpg,.jpg,8855552,3456x4608,ok
Arka Neelachal Kesari,Before ripening,Arka Neelachal Kesari/Before ripening/20260512_93659amByGPSMapCamera.jpg,20260512_93659amByGPSMapCamera.jpg,.jpg,8434921,3456x4608,ok
Arka Neelachal Kesari,Before ripening,Arka Neelachal Kesari/Before ripening/20260512_93701amByGPSMapCamera.jpg,20260512_93701amByGPSMapCamera.jpg,.jpg,8672514,3456x4608,ok
Arka Neelachal Kesari,Before ripening,Arka Neelachal Kesari/Before ripening/20260512_93725amByGPSMapCamera.jpg,20260512_93725amByGPSMapCamera.jpg,.jpg,9182228,3456x4608,ok
Arka Neelachal Kesari,Before ripening,Arka Neelachal Kesari/Before ripening/20260512_93728amByGPSMapCamera.jpg,20260512_93728amByGPSMapCamera.jpg,.jpg,8714857,3456x4608,ok
Arka Neelachal Kesari,Before ripening,Arka Neelachal Kesari/Before ripening/20260512_93732amByGPSMapCamera.jpg,20260512_93732amByGPSMapCamera.jpg,.jpg,8781451,3456x4608,ok
Arka Neelachal Kesari,Before ripening,Arka Neelachal Kesari/Before ripening/20260512_94703amByGPSMapCamera.jpg,20260512_94703amByGPSMapCamera.jpg,.jpg,9145394,3456x4608,ok
Arka Neelachal Kesari,Before ripening,Arka Neelachal Kesari/Before ripening/20260512_94709amByGPSMapCamera.jpg,20260512_94709amByGPSMapCamera.jpg,.jpg,9715039,3456x4608,ok
Arka Neelachal Kesari,Before ripening,Arka Neelachal Kesari/Before ripening/20260512_94807amByGPSMapCamera.jpg,20260512_94807amByGPSMapCamera.jpg,.jpg,9234395,3456x4608,ok
Arka Neelachal Kesari,Before ripening,Arka Neelachal Kesari/Before ripening/20260512_94810amByGPSMapCamera.jpg,20260512_94810amByGPSMapCamera.jpg,.jpg,9342275,3456x4608,ok
Arka Neelachal Kesari,Before ripening,Arka Neelachal Kesari/Before ripening/20260514_203806.jpg,20260514_203806.jpg,.jpg,2454914,4608x2128,ok
Arka Neelachal Kesari,Before ripening,Arka Neelachal Kesari/Before ripening/20260514_203808.jpg,20260514_203808.jpg,.jpg,2498533,4608x2128,ok
Arka Neelachal Kesari,Before ripening,Arka Neelachal Kesari/Before ripening/20260514_203810.jpg,20260514_203810.jpg,.jpg,2480650,4608x2128,ok
Arka Neelachal Kesari,Before ripening,Arka Neelachal Kesari/Before ripening/20260514_203811.jpg,20260514_203811.jpg,.jpg,2476038,4608x2128,ok
Arka Neelachal Kesari,Before ripening,Arka Neelachal Kesari/Before ripening/20260514_203813.jpg,20260514_203813.jpg,.jpg,2492394,4608x2128,ok
Arka Neelachal Kesari,Before ripening,Arka Neelachal Kesari/Before ripening/20260514_203815.jpg,20260514_203815.jpg,.jpg,2485456,4608x2128,ok
Arka Neelachal Kesari,Before ripening,Arka Neelachal Kesari/Before ripening/20260514_203817.jpg,20260514_203817.jpg,.jpg,2515143,4608x2128,ok
Arka Neelachal Kesari,Before ripening,Arka Neelachal Kesari/Before ripening/20260514_203834.jpg,20260514_203834.jpg,.jpg,2499506,4608x2128,ok
Arka Neelachal Kesari,Before ripening,Arka Neelachal Kesari/Before ripening/20260514_203840.jpg,20260514_203840.jpg,.jpg,2456778,4608x2128,ok
Arka Neelachal Kesari,Before ripening,Arka Neelachal Kesari/Before ripening/20260514_213801.jpg,20260514_213801.jpg,.jpg,2455291,4608x2128,ok
Arka Neelachal Kesari,Before ripening,Arka Neelachal Kesari/Before ripening/20260514_213803.jpg,20260514_213803.jpg,.jpg,2421872,4608x2128,ok
Arka Neelachal Kesari,Before ripening,Arka Neelachal Kesari/Before ripening/20260514_213806.jpg,20260514_213806.jpg,.jpg,2514950,4608x2128,ok
Arka Neelachal Kesari,Before ripening,Arka Neelachal Kesari/Before ripening/20260514_213808.jpg,20260514_213808.jpg,.jpg,2538164,4608x2128,ok
Arka Neelachal Kesari,Before ripening,Arka Neelachal Kesari/Before ripening/20260514_213809.jpg,20260514_213809.jpg,.jpg,2486211,4608x2128,ok
Arka Neelachal Kesari,Before ripening,Arka Neelachal Kesari/Before ripening/20260514_213811.jpg,20260514_213811.jpg,.jpg,2516509,4608x2128,ok
Arka Neelachal Kesari,Before ripening,Arka Neelachal Kesari/Before ripening/20260514_213924.jpg,20260514_213924.jpg,.jpg,2419280,4608x2128,ok
Arka Neelachal Kesari,Before ripening,Arka Neelachal Kesari/Before ripening/20260514_213926.jpg,20260514_213926.jpg,.jpg,2485544,4608x2128,ok
Arka Neelachal Kesari,Before ripening,Arka Neelachal Kesari/Before ripening/20260514_213928.jpg,20260514_213928.jpg,.jpg,2485004,4608x2128,ok
Arka Neelachal Kesari,Before ripening,Arka Neelachal Kesari/Before ripening/20260514_213930.jpg,20260514_213930.jpg,.jpg,2481132,4608x2128,ok
Arka Neelachal Kesari,Before ripening,Arka Neelachal Kesari/Before ripening/20260514_213932.jpg,20260514_213932.jpg,.jpg,2484779,4608x2128,ok
Arka Neelachal Kesari,Before ripening,Arka Neelachal Kesari/Before ripening/20260514_214004.jpg,20260514_214004.jpg,.jpg,2583167,4608x2128,ok
Arka Neelachal Kesari,Before ripening,Arka Neelachal Kesari/Before ripening/20260514_214006.jpg,20260514_214006.jpg,.jpg,2598545,4608x2128,ok
Arka Neelachal Kesari,Before ripening,Arka Neelachal Kesari/Before ripening/20260514_214008.jpg,20260514_214008.jpg,.jpg,2597365,4608x2128,ok
Arka Neelachal Kesari,Before ripening,Arka Neelachal Kesari/Before ripening/20260514_214009.jpg,20260514_214009.jpg,.jpg,2525749,4608x2128,ok
Arka Neelachal Kesari,Before ripening,Arka Neelachal Kesari/Before ripening/20260514_214011.jpg,20260514_214011.jpg,.jpg,2577156,4608x2128,ok
Arka Neelachal Kesari,Before ripening,Arka Neelachal Kesari/Before ripening/20260514_214015.jpg,20260514_214015.jpg,.jpg,2586955,4608x2128,ok
Arka Neelachal Kesari,Before ripening,Arka Neelachal Kesari/Before ripening/20260514_214844.jpg,20260514_214844.jpg,.jpg,2484062,4608x2128,ok
Arka Neelachal Kesari,Before ripening,Arka Neelachal Kesari/Before ripening/20260514_214846.jpg,20260514_214846.jpg,.jpg,2451004,4608x2128,ok
Arka Neelachal Kesari,Before ripening,Arka Neelachal Kesari/Before ripening/20260514_214924.jpg,20260514_214924.jpg,.jpg,2511460,4608x2128,ok
Arka Neelachal Kesari,Before ripening,Arka Neelachal Kesari/Before ripening/20260514_214926.jpg,20260514_214926.jpg,.jpg,2552502,4608x2128,ok
Arka Neelachal Kesari,Before ripening,Arka Neelachal Kesari/Before ripening/20260514_215403.jpg,20260514_215403.jpg,.jpg,2439222,4608x2128,ok
Arka Neelachal Kesari,Before ripening,Arka Neelachal Kesari/Before ripening/20260514_215404.jpg,20260514_215404.jpg,.jpg,2479698,4608x2128,ok
Arka Neelachal Kesari,Before ripening,Arka Neelachal Kesari/Before ripening/20260514_215406.jpg,20260514_215406.jpg,.jpg,2501525,4608x2128,ok
Arka Neelachal Kesari,Before ripening,Arka Neelachal Kesari/Before ripening/20260514_215408.jpg,20260514_215408.jpg,.jpg,2488678,4608x2128,ok
Arka Neelachal Kesari,Before ripening,Arka Neelachal Kesari/Before ripening/20260514_215409.jpg,20260514_215409.jpg,.jpg,2464718,4608x2128,ok
Arka Neelachal Kesari,Before ripening,Arka Neelachal Kesari/Before ripening/20260514_215424.jpg,20260514_215424.jpg,.jpg,2418157,4608x2128,ok
Arka Neelachal Kesari,Before ripening,Arka Neelachal Kesari/Before ripening/20260514_215426.jpg,20260514_215426.jpg,.jpg,2466917,4608x2128,ok
Arka Neelachal Kesari,Before ripening,Arka Neelachal Kesari/Before ripening/20260514_215427.jpg,20260514_215427.jpg,.jpg,2497597,4608x2128,ok
Arka Neelachal Kesari,Before ripening,Arka Neelachal Kesari/Before ripening/20260514_215429.jpg,20260514_215429.jpg,.jpg,2454529,4608x2128,ok
Arka Neelachal Kesari,Before ripening,Arka Neelachal Kesari/Before ripening/20260514_215430.jpg,20260514_215430.jpg,.jpg,2466732,4608x2128,ok
Arka Neelachal Kesari,Before ripening,Arka Neelachal Kesari/Before ripening/20260514_215432.jpg,20260514_215432.jpg,.jpg,2449174,4608x2128,ok
Arka Neelachal Kesari,Before ripening,Arka Neelachal Kesari/Before ripening/20260514_215436.jpg,20260514_215436.jpg,.jpg,2445763,4608x2128,ok
Arka Neelachal Kesari,Before ripening,Arka Neelachal Kesari/Before ripening/20260514_215452.jpg,20260514_215452.jpg,.jpg,2435929,4608x2128,ok
Arka Neelachal Kesari,Before ripening,Arka Neelachal Kesari/Before ripening/20260514_215454.jpg,20260514_215454.jpg,.jpg,2469740,4608x2128,ok
Arka Neelachal Kesari,Before ripening,Arka Neelachal Kesari/Before ripening/20260514_215455.jpg,20260514_215455.jpg,.jpg,2499880,4608x2128,ok
Arka Neelachal Kesari,Before ripening,Arka Neelachal Kesari/Before ripening/20260514_215457.jpg,20260514_215457.jpg,.jpg,2523688,4608x2128,ok
Arka Neelachal Kesari,Before ripening,Arka Neelachal Kesari/Before ripening/20260514_215514.jpg,20260514_215514.jpg,.jpg,2444779,4608x2128,ok
Arka Neelachal Kesari,Before ripening,Arka Neelachal Kesari/Before ripening/20260514_215516.jpg,20260514_215516.jpg,.jpg,2451922,4608x2128,ok
Arka Neelachal Kesari,Before ripening,Arka Neelachal Kesari/Before ripening/20260514_215518.jpg,20260514_215518.jpg,.jpg,2462686,4608x2128,ok
Arka Neelachal Kesari,Before ripening,Arka Neelachal Kesari/Before ripening/20260514_215522.jpg,20260514_215522.jpg,.jpg,2516001,4608x2128,ok
Arka Neelachal Kesari,Before ripening,Arka Neelachal Kesari/Before ripening/20260514_215524.jpg,20260514_215524.jpg,.jpg,2380569,4608x2128,ok
Arka Neelachal Kesari,Before ripening,Arka Neelachal Kesari/Before ripening/20260514_215526.jpg,20260514_215526.jpg,.jpg,2460388,4608x2128,ok
Banganpalli,After Ripening,Banganpalli/After Ripening/20250508_104656.jpg,20250508_104656.jpg,.jpg,1243879,3264x1504,ok
Banganpalli,After Ripening,Banganpalli/After Ripening/20250508_104701.jpg,20250508_104701.jpg,.jpg,1431627,3264x1504,ok
Banganpalli,After Ripening,Banganpalli/After Ripening/20250508_132407.jpg,20250508_132407.jpg,.jpg,2940788,4608x2128,ok
Banganpalli,After Ripening,Banganpalli/After Ripening/20250508_132413.jpg,20250508_132413.jpg,.jpg,2762995,4608x2128,ok
Banganpalli,After Ripening,Banganpalli/After Ripening/20250521_193438 (1).jpg,20250521_193438 (1).jpg,.jpg,4152295,4608x3456,ok
Banganpalli,After Ripening,Banganpalli/After Ripening/20250521_193438.jpg,20250521_193438.jpg,.jpg,4152295,4608x3456,ok
Banganpalli,After Ripening,Banganpalli/After Ripening/20250521_193440 (1).jpg,20250521_193440 (1).jpg,.jpg,2734628,4608x3456,ok
Banganpalli,After Ripening,Banganpalli/After Ripening/20250521_193440.jpg,20250521_193440.jpg,.jpg,2734628,4608x3456,ok
Banganpalli,After Ripening,Banganpalli/After Ripening/20250521_193442.jpg,20250521_193442.jpg,.jpg,3771830,4608x3456,ok
Banganpalli,After Ripening,Banganpalli/After Ripening/20250521_193457 (1).jpg,20250521_193457 (1).jpg,.jpg,3304827,4608x3456,ok
Banganpalli,After Ripening,Banganpalli/After Ripening/20250521_193457.jpg,20250521_193457.jpg,.jpg,3304827,4608x3456,ok
Banganpalli,After Ripening,Banganpalli/After Ripening/20250521_193506 (1).jpg,20250521_193506 (1).jpg,.jpg,3752134,4608x3456,ok
Banganpalli,After Ripening,Banganpalli/After Ripening/20250521_193506.jpg,20250521_193506.jpg,.jpg,3752134,4608x3456,ok
Banganpalli,After Ripening,Banganpalli/After Ripening/20250521_193510 (1).jpg,20250521_193510 (1).jpg,.jpg,3088539,4608x3456,ok
Banganpalli,After Ripening,Banganpalli/After Ripening/20250521_193510.jpg,20250521_193510.jpg,.jpg,3088539,4608x3456,ok
Banganpalli,After Ripening,Banganpalli/After Ripening/20250521_193514.jpg,20250521_193514.jpg,.jpg,4718090,4608x3456,ok
Banganpalli,After Ripening,Banganpalli/After Ripening/20250521_193518.jpg,20250521_193518.jpg,.jpg,2951222,4608x3456,ok
Banganpalli,After Ripening,Banganpalli/After Ripening/20250521_193520.jpg,20250521_193520.jpg,.jpg,2999625,4608x3456,ok
Banganpalli,After Ripening,Banganpalli/After Ripening/20250521_193523.jpg,20250521_193523.jpg,.jpg,2975598,4608x3456,ok
Banganpalli,After Ripening,Banganpalli/After Ripening/20250521_193525.jpg,20250521_193525.jpg,.jpg,3011425,4608x3456,ok
Banganpalli,After Ripening,Banganpalli/After Ripening/20250521_193527.jpg,20250521_193527.jpg,.jpg,2967549,4608x3456,ok
Banganpalli,After Ripening,Banganpalli/After Ripening/20250521_193529.jpg,20250521_193529.jpg,.jpg,3462842,4608x3456,ok
Banganpalli,After Ripening,Banganpalli/After Ripening/20250521_193532.jpg,20250521_193532.jpg,.jpg,2956547,4608x3456,ok
Banganpalli,After Ripening,Banganpalli/After Ripening/20250521_193534.jpg,20250521_193534.jpg,.jpg,2998543,4608x3456,ok
Banganpalli,After Ripening,Banganpalli/After Ripening/20250521_193724.jpg,20250521_193724.jpg,.jpg,3925055,4608x3456,ok
Banganpalli,After Ripening,Banganpalli/After Ripening/20250521_193726.jpg,20250521_193726.jpg,.jpg,3942345,4608x3456,ok
Banganpalli,After Ripening,Banganpalli/After Ripening/20250521_193727.jpg,20250521_193727.jpg,.jpg,3960771,4608x3456,ok
Banganpalli,After Ripening,Banganpalli/After Ripening/20250521_193729.jpg,20250521_193729.jpg,.jpg,4392263,4608x3456,ok
Banganpalli,After Ripening,Banganpalli/After Ripening/20250521_193731.jpg,20250521_193731.jpg,.jpg,3998184,4608x3456,ok
Banganpalli,After Ripening,Banganpalli/After Ripening/20250521_193733.jpg,20250521_193733.jpg,.jpg,4882084,4608x3456,ok
Banganpalli,After Ripening,Banganpalli/After Ripening/20250521_193735.jpg,20250521_193735.jpg,.jpg,4574449,4608x3456,ok
Banganpalli,After Ripening,Banganpalli/After Ripening/20250521_193737.jpg,20250521_193737.jpg,.jpg,4852971,4608x3456,ok
Banganpalli,After Ripening,Banganpalli/After Ripening/20250521_194039.jpg,20250521_194039.jpg,.jpg,4153886,4608x3456,ok
Banganpalli,After Ripening,Banganpalli/After Ripening/20250521_194042.jpg,20250521_194042.jpg,.jpg,4036294,4608x3456,ok
Banganpalli,After Ripening,Banganpalli/After Ripening/20250521_194045.jpg,20250521_194045.jpg,.jpg,3941216,4608x3456,ok
Banganpalli,After Ripening,Banganpalli/After Ripening/20250521_194148.jpg,20250521_194148.jpg,.jpg,4017400,4608x3456,ok
Banganpalli,After Ripening,Banganpalli/After Ripening/20250521_194151.jpg,20250521_194151.jpg,.jpg,4042334,4608x3456,ok
Banganpalli,After Ripening,Banganpalli/After Ripening/20250521_194153.jpg,20250521_194153.jpg,.jpg,4019302,4608x3456,ok
Banganpalli,After Ripening,Banganpalli/After Ripening/20250521_194155.jpg,20250521_194155.jpg,.jpg,4016082,4608x3456,ok
Banganpalli,After Ripening,Banganpalli/After Ripening/20250521_194706.jpg,20250521_194706.jpg,.jpg,4167034,4608x3456,ok
Banganpalli,After Ripening,Banganpalli/After Ripening/20250521_194708.jpg,20250521_194708.jpg,.jpg,4190000,4608x3456,ok
Banganpalli,After Ripening,Banganpalli/After Ripening/20250521_194710.jpg,20250521_194710.jpg,.jpg,4129782,4608x3456,ok
Banganpalli,After Ripening,Banganpalli/After Ripening/20250521_194712.jpg,20250521_194712.jpg,.jpg,4108033,4608x3456,ok
Banganpalli,After Ripening,Banganpalli/After Ripening/20250521_194715.jpg,20250521_194715.jpg,.jpg,4111612,4608x3456,ok
Banganpalli,After Ripening,Banganpalli/After Ripening/20250521_194716.jpg,20250521_194716.jpg,.jpg,4181675,4608x3456,ok
Banganpalli,After Ripening,Banganpalli/After Ripening/20250521_194718.jpg,20250521_194718.jpg,.jpg,4027597,4608x3456,ok
Banganpalli,After Ripening,Banganpalli/After Ripening/20250521_194720.jpg,20250521_194720.jpg,.jpg,4101771,4608x3456,ok
Banganpalli,After Ripening,Banganpalli/After Ripening/20250521_194722.jpg,20250521_194722.jpg,.jpg,4488908,4608x3456,ok
Banganpalli,After Ripening,Banganpalli/After Ripening/20250521_194724.jpg,20250521_194724.jpg,.jpg,4728277,4608x3456,ok
Banganpalli,After Ripening,Banganpalli/After Ripening/20250521_194726.jpg,20250521_194726.jpg,.jpg,4472076,4608x3456,ok
Banganpalli,After Ripening,Banganpalli/After Ripening/20250521_194728.jpg,20250521_194728.jpg,.jpg,4148254,4608x3456,ok
Banganpalli,After Ripening,Banganpalli/After Ripening/20250607_200759.jpg,20250607_200759.jpg,.jpg,1292134,3456x1845,ok
Banganpalli,After Ripening,Banganpalli/After Ripening/20250607_200805.jpg,20250607_200805.jpg,.jpg,4537164,4608x3456,ok
Banganpalli,After Ripening,Banganpalli/After Ripening/20250607_200811.jpg,20250607_200811.jpg,.jpg,4235772,4608x3456,ok
Banganpalli,After Ripening,Banganpalli/After Ripening/20250607_200813.jpg,20250607_200813.jpg,.jpg,4466303,4608x3456,ok
Banganpalli,After Ripening,Banganpalli/After Ripening/20250607_200821.jpg,20250607_200821.jpg,.jpg,4371442,4608x3456,ok
Banganpalli,After Ripening,Banganpalli/After Ripening/20250607_200831.jpg,20250607_200831.jpg,.jpg,4183573,4608x3456,ok
Banganpalli,After Ripening,Banganpalli/After Ripening/20250607_200832.jpg,20250607_200832.jpg,.jpg,4142743,4608x3456,ok
Banganpalli,After Ripening,Banganpalli/After Ripening/20250607_200834.jpg,20250607_200834.jpg,.jpg,4097993,4608x3456,ok
Banganpalli,After Ripening,Banganpalli/After Ripening/20250607_200836.jpg,20250607_200836.jpg,.jpg,3971772,4608x3456,ok
Banganpalli,After Ripening,Banganpalli/After Ripening/20250607_200837(0).jpg,20250607_200837(0).jpg,.jpg,3859620,4608x3456,ok
Banganpalli,After Ripening,Banganpalli/After Ripening/20250607_200837.jpg,20250607_200837.jpg,.jpg,3932416,4608x3456,ok
Banganpalli,After Ripening,Banganpalli/After Ripening/20250607_200842.jpg,20250607_200842.jpg,.jpg,4028930,4608x3456,ok
Banganpalli,After Ripening,Banganpalli/After Ripening/20250607_200843.jpg,20250607_200843.jpg,.jpg,3933736,4608x3456,ok
Banganpalli,After Ripening,Banganpalli/After Ripening/20250607_200845.jpg,20250607_200845.jpg,.jpg,3880706,4608x3456,ok
Banganpalli,After Ripening,Banganpalli/After Ripening/20250607_200846.jpg,20250607_200846.jpg,.jpg,3776766,4608x3456,ok
Banganpalli,After Ripening,Banganpalli/After Ripening/20250607_200847.jpg,20250607_200847.jpg,.jpg,3795053,4608x3456,ok
Banganpalli,After Ripening,Banganpalli/After Ripening/20250607_200848.jpg,20250607_200848.jpg,.jpg,3724180,4608x3456,ok
Banganpalli,After Ripening,Banganpalli/After Ripening/20250607_200849.jpg,20250607_200849.jpg,.jpg,3606803,4608x3456,ok
Banganpalli,After Ripening,Banganpalli/After Ripening/20250607_200850.jpg,20250607_200850.jpg,.jpg,3680408,4608x3456,ok
Banganpalli,After Ripening,Banganpalli/After Ripening/20250607_200901(0).jpg,20250607_200901(0).jpg,.jpg,4035181,4608x3456,ok
Banganpalli,After Ripening,Banganpalli/After Ripening/20250607_200901.jpg,20250607_200901.jpg,.jpg,4092601,4608x3456,ok
Banganpalli,After Ripening,Banganpalli/After Ripening/20250607_200902.jpg,20250607_200902.jpg,.jpg,4163001,4608x3456,ok
Banganpalli,After Ripening,Banganpalli/After Ripening/20260515_43054pmByGPSMapCamera.jpg,20260515_43054pmByGPSMapCamera.jpg,.jpg,8887502,3456x4608,ok
Banganpalli,After Ripening,Banganpalli/After Ripening/20260515_43104pmByGPSMapCamera.jpg,20260515_43104pmByGPSMapCamera.jpg,.jpg,9573151,3456x4608,ok
Banganpalli,After Ripening,Banganpalli/After Ripening/20260515_43107pmByGPSMapCamera.jpg,20260515_43107pmByGPSMapCamera.jpg,.jpg,9673066,3456x4608,ok
Banganpalli,After Ripening,Banganpalli/After Ripening/20260515_43132pmByGPSMapCamera.jpg,20260515_43132pmByGPSMapCamera.jpg,.jpg,9632537,3456x4608,ok
Banganpalli,After Ripening,Banganpalli/After Ripening/20260515_43135pmByGPSMapCamera.jpg,20260515_43135pmByGPSMapCamera.jpg,.jpg,10007552,3456x4608,ok
Banganpalli,After Ripening,Banganpalli/After Ripening/20260515_43148pmByGPSMapCamera.jpg,20260515_43148pmByGPSMapCamera.jpg,.jpg,9596802,3456x4608,ok
Banganpalli,After Ripening,Banganpalli/After Ripening/20260515_43208pmByGPSMapCamera.jpg,20260515_43208pmByGPSMapCamera.jpg,.jpg,9300789,3456x4608,ok
Banganpalli,After Ripening,Banganpalli/After Ripening/20260515_43218pmByGPSMapCamera.jpg,20260515_43218pmByGPSMapCamera.jpg,.jpg,9944943,3456x4608,ok
Banganpalli,After Ripening,Banganpalli/After Ripening/20260515_44425pmByGPSMapCamera.jpg,20260515_44425pmByGPSMapCamera.jpg,.jpg,9040488,3456x4608,ok
Banganpalli,After Ripening,Banganpalli/After Ripening/20260515_44427pmByGPSMapCamera.jpg,20260515_44427pmByGPSMapCamera.jpg,.jpg,9315606,3456x4608,ok
Banganpalli,After Ripening,Banganpalli/After Ripening/20260515_44507pmByGPSMapCamera.jpg,20260515_44507pmByGPSMapCamera.jpg,.jpg,9463615,3456x4608,ok
Banganpalli,After Ripening,Banganpalli/After Ripening/20260515_44510pmByGPSMapCamera.jpg,20260515_44510pmByGPSMapCamera.jpg,.jpg,9688500,3456x4608,ok
Banganpalli,After Ripening,Banganpalli/After Ripening/20260529_125407.jpg,20260529_125407.jpg,.jpg,2358150,4608x2128,ok
Banganpalli,After Ripening,Banganpalli/After Ripening/20260529_125409.jpg,20260529_125409.jpg,.jpg,2354278,4608x2128,ok
Banganpalli,After Ripening,Banganpalli/After Ripening/20260529_125410.jpg,20260529_125410.jpg,.jpg,2335520,4608x2128,ok
Banganpalli,After Ripening,Banganpalli/After Ripening/20260529_125412.jpg,20260529_125412.jpg,.jpg,2342200,4608x2128,ok
Banganpalli,After Ripening,Banganpalli/After Ripening/20260529_125414.jpg,20260529_125414.jpg,.jpg,2306722,4608x2128,ok
Banganpalli,After Ripening,Banganpalli/After Ripening/20260529_125415.jpg,20260529_125415.jpg,.jpg,2368201,4608x2128,ok
Banganpalli,After Ripening,Banganpalli/After Ripening/20260529_125425.jpg,20260529_125425.jpg,.jpg,2403180,4608x2128,ok
Banganpalli,After Ripening,Banganpalli/After Ripening/20260529_125427.jpg,20260529_125427.jpg,.jpg,2436903,4608x2128,ok
Banganpalli,After Ripening,Banganpalli/After Ripening/20260529_125430.jpg,20260529_125430.jpg,.jpg,2430638,4608x2128,ok
Banganpalli,After Ripening,Banganpalli/After Ripening/20260529_125432.jpg,20260529_125432.jpg,.jpg,2371992,4608x2128,ok
Banganpalli,After Ripening,Banganpalli/After Ripening/20260529_125444.jpg,20260529_125444.jpg,.jpg,2395657,4608x2128,ok
Banganpalli,After Ripening,Banganpalli/After Ripening/20260529_125446.jpg,20260529_125446.jpg,.jpg,2404193,4608x2128,ok
Banganpalli,After Ripening,Banganpalli/After Ripening/20260529_125448.jpg,20260529_125448.jpg,.jpg,2406221,4608x2128,ok
Banganpalli,After Ripening,Banganpalli/After Ripening/20260529_125450.jpg,20260529_125450.jpg,.jpg,2394757,4608x2128,ok
Banganpalli,After Ripening,Banganpalli/After Ripening/20260529_125452.jpg,20260529_125452.jpg,.jpg,2277579,4608x2128,ok
Banganpalli,After Ripening,Banganpalli/After Ripening/20260529_125455.jpg,20260529_125455.jpg,.jpg,2392459,4608x2128,ok
Banganpalli,After Ripening,Banganpalli/After Ripening/20260529_125457.jpg,20260529_125457.jpg,.jpg,2364880,4608x2128,ok
Banganpalli,After Ripening,Banganpalli/After Ripening/20260529_125458.jpg,20260529_125458.jpg,.jpg,2413663,4608x2128,ok
Banganpalli,After Ripening,Banganpalli/After Ripening/20260529_125511.jpg,20260529_125511.jpg,.jpg,2561331,4608x2128,ok
Banganpalli,After Ripening,Banganpalli/After Ripening/20260529_125513.jpg,20260529_125513.jpg,.jpg,2584639,4608x2128,ok
Banganpalli,After Ripening,Banganpalli/After Ripening/20260529_125514.jpg,20260529_125514.jpg,.jpg,2601880,4608x2128,ok
Banganpalli,After Ripening,Banganpalli/After Ripening/20260529_125516.jpg,20260529_125516.jpg,.jpg,2566545,4608x2128,ok
Banganpalli,After Ripening,Banganpalli/After Ripening/20260529_125518.jpg,20260529_125518.jpg,.jpg,2597505,4608x2128,ok
Banganpalli,After Ripening,Banganpalli/After Ripening/20260529_125520.jpg,20260529_125520.jpg,.jpg,2589356,4608x2128,ok
Banganpalli,After Ripening,Banganpalli/After Ripening/20260529_125521.jpg,20260529_125521.jpg,.jpg,2605989,4608x2128,ok
Banganpalli,After Ripening,Banganpalli/After Ripening/20260529_125523.jpg,20260529_125523.jpg,.jpg,2613445,4608x2128,ok
Banganpalli,After Ripening,Banganpalli/After Ripening/20260529_125533.jpg,20260529_125533.jpg,.jpg,2631265,4608x2128,ok
Banganpalli,After Ripening,Banganpalli/After Ripening/20260529_125535.jpg,20260529_125535.jpg,.jpg,2612119,4608x2128,ok
Banganpalli,After Ripening,Banganpalli/After Ripening/20260529_125536.jpg,20260529_125536.jpg,.jpg,2614172,4608x2128,ok
Banganpalli,After Ripening,Banganpalli/After Ripening/20260529_125546.jpg,20260529_125546.jpg,.jpg,2502409,4608x2128,ok
Banganpalli,After Ripening,Banganpalli/After Ripening/20260529_125548.jpg,20260529_125548.jpg,.jpg,2415851,4608x2128,ok
Banganpalli,After Ripening,Banganpalli/After Ripening/20260529_125550.jpg,20260529_125550.jpg,.jpg,2559863,4608x2128,ok
Banganpalli,After Ripening,Banganpalli/After Ripening/20260529_125552.jpg,20260529_125552.jpg,.jpg,2565460,4608x2128,ok
Banganpalli,After Ripening,Banganpalli/After Ripening/20260529_125553.jpg,20260529_125553.jpg,.jpg,2509216,4608x2128,ok
Banganpalli,After Ripening,Banganpalli/After Ripening/20260529_125603.jpg,20260529_125603.jpg,.jpg,2597709,4608x2128,ok
Banganpalli,After Ripening,Banganpalli/After Ripening/20260529_125605.jpg,20260529_125605.jpg,.jpg,2572837,4608x2128,ok
Banganpalli,After Ripening,Banganpalli/After Ripening/20260529_125606.jpg,20260529_125606.jpg,.jpg,2555387,4608x2128,ok
Banganpalli,After Ripening,Banganpalli/After Ripening/20260529_125608.jpg,20260529_125608.jpg,.jpg,2626403,4608x2128,ok
Banganpalli,After Ripening,Banganpalli/After Ripening/20260529_125610.jpg,20260529_125610.jpg,.jpg,2613812,4608x2128,ok
Banganpalli,After Ripening,Banganpalli/After Ripening/20260529_125612.jpg,20260529_125612.jpg,.jpg,2612976,4608x2128,ok
Banganpalli,After Ripening,Banganpalli/After Ripening/20260529_125613.jpg,20260529_125613.jpg,.jpg,2552372,4608x2128,ok
Banganpalli,After Ripening,Banganpalli/After Ripening/20260529_125616.jpg,20260529_125616.jpg,.jpg,2566319,4608x2128,ok
Banganpalli,After Ripening,Banganpalli/After Ripening/20260529_125618.jpg,20260529_125618.jpg,.jpg,2511420,4608x2128,ok
Banganpalli,After Ripening,Banganpalli/After Ripening/20260529_125627.jpg,20260529_125627.jpg,.jpg,2496313,4608x2128,ok
Banganpalli,After Ripening,Banganpalli/After Ripening/20260529_125628.jpg,20260529_125628.jpg,.jpg,2598368,4608x2128,ok
Banganpalli,After Ripening,Banganpalli/After Ripening/20260529_125630.jpg,20260529_125630.jpg,.jpg,2594581,4608x2128,ok
Banganpalli,After Ripening,Banganpalli/After Ripening/20260529_125631.jpg,20260529_125631.jpg,.jpg,2597055,4608x2128,ok
Banganpalli,After Ripening,Banganpalli/After Ripening/20260529_125641.jpg,20260529_125641.jpg,.jpg,2413096,4608x2128,ok
Banganpalli,After Ripening,Banganpalli/After Ripening/20260529_125643.jpg,20260529_125643.jpg,.jpg,2460432,4608x2128,ok
Banganpalli,After Ripening,Banganpalli/After Ripening/20260529_125644.jpg,20260529_125644.jpg,.jpg,2493203,4608x2128,ok
Banganpalli,After Ripening,Banganpalli/After Ripening/20260529_125646.jpg,20260529_125646.jpg,.jpg,2500852,4608x2128,ok
Banganpalli,After Ripening,Banganpalli/After Ripening/20260529_125656.jpg,20260529_125656.jpg,.jpg,2602483,4608x2128,ok
Banganpalli,After Ripening,Banganpalli/After Ripening/20260529_125658.jpg,20260529_125658.jpg,.jpg,2551693,4608x2128,ok
Banganpalli,After Ripening,Banganpalli/After Ripening/20260529_125700.jpg,20260529_125700.jpg,.jpg,2600748,4608x2128,ok
Banganpalli,After Ripening,Banganpalli/After Ripening/20260529_125709.jpg,20260529_125709.jpg,.jpg,2609926,4608x2128,ok
Banganpalli,After Ripening,Banganpalli/After Ripening/20260529_125711.jpg,20260529_125711.jpg,.jpg,2564644,4608x2128,ok
Banganpalli,After Ripening,Banganpalli/After Ripening/20260529_125713.jpg,20260529_125713.jpg,.jpg,2625902,4608x2128,ok
Banganpalli,After Ripening,Banganpalli/After Ripening/20260529_125723.jpg,20260529_125723.jpg,.jpg,2462439,4608x2128,ok
Banganpalli,After Ripening,Banganpalli/After Ripening/20260529_125725.jpg,20260529_125725.jpg,.jpg,2464902,4608x2128,ok
Banganpalli,After Ripening,Banganpalli/After Ripening/20260529_173022.jpg,20260529_173022.jpg,.jpg,2706901,4608x2128,ok
Banganpalli,After Ripening,Banganpalli/After Ripening/20260529_173025.jpg,20260529_173025.jpg,.jpg,2685986,4608x2128,ok
Banganpalli,After Ripening,Banganpalli/After Ripening/20260529_173031.jpg,20260529_173031.jpg,.jpg,2888623,4608x2128,ok
Banganpalli,After Ripening,Banganpalli/After Ripening/20260529_173033.jpg,20260529_173033.jpg,.jpg,2906007,4608x2128,ok
Banganpalli,After Ripening,Banganpalli/After Ripening/20260529_173035.jpg,20260529_173035.jpg,.jpg,2609862,4608x2128,ok
Banganpalli,After Ripening,Banganpalli/After Ripening/20260529_173637.jpg,20260529_173637.jpg,.jpg,2738097,4608x2128,ok
Banganpalli,After Ripening,Banganpalli/After Ripening/20260529_173639.jpg,20260529_173639.jpg,.jpg,2808990,4608x2128,ok
Banganpalli,After Ripening,Banganpalli/After Ripening/20260529_173641.jpg,20260529_173641.jpg,.jpg,2798022,4608x2128,ok
Banganpalli,After Ripening,Banganpalli/After Ripening/20260529_173649.jpg,20260529_173649.jpg,.jpg,2774034,4608x2128,ok
Banganpalli,After Ripening,Banganpalli/After Ripening/20260529_173651.jpg,20260529_173651.jpg,.jpg,2773059,4608x2128,ok
Banganpalli,After Ripening,Banganpalli/After Ripening/20260529_173653.jpg,20260529_173653.jpg,.jpg,2744036,4608x2128,ok
Banganpalli,After Ripening,Banganpalli/After Ripening/20260609_51301pmByGPSMapCamera.jpg,20260609_51301pmByGPSMapCamera.jpg,.jpg,6488739,3456x4608,ok
Banganpalli,After Ripening,Banganpalli/After Ripening/20260609_51303pmByGPSMapCamera.jpg,20260609_51303pmByGPSMapCamera.jpg,.jpg,6532662,3456x4608,ok
Banganpalli,After Ripening,Banganpalli/After Ripening/20260609_51305pmByGPSMapCamera.jpg,20260609_51305pmByGPSMapCamera.jpg,.jpg,5611175,3456x4608,ok
Banganpalli,After Ripening,Banganpalli/After Ripening/Banganpalli 1 (1).jpg,Banganpalli 1 (1).jpg,.jpg,51686,439x562,ok
Banganpalli,After Ripening,Banganpalli/After Ripening/Banganpalli 1 (10).jpg,Banganpalli 1 (10).jpg,.jpg,585853,2037x1546,ok
Banganpalli,After Ripening,Banganpalli/After Ripening/Banganpalli 1 (100).jpg,Banganpalli 1 (100).jpg,.jpg,1292134,3456x1845,ok
Banganpalli,After Ripening,Banganpalli/After Ripening/Banganpalli 1 (101).jpg,Banganpalli 1 (101).jpg,.jpg,1292134,3456x1845,ok
Banganpalli,After Ripening,Banganpalli/After Ripening/Banganpalli 1 (102).jpg,Banganpalli 1 (102).jpg,.jpg,4537164,4608x3456,ok
Banganpalli,After Ripening,Banganpalli/After Ripening/Banganpalli 1 (103).jpg,Banganpalli 1 (103).jpg,.jpg,4537164,4608x3456,ok
Banganpalli,After Ripening,Banganpalli/After Ripening/Banganpalli 1 (104).jpg,Banganpalli 1 (104).jpg,.jpg,4235772,4608x3456,ok
Banganpalli,After Ripening,Banganpalli/After Ripening/Banganpalli 1 (105).jpg,Banganpalli 1 (105).jpg,.jpg,4235772,4608x3456,ok
Banganpalli,After Ripening,Banganpalli/After Ripening/Banganpalli 1 (106).jpg,Banganpalli 1 (106).jpg,.jpg,4466303,4608x3456,ok
Banganpalli,After Ripening,Banganpalli/After Ripening/Banganpalli 1 (107).jpg,Banganpalli 1 (107).jpg,.jpg,4466303,4608x3456,ok
Banganpalli,After Ripening,Banganpalli/After Ripening/Banganpalli 1 (108).jpg,Banganpalli 1 (108).jpg,.jpg,4371442,4608x3456,ok
Banganpalli,After Ripening,Banganpalli/After Ripening/Banganpalli 1 (109).jpg,Banganpalli 1 (109).jpg,.jpg,4371442,4608x3456,ok
Banganpalli,After Ripening,Banganpalli/After Ripening/Banganpalli 1 (11).jpg,Banganpalli 1 (11).jpg,.jpg,585853,2037x1546,ok
Banganpalli,After Ripening,Banganpalli/After Ripening/Banganpalli 1 (110).jpg,Banganpalli 1 (110).jpg,.jpg,4183573,4608x3456,ok
Banganpalli,After Ripening,Banganpalli/After Ripening/Banganpalli 1 (111).jpg,Banganpalli 1 (111).jpg,.jpg,4183573,4608x3456,ok
Banganpalli,After Ripening,Banganpalli/After Ripening/Banganpalli 1 (112).jpg,Banganpalli 1 (112).jpg,.jpg,4142743,4608x3456,ok
Banganpalli,After Ripening,Banganpalli/After Ripening/Banganpalli 1 (113).jpg,Banganpalli 1 (113).jpg,.jpg,4142743,4608x3456,ok
Banganpalli,After Ripening,Banganpalli/After Ripening/Banganpalli 1 (114).jpg,Banganpalli 1 (114).jpg,.jpg,4097993,4608x3456,ok
Banganpalli,After Ripening,Banganpalli/After Ripening/Banganpalli 1 (115).jpg,Banganpalli 1 (115).jpg,.jpg,4097993,4608x3456,ok
Banganpalli,After Ripening,Banganpalli/After Ripening/Banganpalli 1 (116).jpg,Banganpalli 1 (116).jpg,.jpg,3971772,4608x3456,ok
Banganpalli,After Ripening,Banganpalli/After Ripening/Banganpalli 1 (117).jpg,Banganpalli 1 (117).jpg,.jpg,3971772,4608x3456,ok
Banganpalli,After Ripening,Banganpalli/After Ripening/Banganpalli 1 (118).jpg,Banganpalli 1 (118).jpg,.jpg,3932416,4608x3456,ok
Banganpalli,After Ripening,Banganpalli/After Ripening/Banganpalli 1 (119).jpg,Banganpalli 1 (119).jpg,.jpg,3859620,4608x3456,ok
Banganpalli,After Ripening,Banganpalli/After Ripening/Banganpalli 1 (12).jpg,Banganpalli 1 (12).jpg,.jpg,70687,620x533,ok
Banganpalli,After Ripening,Banganpalli/After Ripening/Banganpalli 1 (120).jpg,Banganpalli 1 (120).jpg,.jpg,3859620,4608x3456,ok
Banganpalli,After Ripening,Banganpalli/After Ripening/Banganpalli 1 (121).jpg,Banganpalli 1 (121).jpg,.jpg,3932416,4608x3456,ok
Banganpalli,After Ripening,Banganpalli/After Ripening/Banganpalli 1 (122).jpg,Banganpalli 1 (122).jpg,.jpg,4028930,4608x3456,ok
Banganpalli,After Ripening,Banganpalli/After Ripening/Banganpalli 1 (123).jpg,Banganpalli 1 (123).jpg,.jpg,4028930,4608x3456,ok
Banganpalli,After Ripening,Banganpalli/After Ripening/Banganpalli 1 (124).jpg,Banganpalli 1 (124).jpg,.jpg,3933736,4608x3456,ok
Banganpalli,After Ripening,Banganpalli/After Ripening/Banganpalli 1 (125).jpg,Banganpalli 1 (125).jpg,.jpg,3933736,4608x3456,ok
Banganpalli,After Ripening,Banganpalli/After Ripening/Banganpalli 1 (126).jpg,Banganpalli 1 (126).jpg,.jpg,3880706,4608x3456,ok
Banganpalli,After Ripening,Banganpalli/After Ripening/Banganpalli 1 (127).jpg,Banganpalli 1 (127).jpg,.jpg,3880706,4608x3456,ok
Banganpalli,After Ripening,Banganpalli/After Ripening/Banganpalli 1 (128).jpg,Banganpalli 1 (128).jpg,.jpg,3776766,4608x3456,ok
Banganpalli,After Ripening,Banganpalli/After Ripening/Banganpalli 1 (129).jpg,Banganpalli 1 (129).jpg,.jpg,3776766,4608x3456,ok
Banganpalli,After Ripening,Banganpalli/After Ripening/Banganpalli 1 (13).jpg,Banganpalli 1 (13).jpg,.jpg,70687,620x533,ok
Banganpalli,After Ripening,Banganpalli/After Ripening/Banganpalli 1 (130).jpg,Banganpalli 1 (130).jpg,.jpg,3795053,4608x3456,ok
Banganpalli,After Ripening,Banganpalli/After Ripening/Banganpalli 1 (131).jpg,Banganpalli 1 (131).jpg,.jpg,3795053,4608x3456,ok
Banganpalli,After Ripening,Banganpalli/After Ripening/Banganpalli 1 (132).jpg,Banganpalli 1 (132).jpg,.jpg,3724180,4608x3456,ok
Banganpalli,After Ripening,Banganpalli/After Ripening/Banganpalli 1 (133).jpg,Banganpalli 1 (133).jpg,.jpg,3724180,4608x3456,ok
Banganpalli,After Ripening,Banganpalli/After Ripening/Banganpalli 1 (134).jpg,Banganpalli 1 (134).jpg,.jpg,3606803,4608x3456,ok
Banganpalli,After Ripening,Banganpalli/After Ripening/Banganpalli 1 (135).jpg,Banganpalli 1 (135).jpg,.jpg,3606803,4608x3456,ok
Banganpalli,After Ripening,Banganpalli/After Ripening/Banganpalli 1 (136).jpg,Banganpalli 1 (136).jpg,.jpg,3680408,4608x3456,ok
Banganpalli,After Ripening,Banganpalli/After Ripening/Banganpalli 1 (137).jpg,Banganpalli 1 (137).jpg,.jpg,3680408,4608x3456,ok
Banganpalli,After Ripening,Banganpalli/After Ripening/Banganpalli 1 (138).jpg,Banganpalli 1 (138).jpg,.jpg,4092601,4608x3456,ok
Banganpalli,After Ripening,Banganpalli/After Ripening/Banganpalli 1 (139).jpg,Banganpalli 1 (139).jpg,.jpg,4035181,4608x3456,ok
Banganpalli,After Ripening,Banganpalli/After Ripening/Banganpalli 1 (14).jpg,Banganpalli 1 (14).jpg,.jpg,64180,689x487,ok
Banganpalli,After Ripening,Banganpalli/After Ripening/Banganpalli 1 (140).jpg,Banganpalli 1 (140).jpg,.jpg,4035181,4608x3456,ok
Banganpalli,After Ripening,Banganpalli/After Ripening/Banganpalli 1 (141).jpg,Banganpalli 1 (141).jpg,.jpg,4092601,4608x3456,ok
Banganpalli,After Ripening,Banganpalli/After Ripening/Banganpalli 1 (142).jpg,Banganpalli 1 (142).jpg,.jpg,4163001,4608x3456,ok
Banganpalli,After Ripening,Banganpalli/After Ripening/Banganpalli 1 (143).jpg,Banganpalli 1 (143).jpg,.jpg,4163001,4608x3456,ok
Banganpalli,After Ripening,Banganpalli/After Ripening/Banganpalli 1 (144).jpg,Banganpalli 1 (144).jpg,.jpg,1108492,2128x2480,ok
Banganpalli,After Ripening,Banganpalli/After Ripening/Banganpalli 1 (145).jpg,Banganpalli 1 (145).jpg,.jpg,1108492,2128x2480,ok
Banganpalli,After Ripening,Banganpalli/After Ripening/Banganpalli 1 (146).jpg,Banganpalli 1 (146).jpg,.jpg,47996,416x633,ok
Banganpalli,After Ripening,Banganpalli/After Ripening/Banganpalli 1 (147).jpg,Banganpalli 1 (147).jpg,.jpg,47996,416x633,ok
Banganpalli,After Ripening,Banganpalli/After Ripening/Banganpalli 1 (148).jpg,Banganpalli 1 (148).jpg,.jpg,51686,439x562,ok
Banganpalli,After Ripening,Banganpalli/After Ripening/Banganpalli 1 (15).jpg,Banganpalli 1 (15).jpg,.jpg,64180,689x487,ok
Banganpalli,After Ripening,Banganpalli/After Ripening/Banganpalli 1 (16).jpg,Banganpalli 1 (16).jpg,.jpg,74011,664x600,ok
Banganpalli,After Ripening,Banganpalli/After Ripening/Banganpalli 1 (17).jpg,Banganpalli 1 (17).jpg,.jpg,74011,664x600,ok
Banganpalli,After Ripening,Banganpalli/After Ripening/Banganpalli 1 (18).jpg,Banganpalli 1 (18).jpg,.jpg,39788,599x410,ok
Banganpalli,After Ripening,Banganpalli/After Ripening/Banganpalli 1 (19).jpg,Banganpalli 1 (19).jpg,.jpg,39788,599x410,ok
Banganpalli,After Ripening,Banganpalli/After Ripening/Banganpalli 1 (2).jpg,Banganpalli 1 (2).jpg,.jpg,476229,2128x1227,ok
Banganpalli,After Ripening,Banganpalli/After Ripening/Banganpalli 1 (20).jpg,Banganpalli 1 (20).jpg,.jpg,344409,1416x1454,ok
Banganpalli,After Ripening,Banganpalli/After Ripening/Banganpalli 1 (21).jpg,Banganpalli 1 (21).jpg,.jpg,344409,1416x1454,ok
Banganpalli,After Ripening,Banganpalli/After Ripening/Banganpalli 1 (22).jpg,Banganpalli 1 (22).jpg,.jpg,1243879,3264x1504,ok
Banganpalli,After Ripening,Banganpalli/After Ripening/Banganpalli 1 (23).jpg,Banganpalli 1 (23).jpg,.jpg,1243879,3264x1504,ok
Banganpalli,After Ripening,Banganpalli/After Ripening/Banganpalli 1 (24).jpg,Banganpalli 1 (24).jpg,.jpg,1431627,3264x1504,ok
Banganpalli,After Ripening,Banganpalli/After Ripening/Banganpalli 1 (25).jpg,Banganpalli 1 (25).jpg,.jpg,1431627,3264x1504,ok
Banganpalli,After Ripening,Banganpalli/After Ripening/Banganpalli 1 (26).jpg,Banganpalli 1 (26).jpg,.jpg,2940788,4608x2128,ok
Banganpalli,After Ripening,Banganpalli/After Ripening/Banganpalli 1 (27).jpg,Banganpalli 1 (27).jpg,.jpg,2940788,4608x2128,ok
Banganpalli,After Ripening,Banganpalli/After Ripening/Banganpalli 1 (28).jpg,Banganpalli 1 (28).jpg,.jpg,2762995,4608x2128,ok
Banganpalli,After Ripening,Banganpalli/After Ripening/Banganpalli 1 (29).jpg,Banganpalli 1 (29).jpg,.jpg,2762995,4608x2128,ok
Banganpalli,After Ripening,Banganpalli/After Ripening/Banganpalli 1 (3).jpg,Banganpalli 1 (3).jpg,.jpg,476229,2128x1227,ok
Banganpalli,After Ripening,Banganpalli/After Ripening/Banganpalli 1 (30).jpg,Banganpalli 1 (30).jpg,.jpg,4152295,4608x3456,ok
Banganpalli,After Ripening,Banganpalli/After Ripening/Banganpalli 1 (31).jpg,Banganpalli 1 (31).jpg,.jpg,4152295,4608x3456,ok
Banganpalli,After Ripening,Banganpalli/After Ripening/Banganpalli 1 (32).jpg,Banganpalli 1 (32).jpg,.jpg,4152295,4608x3456,ok
Banganpalli,After Ripening,Banganpalli/After Ripening/Banganpalli 1 (33).jpg,Banganpalli 1 (33).jpg,.jpg,4152295,4608x3456,ok
Banganpalli,After Ripening,Banganpalli/After Ripening/Banganpalli 1 (34).jpg,Banganpalli 1 (34).jpg,.jpg,2734628,4608x3456,ok
Banganpalli,After Ripening,Banganpalli/After Ripening/Banganpalli 1 (35).jpg,Banganpalli 1 (35).jpg,.jpg,2734628,4608x3456,ok
Banganpalli,After Ripening,Banganpalli/After Ripening/Banganpalli 1 (36).jpg,Banganpalli 1 (36).jpg,.jpg,2734628,4608x3456,ok
Banganpalli,After Ripening,Banganpalli/After Ripening/Banganpalli 1 (37).jpg,Banganpalli 1 (37).jpg,.jpg,2734628,4608x3456,ok
Banganpalli,After Ripening,Banganpalli/After Ripening/Banganpalli 1 (38).jpg,Banganpalli 1 (38).jpg,.jpg,3771830,4608x3456,ok
Banganpalli,After Ripening,Banganpalli/After Ripening/Banganpalli 1 (39).jpg,Banganpalli 1 (39).jpg,.jpg,3771830,4608x3456,ok
Banganpalli,After Ripening,Banganpalli/After Ripening/Banganpalli 1 (4).jpg,Banganpalli 1 (4).jpg,.jpg,52291,447x555,ok
Banganpalli,After Ripening,Banganpalli/After Ripening/Banganpalli 1 (40).jpg,Banganpalli 1 (40).jpg,.jpg,3304827,4608x3456,ok
Banganpalli,After Ripening,Banganpalli/After Ripening/Banganpalli 1 (41).jpg,Banganpalli 1 (41).jpg,.jpg,3304827,4608x3456,ok
Banganpalli,After Ripening,Banganpalli/After Ripening/Banganpalli 1 (42).jpg,Banganpalli 1 (42).jpg,.jpg,3304827,4608x3456,ok
Banganpalli,After Ripening,Banganpalli/After Ripening/Banganpalli 1 (43).jpg,Banganpalli 1 (43).jpg,.jpg,3304827,4608x3456,ok
Banganpalli,After Ripening,Banganpalli/After Ripening/Banganpalli 1 (44).jpg,Banganpalli 1 (44).jpg,.jpg,3752134,4608x3456,ok
Banganpalli,After Ripening,Banganpalli/After Ripening/Banganpalli 1 (45).jpg,Banganpalli 1 (45).jpg,.jpg,3752134,4608x3456,ok
Banganpalli,After Ripening,Banganpalli/After Ripening/Banganpalli 1 (46).jpg,Banganpalli 1 (46).jpg,.jpg,3752134,4608x3456,ok
Banganpalli,After Ripening,Banganpalli/After Ripening/Banganpalli 1 (47).jpg,Banganpalli 1 (47).jpg,.jpg,3752134,4608x3456,ok
Banganpalli,After Ripening,Banganpalli/After Ripening/Banganpalli 1 (48).jpg,Banganpalli 1 (48).jpg,.jpg,3088539,4608x3456,ok
Banganpalli,After Ripening,Banganpalli/After Ripening/Banganpalli 1 (49).jpg,Banganpalli 1 (49).jpg,.jpg,3088539,4608x3456,ok
Banganpalli,After Ripening,Banganpalli/After Ripening/Banganpalli 1 (5).jpg,Banganpalli 1 (5).jpg,.jpg,52291,447x555,ok
Banganpalli,After Ripening,Banganpalli/After Ripening/Banganpalli 1 (50).jpg,Banganpalli 1 (50).jpg,.jpg,3088539,4608x3456,ok
Banganpalli,After Ripening,Banganpalli/After Ripening/Banganpalli 1 (51).jpg,Banganpalli 1 (51).jpg,.jpg,3088539,4608x3456,ok
Banganpalli,After Ripening,Banganpalli/After Ripening/Banganpalli 1 (52).jpg,Banganpalli 1 (52).jpg,.jpg,4718090,4608x3456,ok
Banganpalli,After Ripening,Banganpalli/After Ripening/Banganpalli 1 (53).jpg,Banganpalli 1 (53).jpg,.jpg,4718090,4608x3456,ok
Banganpalli,After Ripening,Banganpalli/After Ripening/Banganpalli 1 (54).jpg,Banganpalli 1 (54).jpg,.jpg,2951222,4608x3456,ok
Banganpalli,After Ripening,Banganpalli/After Ripening/Banganpalli 1 (55).jpg,Banganpalli 1 (55).jpg,.jpg,2951222,4608x3456,ok
Banganpalli,After Ripening,Banganpalli/After Ripening/Banganpalli 1 (56).jpg,Banganpalli 1 (56).jpg,.jpg,2999625,4608x3456,ok
Banganpalli,After Ripening,Banganpalli/After Ripening/Banganpalli 1 (57).jpg,Banganpalli 1 (57).jpg,.jpg,2999625,4608x3456,ok
Banganpalli,After Ripening,Banganpalli/After Ripening/Banganpalli 1 (58).jpg,Banganpalli 1 (58).jpg,.jpg,2975598,4608x3456,ok
Banganpalli,After Ripening,Banganpalli/After Ripening/Banganpalli 1 (59).jpg,Banganpalli 1 (59).jpg,.jpg,2975598,4608x3456,ok
Banganpalli,After Ripening,Banganpalli/After Ripening/Banganpalli 1 (6).jpg,Banganpalli 1 (6).jpg,.jpg,39227,416x503,ok
Banganpalli,After Ripening,Banganpalli/After Ripening/Banganpalli 1 (60).jpg,Banganpalli 1 (60).jpg,.jpg,3011425,4608x3456,ok
Banganpalli,After Ripening,Banganpalli/After Ripening/Banganpalli 1 (61).jpg,Banganpalli 1 (61).jpg,.jpg,3011425,4608x3456,ok
Banganpalli,After Ripening,Banganpalli/After Ripening/Banganpalli 1 (62).jpg,Banganpalli 1 (62).jpg,.jpg,2967549,4608x3456,ok
Banganpalli,After Ripening,Banganpalli/After Ripening/Banganpalli 1 (63).jpg,Banganpalli 1 (63).jpg,.jpg,2967549,4608x3456,ok
Banganpalli,After Ripening,Banganpalli/After Ripening/Banganpalli 1 (64).jpg,Banganpalli 1 (64).jpg,.jpg,3462842,4608x3456,ok
Banganpalli,After Ripening,Banganpalli/After Ripening/Banganpalli 1 (65).jpg,Banganpalli 1 (65).jpg,.jpg,3462842,4608x3456,ok
Banganpalli,After Ripening,Banganpalli/After Ripening/Banganpalli 1 (66).jpg,Banganpalli 1 (66).jpg,.jpg,2956547,4608x3456,ok
Banganpalli,After Ripening,Banganpalli/After Ripening/Banganpalli 1 (67).jpg,Banganpalli 1 (67).jpg,.jpg,2956547,4608x3456,ok
Banganpalli,After Ripening,Banganpalli/After Ripening/Banganpalli 1 (68).jpg,Banganpalli 1 (68).jpg,.jpg,2998543,4608x3456,ok
Banganpalli,After Ripening,Banganpalli/After Ripening/Banganpalli 1 (69).jpg,Banganpalli 1 (69).jpg,.jpg,2998543,4608x3456,ok
Banganpalli,After Ripening,Banganpalli/After Ripening/Banganpalli 1 (7).jpg,Banganpalli 1 (7).jpg,.jpg,39227,416x503,ok
Banganpalli,After Ripening,Banganpalli/After Ripening/Banganpalli 1 (70).jpg,Banganpalli 1 (70).jpg,.jpg,3925055,4608x3456,ok
Banganpalli,After Ripening,Banganpalli/After Ripening/Banganpalli 1 (71).jpg,Banganpalli 1 (71).jpg,.jpg,3925055,4608x3456,ok
Banganpalli,After Ripening,Banganpalli/After Ripening/Banganpalli 1 (72).jpg,Banganpalli 1 (72).jpg,.jpg,3942345,4608x3456,ok
Banganpalli,After Ripening,Banganpalli/After Ripening/Banganpalli 1 (73).jpg,Banganpalli 1 (73).jpg,.jpg,3942345,4608x3456,ok
Banganpalli,After Ripening,Banganpalli/After Ripening/Banganpalli 1 (74).jpg,Banganpalli 1 (74).jpg,.jpg,3960771,4608x3456,ok
Banganpalli,After Ripening,Banganpalli/After Ripening/Banganpalli 1 (75).jpg,Banganpalli 1 (75).jpg,.jpg,3960771,4608x3456,ok
Banganpalli,After Ripening,Banganpalli/After Ripening/Banganpalli 1 (76).jpg,Banganpalli 1 (76).jpg,.jpg,4392263,4608x3456,ok
Banganpalli,After Ripening,Banganpalli/After Ripening/Banganpalli 1 (77).jpg,Banganpalli 1 (77).jpg,.jpg,4392263,4608x3456,ok
Banganpalli,After Ripening,Banganpalli/After Ripening/Banganpalli 1 (78).jpg,Banganpalli 1 (78).jpg,.jpg,3998184,4608x3456,ok
Banganpalli,After Ripening,Banganpalli/After Ripening/Banganpalli 1 (79).jpg,Banganpalli 1 (79).jpg,.jpg,3998184,4608x3456,ok
Banganpalli,After Ripening,Banganpalli/After Ripening/Banganpalli 1 (8).jpg,Banganpalli 1 (8).jpg,.jpg,344770,1327x1310,ok
Banganpalli,After Ripening,Banganpalli/After Ripening/Banganpalli 1 (80).jpg,Banganpalli 1 (80).jpg,.jpg,4882084,4608x3456,ok
Banganpalli,After Ripening,Banganpalli/After Ripening/Banganpalli 1 (81).jpg,Banganpalli 1 (81).jpg,.jpg,4882084,4608x3456,ok
Banganpalli,After Ripening,Banganpalli/After Ripening/Banganpalli 1 (82).jpg,Banganpalli 1 (82).jpg,.jpg,4574449,4608x3456,ok
Banganpalli,After Ripening,Banganpalli/After Ripening/Banganpalli 1 (83).jpg,Banganpalli 1 (83).jpg,.jpg,4574449,4608x3456,ok
Banganpalli,After Ripening,Banganpalli/After Ripening/Banganpalli 1 (84).jpg,Banganpalli 1 (84).jpg,.jpg,4852971,4608x3456,ok
Banganpalli,After Ripening,Banganpalli/After Ripening/Banganpalli 1 (85).jpg,Banganpalli 1 (85).jpg,.jpg,4852971,4608x3456,ok
Banganpalli,After Ripening,Banganpalli/After Ripening/Banganpalli 1 (86).jpg,Banganpalli 1 (86).jpg,.jpg,4153886,4608x3456,ok
Banganpalli,After Ripening,Banganpalli/After Ripening/Banganpalli 1 (87).jpg,Banganpalli 1 (87).jpg,.jpg,4153886,4608x3456,ok
Banganpalli,After Ripening,Banganpalli/After Ripening/Banganpalli 1 (88).jpg,Banganpalli 1 (88).jpg,.jpg,4036294,4608x3456,ok
Banganpalli,After Ripening,Banganpalli/After Ripening/Banganpalli 1 (89).jpg,Banganpalli 1 (89).jpg,.jpg,4036294,4608x3456,ok
Banganpalli,After Ripening,Banganpalli/After Ripening/Banganpalli 1 (9).jpg,Banganpalli 1 (9).jpg,.jpg,344770,1327x1310,ok
Banganpalli,After Ripening,Banganpalli/After Ripening/Banganpalli 1 (90).jpg,Banganpalli 1 (90).jpg,.jpg,3941216,4608x3456,ok
Banganpalli,After Ripening,Banganpalli/After Ripening/Banganpalli 1 (91).jpg,Banganpalli 1 (91).jpg,.jpg,3941216,4608x3456,ok
Banganpalli,After Ripening,Banganpalli/After Ripening/Banganpalli 1 (92).jpg,Banganpalli 1 (92).jpg,.jpg,4017400,4608x3456,ok
Banganpalli,After Ripening,Banganpalli/After Ripening/Banganpalli 1 (93).jpg,Banganpalli 1 (93).jpg,.jpg,4017400,4608x3456,ok
Banganpalli,After Ripening,Banganpalli/After Ripening/Banganpalli 1 (94).jpg,Banganpalli 1 (94).jpg,.jpg,4042334,4608x3456,ok
Banganpalli,After Ripening,Banganpalli/After Ripening/Banganpalli 1 (95).jpg,Banganpalli 1 (95).jpg,.jpg,4042334,4608x3456,ok
Banganpalli,After Ripening,Banganpalli/After Ripening/Banganpalli 1 (96).jpg,Banganpalli 1 (96).jpg,.jpg,4019302,4608x3456,ok
Banganpalli,After Ripening,Banganpalli/After Ripening/Banganpalli 1 (97).jpg,Banganpalli 1 (97).jpg,.jpg,4019302,4608x3456,ok
Banganpalli,After Ripening,Banganpalli/After Ripening/Banganpalli 1 (98).jpg,Banganpalli 1 (98).jpg,.jpg,4016082,4608x3456,ok
Banganpalli,After Ripening,Banganpalli/After Ripening/Banganpalli 1 (99).jpg,Banganpalli 1 (99).jpg,.jpg,4016082,4608x3456,ok
Banganpalli,Before Ripening,Banganpalli/Before Ripening/20250404_172401.jpg,20250404_172401.jpg,.jpg,2176479,4608x2128,ok
Banganpalli,Before Ripening,Banganpalli/Before Ripening/20250404_172403.jpg,20250404_172403.jpg,.jpg,2320375,4608x2128,ok
Banganpalli,Before Ripening,Banganpalli/Before Ripening/20250514_170944(0).jpg,20250514_170944(0).jpg,.jpg,2353614,4608x2128,ok
Banganpalli,Before Ripening,Banganpalli/Before Ripening/20250514_170945.jpg,20250514_170945.jpg,.jpg,2362029,4608x2128,ok
Banganpalli,Before Ripening,Banganpalli/Before Ripening/20250514_171544.jpg,20250514_171544.jpg,.jpg,2878094,4608x2128,ok
Banganpalli,Before Ripening,Banganpalli/Before Ripening/20250514_171546.jpg,20250514_171546.jpg,.jpg,2879518,4608x2128,ok
Banganpalli,Before Ripening,Banganpalli/Before Ripening/20250514_171547.jpg,20250514_171547.jpg,.jpg,2885971,4608x2128,ok
Banganpalli,Before Ripening,Banganpalli/Before Ripening/20250514_171548.jpg,20250514_171548.jpg,.jpg,2800925,4608x2128,ok
Banganpalli,Before Ripening,Banganpalli/Before Ripening/20250514_171552.jpg,20250514_171552.jpg,.jpg,3021278,4608x2128,ok
Banganpalli,Before Ripening,Banganpalli/Before Ripening/20250514_171553(0).jpg,20250514_171553(0).jpg,.jpg,2923391,4608x2128,ok
Banganpalli,Before Ripening,Banganpalli/Before Ripening/20250514_171553.jpg,20250514_171553.jpg,.jpg,2956285,4608x2128,ok
Banganpalli,Before Ripening,Banganpalli/Before Ripening/20250514_171554(0).jpg,20250514_171554(0).jpg,.jpg,2987584,4608x2128,ok
Banganpalli,Before Ripening,Banganpalli/Before Ripening/20250514_171554(1).jpg,20250514_171554(1).jpg,.jpg,2960824,4608x2128,ok
Banganpalli,Before Ripening,Banganpalli/Before Ripening/20250514_171554.jpg,20250514_171554.jpg,.jpg,2940932,4608x2128,ok
Banganpalli,Before Ripening,Banganpalli/Before Ripening/20250514_171555.jpg,20250514_171555.jpg,.jpg,2965794,4608x2128,ok
Banganpalli,Before Ripening,Banganpalli/Before Ripening/20250514_171556.jpg,20250514_171556.jpg,.jpg,3036830,4608x2128,ok
Banganpalli,Before Ripening,Banganpalli/Before Ripening/20250514_171601.jpg,20250514_171601.jpg,.jpg,2892766,4608x2128,ok
Banganpalli,Before Ripening,Banganpalli/Before Ripening/20250514_171603.jpg,20250514_171603.jpg,.jpg,3066198,4608x2128,ok
Banganpalli,Before Ripening,Banganpalli/Before Ripening/20250514_171604(0).jpg,20250514_171604(0).jpg,.jpg,3066526,4608x2128,ok
Banganpalli,Before Ripening,Banganpalli/Before Ripening/20250514_171604.jpg,20250514_171604.jpg,.jpg,2713348,4608x2128,ok
Banganpalli,Before Ripening,Banganpalli/Before Ripening/20250514_171605.jpg,20250514_171605.jpg,.jpg,2644804,4608x2128,ok
Banganpalli,Before Ripening,Banganpalli/Before Ripening/20250514_171606.jpg,20250514_171606.jpg,.jpg,2611019,4608x2128,ok
Banganpalli,Before Ripening,Banganpalli/Before Ripening/20250514_171607.jpg,20250514_171607.jpg,.jpg,2511827,4608x2128,ok
Banganpalli,Before Ripening,Banganpalli/Before Ripening/20250514_171608.jpg,20250514_171608.jpg,.jpg,2567532,4608x2128,ok
Banganpalli,Before Ripening,Banganpalli/Before Ripening/20250514_171609.jpg,20250514_171609.jpg,.jpg,2542961,4608x2128,ok
Banganpalli,Before Ripening,Banganpalli/Before Ripening/20250514_171610.jpg,20250514_171610.jpg,.jpg,2554609,4608x2128,ok
Banganpalli,Before Ripening,Banganpalli/Before Ripening/20250514_171614.jpg,20250514_171614.jpg,.jpg,2700146,4608x2128,ok
Banganpalli,Before Ripening,Banganpalli/Before Ripening/20250514_171615.jpg,20250514_171615.jpg,.jpg,2507806,4608x2128,ok
Banganpalli,Before Ripening,Banganpalli/Before Ripening/20250514_171616.jpg,20250514_171616.jpg,.jpg,2626519,4608x2128,ok
Banganpalli,Before Ripening,Banganpalli/Before Ripening/20250514_171617.jpg,20250514_171617.jpg,.jpg,2427023,4608x2128,ok
Banganpalli,Before Ripening,Banganpalli/Before Ripening/20250514_171618.jpg,20250514_171618.jpg,.jpg,2490763,4608x2128,ok
Banganpalli,Before Ripening,Banganpalli/Before Ripening/20250514_171619.jpg,20250514_171619.jpg,.jpg,2485430,4608x2128,ok
Banganpalli,Before Ripening,Banganpalli/Before Ripening/20250514_171620.jpg,20250514_171620.jpg,.jpg,2485468,4608x2128,ok
Banganpalli,Before Ripening,Banganpalli/Before Ripening/20250514_171621.jpg,20250514_171621.jpg,.jpg,2474665,4608x2128,ok
Banganpalli,Before Ripening,Banganpalli/Before Ripening/20250514_171622(0).jpg,20250514_171622(0).jpg,.jpg,2374680,4608x2128,ok
Banganpalli,Before Ripening,Banganpalli/Before Ripening/20250514_171622.jpg,20250514_171622.jpg,.jpg,2526812,4608x2128,ok
Banganpalli,Before Ripening,Banganpalli/Before Ripening/20250514_171623.jpg,20250514_171623.jpg,.jpg,2562812,4608x2128,ok
Banganpalli,Before Ripening,Banganpalli/Before Ripening/20250514_171624.jpg,20250514_171624.jpg,.jpg,2415844,4608x2128,ok
Banganpalli,Before Ripening,Banganpalli/Before Ripening/20250514_171629.jpg,20250514_171629.jpg,.jpg,3200550,4608x2128,ok
Banganpalli,Before Ripening,Banganpalli/Before Ripening/20250514_171630(0).jpg,20250514_171630(0).jpg,.jpg,2735289,4608x2128,ok
Banganpalli,Before Ripening,Banganpalli/Before Ripening/20250514_171630.jpg,20250514_171630.jpg,.jpg,2766419,4608x2128,ok
Banganpalli,Before Ripening,Banganpalli/Before Ripening/20250514_171631.jpg,20250514_171631.jpg,.jpg,2880485,4608x2128,ok
Banganpalli,Before Ripening,Banganpalli/Before Ripening/20250514_171632.jpg,20250514_171632.jpg,.jpg,2752855,4608x2128,ok
Banganpalli,Before Ripening,Banganpalli/Before Ripening/20250514_171633.jpg,20250514_171633.jpg,.jpg,2845431,4608x2128,ok
Banganpalli,Before Ripening,Banganpalli/Before Ripening/20250514_171634.jpg,20250514_171634.jpg,.jpg,2740556,4608x2128,ok
Banganpalli,Before Ripening,Banganpalli/Before Ripening/20250514_171640(0).jpg,20250514_171640(0).jpg,.jpg,3099989,4608x2128,ok
Banganpalli,Before Ripening,Banganpalli/Before Ripening/20250514_171640.jpg,20250514_171640.jpg,.jpg,3204711,4608x2128,ok
Banganpalli,Before Ripening,Banganpalli/Before Ripening/20250514_171641(0).jpg,20250514_171641(0).jpg,.jpg,3240253,4608x2128,ok
Banganpalli,Before Ripening,Banganpalli/Before Ripening/20250514_171641.jpg,20250514_171641.jpg,.jpg,3175968,4608x2128,ok
Banganpalli,Before Ripening,Banganpalli/Before Ripening/20250514_171642(0).jpg,20250514_171642(0).jpg,.jpg,3212388,4608x2128,ok
Banganpalli,Before Ripening,Banganpalli/Before Ripening/20250514_171642.jpg,20250514_171642.jpg,.jpg,3173597,4608x2128,ok
Banganpalli,Before Ripening,Banganpalli/Before Ripening/20250514_171643.jpg,20250514_171643.jpg,.jpg,3156149,4608x2128,ok
Banganpalli,Before Ripening,Banganpalli/Before Ripening/20250514_171644(0).jpg,20250514_171644(0).jpg,.jpg,2988159,4608x2128,ok
Banganpalli,Before Ripening,Banganpalli/Before Ripening/20250514_171644(1).jpg,20250514_171644(1).jpg,.jpg,2971824,4608x2128,ok
Banganpalli,Before Ripening,Banganpalli/Before Ripening/20250514_171644.jpg,20250514_171644.jpg,.jpg,2718380,4608x2128,ok
Banganpalli,Before Ripening,Banganpalli/Before Ripening/20250514_171646(0).jpg,20250514_171646(0).jpg,.jpg,2992963,4608x2128,ok
Banganpalli,Before Ripening,Banganpalli/Before Ripening/20250514_171646.jpg,20250514_171646.jpg,.jpg,3008705,4608x2128,ok
Banganpalli,Before Ripening,Banganpalli/Before Ripening/20250514_171647.jpg,20250514_171647.jpg,.jpg,2668035,4608x2128,ok
Banganpalli,Before Ripening,Banganpalli/Before Ripening/20250514_171654(0).jpg,20250514_171654(0).jpg,.jpg,2796062,4608x2128,ok
Banganpalli,Before Ripening,Banganpalli/Before Ripening/20250514_171654.jpg,20250514_171654.jpg,.jpg,2840043,4608x2128,ok
Banganpalli,Before Ripening,Banganpalli/Before Ripening/20250514_171655(0).jpg,20250514_171655(0).jpg,.jpg,2765744,4608x2128,ok
Banganpalli,Before Ripening,Banganpalli/Before Ripening/20250514_171655.jpg,20250514_171655.jpg,.jpg,2778382,4608x2128,ok
Banganpalli,Before Ripening,Banganpalli/Before Ripening/20250514_171656(0).jpg,20250514_171656(0).jpg,.jpg,2793422,4608x2128,ok
Banganpalli,Before Ripening,Banganpalli/Before Ripening/20250514_171656.jpg,20250514_171656.jpg,.jpg,2772595,4608x2128,ok
Banganpalli,Before Ripening,Banganpalli/Before Ripening/20250514_171657(0).jpg,20250514_171657(0).jpg,.jpg,2804123,4608x2128,ok
Banganpalli,Before Ripening,Banganpalli/Before Ripening/20250514_171657.jpg,20250514_171657.jpg,.jpg,2821586,4608x2128,ok
Banganpalli,Before Ripening,Banganpalli/Before Ripening/20250514_171658.jpg,20250514_171658.jpg,.jpg,2831130,4608x2128,ok
Banganpalli,Before Ripening,Banganpalli/Before Ripening/20250514_171659(0).jpg,20250514_171659(0).jpg,.jpg,2863952,4608x2128,ok
Banganpalli,Before Ripening,Banganpalli/Before Ripening/20250514_171659(1).jpg,20250514_171659(1).jpg,.jpg,2741748,4608x2128,ok
Banganpalli,Before Ripening,Banganpalli/Before Ripening/20250514_171659.jpg,20250514_171659.jpg,.jpg,2878906,4608x2128,ok
Banganpalli,Before Ripening,Banganpalli/Before Ripening/20250514_171706(0).jpg,20250514_171706(0).jpg,.jpg,3062030,4608x2128,ok
Banganpalli,Before Ripening,Banganpalli/Before Ripening/20250514_171706.jpg,20250514_171706.jpg,.jpg,3043359,4608x2128,ok
Banganpalli,Before Ripening,Banganpalli/Before Ripening/20250514_171707(0).jpg,20250514_171707(0).jpg,.jpg,3089940,4608x2128,ok
Banganpalli,Before Ripening,Banganpalli/Before Ripening/20250514_171707(1).jpg,20250514_171707(1).jpg,.jpg,3064958,4608x2128,ok
Banganpalli,Before Ripening,Banganpalli/Before Ripening/20250514_171707.jpg,20250514_171707.jpg,.jpg,3107067,4608x2128,ok
Banganpalli,Before Ripening,Banganpalli/Before Ripening/20250514_171708(0).jpg,20250514_171708(0).jpg,.jpg,3015877,4608x2128,ok
Banganpalli,Before Ripening,Banganpalli/Before Ripening/20250514_171708.jpg,20250514_171708.jpg,.jpg,3075185,4608x2128,ok
Banganpalli,Before Ripening,Banganpalli/Before Ripening/20250514_171709(0).jpg,20250514_171709(0).jpg,.jpg,3106402,4608x2128,ok
Banganpalli,Before Ripening,Banganpalli/Before Ripening/20250514_171709.jpg,20250514_171709.jpg,.jpg,3205110,4608x2128,ok
Banganpalli,Before Ripening,Banganpalli/Before Ripening/20250514_171710(0).jpg,20250514_171710(0).jpg,.jpg,3068981,4608x2128,ok
Banganpalli,Before Ripening,Banganpalli/Before Ripening/20250514_171710.jpg,20250514_171710.jpg,.jpg,3061463,4608x2128,ok
Banganpalli,Before Ripening,Banganpalli/Before Ripening/20250514_171711(0).jpg,20250514_171711(0).jpg,.jpg,3048260,4608x2128,ok
Banganpalli,Before Ripening,Banganpalli/Before Ripening/20250514_171711(1).jpg,20250514_171711(1).jpg,.jpg,3026200,4608x2128,ok
Banganpalli,Before Ripening,Banganpalli/Before Ripening/20250514_171711.jpg,20250514_171711.jpg,.jpg,3041394,4608x2128,ok
Banganpalli,Before Ripening,Banganpalli/Before Ripening/20250514_171712(0).jpg,20250514_171712(0).jpg,.jpg,3103384,4608x2128,ok
Banganpalli,Before Ripening,Banganpalli/Before Ripening/20250514_171712.jpg,20250514_171712.jpg,.jpg,3083955,4608x2128,ok
Banganpalli,Before Ripening,Banganpalli/Before Ripening/20250514_173941.jpg,20250514_173941.jpg,.jpg,3303971,4608x2128,ok
Banganpalli,Before Ripening,Banganpalli/Before Ripening/20250514_173944.jpg,20250514_173944.jpg,.jpg,2896263,4608x2128,ok
Banganpalli,Before Ripening,Banganpalli/Before Ripening/20250514_173945.jpg,20250514_173945.jpg,.jpg,3258807,4608x2128,ok
Banganpalli,Before Ripening,Banganpalli/Before Ripening/20250514_174007.jpg,20250514_174007.jpg,.jpg,2902754,4608x2128,ok
Banganpalli,Before Ripening,Banganpalli/Before Ripening/20250514_174008.jpg,20250514_174008.jpg,.jpg,3092673,4608x2128,ok
Banganpalli,Before Ripening,Banganpalli/Before Ripening/20250514_174010.jpg,20250514_174010.jpg,.jpg,3019093,4608x2128,ok
Banganpalli,Before Ripening,Banganpalli/Before Ripening/20250514_174013.jpg,20250514_174013.jpg,.jpg,2515251,4608x2128,ok
Banganpalli,Before Ripening,Banganpalli/Before Ripening/20250514_174026.jpg,20250514_174026.jpg,.jpg,2492539,4608x2128,ok
Banganpalli,Before Ripening,Banganpalli/Before Ripening/20250514_174028.jpg,20250514_174028.jpg,.jpg,3135121,4608x2128,ok
Banganpalli,Before Ripening,Banganpalli/Before Ripening/20250514_174711.jpg,20250514_174711.jpg,.jpg,3145194,4608x2128,ok
Banganpalli,Before Ripening,Banganpalli/Before Ripening/20250514_174713.jpg,20250514_174713.jpg,.jpg,3318850,4608x2128,ok
Banganpalli,Before Ripening,Banganpalli/Before Ripening/20260515_222034.jpg,20260515_222034.jpg,.jpg,2635908,4608x2128,ok
Banganpalli,Before Ripening,Banganpalli/Before Ripening/20260515_222036.jpg,20260515_222036.jpg,.jpg,2676795,4608x2128,ok
Banganpalli,Before Ripening,Banganpalli/Before Ripening/20260515_222038.jpg,20260515_222038.jpg,.jpg,2677077,4608x2128,ok
Banganpalli,Before Ripening,Banganpalli/Before Ripening/20260515_222057.jpg,20260515_222057.jpg,.jpg,2701540,4608x2128,ok
Banganpalli,Before Ripening,Banganpalli/Before Ripening/20260515_222059.jpg,20260515_222059.jpg,.jpg,2759111,4608x2128,ok
Banganpalli,Before Ripening,Banganpalli/Before Ripening/20260515_222101.jpg,20260515_222101.jpg,.jpg,2747991,4608x2128,ok
Banganpalli,Before Ripening,Banganpalli/Before Ripening/20260515_222115.jpg,20260515_222115.jpg,.jpg,2755833,4608x2128,ok
Banganpalli,Before Ripening,Banganpalli/Before Ripening/20260515_222116.jpg,20260515_222116.jpg,.jpg,2774962,4608x2128,ok
Banganpalli,Before Ripening,Banganpalli/Before Ripening/20260515_222118.jpg,20260515_222118.jpg,.jpg,2780534,4608x2128,ok
Banganpalli,Before Ripening,Banganpalli/Before Ripening/20260515_222133.jpg,20260515_222133.jpg,.jpg,2580496,4608x2128,ok
Banganpalli,Before Ripening,Banganpalli/Before Ripening/20260515_222134.jpg,20260515_222134.jpg,.jpg,2640925,4608x2128,ok
Banganpalli,Before Ripening,Banganpalli/Before Ripening/20260515_222136.jpg,20260515_222136.jpg,.jpg,2603911,4608x2128,ok
Banganpalli,Before Ripening,Banganpalli/Before Ripening/20260515_222138.jpg,20260515_222138.jpg,.jpg,2641188,4608x2128,ok
Banganpalli,Before Ripening,Banganpalli/Before Ripening/20260515_222140.jpg,20260515_222140.jpg,.jpg,2609912,4608x2128,ok
Banganpalli,Before Ripening,Banganpalli/Before Ripening/20260515_222209.jpg,20260515_222209.jpg,.jpg,2683498,4608x2128,ok
Banganpalli,Before Ripening,Banganpalli/Before Ripening/20260515_222211.jpg,20260515_222211.jpg,.jpg,2731833,4608x2128,ok
Banganpalli,Before Ripening,Banganpalli/Before Ripening/20260515_222213.jpg,20260515_222213.jpg,.jpg,2658182,4608x2128,ok
Banganpalli,Before Ripening,Banganpalli/Before Ripening/20260515_222218.jpg,20260515_222218.jpg,.jpg,2669821,4608x2128,ok
Banganpalli,Before Ripening,Banganpalli/Before Ripening/20260515_222220.jpg,20260515_222220.jpg,.jpg,2633693,4608x2128,ok
Banganpalli,Before Ripening,Banganpalli/Before Ripening/20260515_222222.jpg,20260515_222222.jpg,.jpg,2672780,4608x2128,ok
Banganpalli,Before Ripening,Banganpalli/Before Ripening/20260515_222225.jpg,20260515_222225.jpg,.jpg,2646753,4608x2128,ok
Banganpalli,Before Ripening,Banganpalli/Before Ripening/20260515_222238.jpg,20260515_222238.jpg,.jpg,2719778,4608x2128,ok
Banganpalli,Before Ripening,Banganpalli/Before Ripening/20260515_222242.jpg,20260515_222242.jpg,.jpg,2670496,4608x2128,ok
Banganpalli,Before Ripening,Banganpalli/Before Ripening/20260515_222244.jpg,20260515_222244.jpg,.jpg,2697017,4608x2128,ok
Banganpalli,Before Ripening,Banganpalli/Before Ripening/20260515_222245.jpg,20260515_222245.jpg,.jpg,2694095,4608x2128,ok
Banganpalli,Before Ripening,Banganpalli/Before Ripening/20260515_222247.jpg,20260515_222247.jpg,.jpg,2729458,4608x2128,ok
Banganpalli,Before Ripening,Banganpalli/Before Ripening/20260515_222249.jpg,20260515_222249.jpg,.jpg,2664302,4608x2128,ok
Banganpalli,Before Ripening,Banganpalli/Before Ripening/20260515_222253.jpg,20260515_222253.jpg,.jpg,2667619,4608x2128,ok
Banganpalli,Before Ripening,Banganpalli/Before Ripening/20260515_41935pmByGPSMapCamera.jpg,20260515_41935pmByGPSMapCamera.jpg,.jpg,9978133,3456x4608,ok
Banganpalli,Before Ripening,Banganpalli/Before Ripening/20260515_41937pmByGPSMapCamera.jpg,20260515_41937pmByGPSMapCamera.jpg,.jpg,10208373,3456x4608,ok
Banganpalli,Before Ripening,Banganpalli/Before Ripening/20260515_41941pmByGPSMapCamera.jpg,20260515_41941pmByGPSMapCamera.jpg,.jpg,10028325,3456x4608,ok
Banganpalli,Before Ripening,Banganpalli/Before Ripening/20260515_42009pmByGPSMapCamera.jpg,20260515_42009pmByGPSMapCamera.jpg,.jpg,12813084,3456x4608,ok
Banganpalli,Before Ripening,Banganpalli/Before Ripening/20260515_42048pmByGPSMapCamera.jpg,20260515_42048pmByGPSMapCamera.jpg,.jpg,8731857,3456x4608,ok
Banganpalli,Before Ripening,Banganpalli/Before Ripening/20260515_42050pmByGPSMapCamera.jpg,20260515_42050pmByGPSMapCamera.jpg,.jpg,8617007,3456x4608,ok
Banganpalli,Before Ripening,Banganpalli/Before Ripening/20260515_42055pmByGPSMapCamera.jpg,20260515_42055pmByGPSMapCamera.jpg,.jpg,8813726,3456x4608,ok
Banganpalli,Before Ripening,Banganpalli/Before Ripening/20260515_42908pmByGPSMapCamera.jpg,20260515_42908pmByGPSMapCamera.jpg,.jpg,8822959,3456x4608,ok
Banganpalli,Before Ripening,Banganpalli/Before Ripening/20260515_42910pmByGPSMapCamera.jpg,20260515_42910pmByGPSMapCamera.jpg,.jpg,8927995,3456x4608,ok
Banganpalli,Before Ripening,Banganpalli/Before Ripening/20260515_42911pmByGPSMapCamera.jpg,20260515_42911pmByGPSMapCamera.jpg,.jpg,8983711,3456x4608,ok
Banganpalli,Before Ripening,Banganpalli/Before Ripening/20260515_43258pmByGPSMapCamera.jpg,20260515_43258pmByGPSMapCamera.jpg,.jpg,9590061,3456x4608,ok
Banganpalli,Before Ripening,Banganpalli/Before Ripening/20260515_43301pmByGPSMapCamera.jpg,20260515_43301pmByGPSMapCamera.jpg,.jpg,9672540,3456x4608,ok
Banganpalli,Before Ripening,Banganpalli/Before Ripening/20260515_43305pmByGPSMapCamera.jpg,20260515_43305pmByGPSMapCamera.jpg,.jpg,9747040,3456x4608,ok
Banganpalli,Before Ripening,Banganpalli/Before Ripening/20260515_43405pmByGPSMapCamera.jpg,20260515_43405pmByGPSMapCamera.jpg,.jpg,9188477,3456x4608,ok
Banganpalli,Before Ripening,Banganpalli/Before Ripening/20260515_43409pmByGPSMapCamera.jpg,20260515_43409pmByGPSMapCamera.jpg,.jpg,9412976,3456x4608,ok
Banganpalli,Before Ripening,Banganpalli/Before Ripening/20260515_43414pmByGPSMapCamera.jpg,20260515_43414pmByGPSMapCamera.jpg,.jpg,9423227,3456x4608,ok
Banganpalli,Before Ripening,Banganpalli/Before Ripening/20260515_43451pmByGPSMapCamera.jpg,20260515_43451pmByGPSMapCamera.jpg,.jpg,9365011,3456x4608,ok
Banganpalli,Before Ripening,Banganpalli/Before Ripening/20260515_43453pmByGPSMapCamera.jpg,20260515_43453pmByGPSMapCamera.jpg,.jpg,9212782,3456x4608,ok
Banganpalli,Before Ripening,Banganpalli/Before Ripening/20260515_43646pmByGPSMapCamera.jpg,20260515_43646pmByGPSMapCamera.jpg,.jpg,8797734,3456x4608,ok
Banganpalli,Before Ripening,Banganpalli/Before Ripening/20260515_43649pmByGPSMapCamera.jpg,20260515_43649pmByGPSMapCamera.jpg,.jpg,8774711,3456x4608,ok
Banganpalli,Before Ripening,Banganpalli/Before Ripening/20260515_43725pmByGPSMapCamera.jpg,20260515_43725pmByGPSMapCamera.jpg,.jpg,8516647,3456x4608,ok
Banganpalli,Before Ripening,Banganpalli/Before Ripening/20260515_43732pmByGPSMapCamera.jpg,20260515_43732pmByGPSMapCamera.jpg,.jpg,8725983,3456x4608,ok
Banganpalli,Before Ripening,Banganpalli/Before Ripening/20260515_43737pmByGPSMapCamera.jpg,20260515_43737pmByGPSMapCamera.jpg,.jpg,8524485,3456x4608,ok
Banganpalli,Before Ripening,Banganpalli/Before Ripening/20260515_43759pmByGPSMapCamera.jpg,20260515_43759pmByGPSMapCamera.jpg,.jpg,11027234,3456x4608,ok
Banganpalli,Before Ripening,Banganpalli/Before Ripening/20260515_43856pmByGPSMapCamera.jpg,20260515_43856pmByGPSMapCamera.jpg,.jpg,8336818,3456x4608,ok
Banganpalli,Before Ripening,Banganpalli/Before Ripening/20260515_44113pmByGPSMapCamera.jpg,20260515_44113pmByGPSMapCamera.jpg,.jpg,9737654,3456x4608,ok
Banganpalli,Before Ripening,Banganpalli/Before Ripening/20260515_44116pmByGPSMapCamera.jpg,20260515_44116pmByGPSMapCamera.jpg,.jpg,9898932,3456x4608,ok
Banganpalli,Before Ripening,Banganpalli/Before Ripening/20260515_44119pmByGPSMapCamera.jpg,20260515_44119pmByGPSMapCamera.jpg,.jpg,9801402,3456x4608,ok
Banganpalli,Before Ripening,Banganpalli/Before Ripening/20260515_44131pmByGPSMapCamera.jpg,20260515_44131pmByGPSMapCamera.jpg,.jpg,9772471,3456x4608,ok
Banganpalli,Before Ripening,Banganpalli/Before Ripening/20260515_44232pmByGPSMapCamera.jpg,20260515_44232pmByGPSMapCamera.jpg,.jpg,9612367,3456x4608,ok
Banganpalli,Before Ripening,Banganpalli/Before Ripening/20260515_44250pmByGPSMapCamera.jpg,20260515_44250pmByGPSMapCamera.jpg,.jpg,9545110,3456x4608,ok
Banganpalli,Before Ripening,Banganpalli/Before Ripening/20260515_44254pmByGPSMapCamera.jpg,20260515_44254pmByGPSMapCamera.jpg,.jpg,9713542,3456x4608,ok
Banganpalli,Before Ripening,Banganpalli/Before Ripening/20260529_172322.jpg,20260529_172322.jpg,.jpg,3006670,4608x2128,ok
Banganpalli,Before Ripening,Banganpalli/Before Ripening/20260529_172324.jpg,20260529_172324.jpg,.jpg,3084597,4608x2128,ok
Banganpalli,Before Ripening,Banganpalli/Before Ripening/20260529_172326.jpg,20260529_172326.jpg,.jpg,3137217,4608x2128,ok
Banganpalli,Before Ripening,Banganpalli/Before Ripening/20260529_172334.jpg,20260529_172334.jpg,.jpg,3672742,4608x2128,ok
Banganpalli,Before Ripening,Banganpalli/Before Ripening/20260529_172344.jpg,20260529_172344.jpg,.jpg,1146411,2576x1188,ok
Banganpalli,Before Ripening,Banganpalli/Before Ripening/20260529_172345.jpg,20260529_172345.jpg,.jpg,1127353,2576x1188,ok
Banganpalli,Before Ripening,Banganpalli/Before Ripening/20260529_172346.jpg,20260529_172346.jpg,.jpg,1113158,2576x1188,ok
Banganpalli,Before Ripening,Banganpalli/Before Ripening/20260529_172506.jpg,20260529_172506.jpg,.jpg,2685599,4608x2128,ok
Banganpalli,Before Ripening,Banganpalli/Before Ripening/20260529_172509.jpg,20260529_172509.jpg,.jpg,2772134,4608x2128,ok
Banganpalli,Before Ripening,Banganpalli/Before Ripening/20260529_172512.jpg,20260529_172512.jpg,.jpg,2732669,4608x2128,ok
Banganpalli,Before Ripening,Banganpalli/Before Ripening/20260529_172534.jpg,20260529_172534.jpg,.jpg,2652280,4608x2128,ok
Banganpalli,Before Ripening,Banganpalli/Before Ripening/20260529_172537.jpg,20260529_172537.jpg,.jpg,2805923,4608x2128,ok
Banganpalli,Before Ripening,Banganpalli/Before Ripening/20260529_172541.jpg,20260529_172541.jpg,.jpg,2856704,4608x2128,ok
Banganpalli,Before Ripening,Banganpalli/Before Ripening/20260529_172543.jpg,20260529_172543.jpg,.jpg,2734305,4608x2128,ok
Banganpalli,Before Ripening,Banganpalli/Before Ripening/20260529_172609.jpg,20260529_172609.jpg,.jpg,2884142,4608x2128,ok
Banganpalli,Before Ripening,Banganpalli/Before Ripening/20260529_172612.jpg,20260529_172612.jpg,.jpg,2749919,4608x2128,ok
Banganpalli,Before Ripening,Banganpalli/Before Ripening/20260529_172615.jpg,20260529_172615.jpg,.jpg,2809151,4608x2128,ok
Banganpalli,Before Ripening,Banganpalli/Before Ripening/20260529_172627.jpg,20260529_172627.jpg,.jpg,2742002,4608x2128,ok
Banganpalli,Before Ripening,Banganpalli/Before Ripening/20260529_172629.jpg,20260529_172629.jpg,.jpg,2653285,4608x2128,ok
Banganpalli,Before Ripening,Banganpalli/Before Ripening/20260529_172645.jpg,20260529_172645.jpg,.jpg,2758953,4608x2128,ok
Banganpalli,Before Ripening,Banganpalli/Before Ripening/20260529_172648.jpg,20260529_172648.jpg,.jpg,2752360,4608x2128,ok
Banganpalli,Before Ripening,Banganpalli/Before Ripening/20260529_172651.jpg,20260529_172651.jpg,.jpg,2749540,4608x2128,ok
Banganpalli,Before Ripening,Banganpalli/Before Ripening/20260529_172657.jpg,20260529_172657.jpg,.jpg,2615725,4608x2128,ok
Banganpalli,Before Ripening,Banganpalli/Before Ripening/20260529_172700.jpg,20260529_172700.jpg,.jpg,2727470,4608x2128,ok
Banganpalli,Before Ripening,Banganpalli/Before Ripening/20260529_172726.jpg,20260529_172726.jpg,.jpg,2726208,4608x2128,ok
Banganpalli,Before Ripening,Banganpalli/Before Ripening/20260529_172728.jpg,20260529_172728.jpg,.jpg,2848199,4608x2128,ok
Banganpalli,Before Ripening,Banganpalli/Before Ripening/20260529_172731.jpg,20260529_172731.jpg,.jpg,2849040,4608x2128,ok
Banganpalli,Before Ripening,Banganpalli/Before Ripening/20260529_172739.jpg,20260529_172739.jpg,.jpg,2823052,4608x2128,ok
Banganpalli,Before Ripening,Banganpalli/Before Ripening/20260529_172747.jpg,20260529_172747.jpg,.jpg,2787775,4608x2128,ok
Banganpalli,Before Ripening,Banganpalli/Before Ripening/20260529_172752.jpg,20260529_172752.jpg,.jpg,2757687,4608x2128,ok
Banganpalli,Before Ripening,Banganpalli/Before Ripening/20260529_172757.jpg,20260529_172757.jpg,.jpg,2754581,4608x2128,ok
Banganpalli,Before Ripening,Banganpalli/Before Ripening/20260529_172804.jpg,20260529_172804.jpg,.jpg,2669151,4608x2128,ok
Banganpalli,Before Ripening,Banganpalli/Before Ripening/20260529_172829.jpg,20260529_172829.jpg,.jpg,2625290,4608x2128,ok
Banganpalli,Before Ripening,Banganpalli/Before Ripening/20260529_172831.jpg,20260529_172831.jpg,.jpg,2623121,4608x2128,ok
Banganpalli,Before Ripening,Banganpalli/Before Ripening/20260529_172834.jpg,20260529_172834.jpg,.jpg,2652496,4608x2128,ok
Banganpalli,Before Ripening,Banganpalli/Before Ripening/20260529_172842.jpg,20260529_172842.jpg,.jpg,2548702,4608x2128,ok
Banganpalli,Before Ripening,Banganpalli/Before Ripening/20260529_172844.jpg,20260529_172844.jpg,.jpg,2599952,4608x2128,ok
Banganpalli,Before Ripening,Banganpalli/Before Ripening/20260529_172847.jpg,20260529_172847.jpg,.jpg,2610618,4608x2128,ok
Banganpalli,Before Ripening,Banganpalli/Before Ripening/20260529_172919.jpg,20260529_172919.jpg,.jpg,2621959,4608x2128,ok
Banganpalli,Before Ripening,Banganpalli/Before Ripening/20260529_172921.jpg,20260529_172921.jpg,.jpg,2634113,4608x2128,ok
Banganpalli,Before Ripening,Banganpalli/Before Ripening/20260529_172923.jpg,20260529_172923.jpg,.jpg,2657328,4608x2128,ok
Banganpalli,Before Ripening,Banganpalli/Before Ripening/20260529_172930.jpg,20260529_172930.jpg,.jpg,2748190,4608x2128,ok
Banganpalli,Before Ripening,Banganpalli/Before Ripening/20260529_172932.jpg,20260529_172932.jpg,.jpg,2729692,4608x2128,ok
Banganpalli,Before Ripening,Banganpalli/Before Ripening/20260529_172944.jpg,20260529_172944.jpg,.jpg,2564605,4608x2128,ok
Banganpalli,Before Ripening,Banganpalli/Before Ripening/20260529_172946.jpg,20260529_172946.jpg,.jpg,2622482,4608x2128,ok
Banganpalli,Before Ripening,Banganpalli/Before Ripening/20260529_172952.jpg,20260529_172952.jpg,.jpg,2706481,4608x2128,ok
Banganpalli,Before Ripening,Banganpalli/Before Ripening/20260529_172954.jpg,20260529_172954.jpg,.jpg,2814793,4608x2128,ok
Banganpalli,Before Ripening,Banganpalli/Before Ripening/20260529_172957.jpg,20260529_172957.jpg,.jpg,2750716,4608x2128,ok
Banganpalli,Before Ripening,Banganpalli/Before Ripening/20260529_172959.jpg,20260529_172959.jpg,.jpg,2766383,4608x2128,ok
Banganpalli,Before Ripening,Banganpalli/Before Ripening/20260529_173116.jpg,20260529_173116.jpg,.jpg,2587816,4608x2128,ok
Banganpalli,Before Ripening,Banganpalli/Before Ripening/20260529_173119.jpg,20260529_173119.jpg,.jpg,2659425,4608x2128,ok
Banganpalli,Before Ripening,Banganpalli/Before Ripening/20260529_173121.jpg,20260529_173121.jpg,.jpg,2641426,4608x2128,ok
Banganpalli,Before Ripening,Banganpalli/Before Ripening/20260529_173123.jpg,20260529_173123.jpg,.jpg,2647475,4608x2128,ok
Banganpalli,Before Ripening,Banganpalli/Before Ripening/20260529_173129.jpg,20260529_173129.jpg,.jpg,2678160,4608x2128,ok
Banganpalli,Before Ripening,Banganpalli/Before Ripening/20260529_173131.jpg,20260529_173131.jpg,.jpg,2644089,4608x2128,ok
Banganpalli,Before Ripening,Banganpalli/Before Ripening/20260529_173148.jpg,20260529_173148.jpg,.jpg,2640330,4608x2128,ok
Banganpalli,Before Ripening,Banganpalli/Before Ripening/20260529_173150.jpg,20260529_173150.jpg,.jpg,2668619,4608x2128,ok
Banganpalli,Before Ripening,Banganpalli/Before Ripening/20260529_173152.jpg,20260529_173152.jpg,.jpg,2573370,4608x2128,ok
Banganpalli,Before Ripening,Banganpalli/Before Ripening/20260529_173229.jpg,20260529_173229.jpg,.jpg,2664530,4608x2128,ok
Banganpalli,Before Ripening,Banganpalli/Before Ripening/20260529_173231.jpg,20260529_173231.jpg,.jpg,2656129,4608x2128,ok
Banganpalli,Before Ripening,Banganpalli/Before Ripening/20260529_173233.jpg,20260529_173233.jpg,.jpg,2703844,4608x2128,ok
Banganpalli,Before Ripening,Banganpalli/Before Ripening/20260529_173239.jpg,20260529_173239.jpg,.jpg,2742659,4608x2128,ok
Banganpalli,Before Ripening,Banganpalli/Before Ripening/20260529_173241.jpg,20260529_173241.jpg,.jpg,2763748,4608x2128,ok
Banganpalli,Before Ripening,Banganpalli/Before Ripening/20260529_173257.jpg,20260529_173257.jpg,.jpg,2609216,4608x2128,ok
Banganpalli,Before Ripening,Banganpalli/Before Ripening/20260529_173300.jpg,20260529_173300.jpg,.jpg,2589499,4608x2128,ok
Banganpalli,Before Ripening,Banganpalli/Before Ripening/20260529_173306.jpg,20260529_173306.jpg,.jpg,2832619,4608x2128,ok
Banganpalli,Before Ripening,Banganpalli/Before Ripening/20260529_173309.jpg,20260529_173309.jpg,.jpg,2859444,4608x2128,ok
Banganpalli,Before Ripening,Banganpalli/Before Ripening/20260529_173316.jpg,20260529_173316.jpg,.jpg,2717742,4608x2128,ok
Banganpalli,Before Ripening,Banganpalli/Before Ripening/20260529_173349.jpg,20260529_173349.jpg,.jpg,2701318,4608x2128,ok
Banganpalli,Before Ripening,Banganpalli/Before Ripening/20260529_173351.jpg,20260529_173351.jpg,.jpg,2614433,4608x2128,ok
Banganpalli,Before Ripening,Banganpalli/Before Ripening/20260529_173357.jpg,20260529_173357.jpg,.jpg,2638488,4608x2128,ok
Banganpalli,Before Ripening,Banganpalli/Before Ripening/20260529_173404.jpg,20260529_173404.jpg,.jpg,2651775,4608x2128,ok
Banganpalli,Before Ripening,Banganpalli/Before Ripening/20260529_173406.jpg,20260529_173406.jpg,.jpg,2726744,4608x2128,ok
Banganpalli,Before Ripening,Banganpalli/Before Ripening/20260529_173417.jpg,20260529_173417.jpg,.jpg,2585009,4608x2128,ok
Banganpalli,Before Ripening,Banganpalli/Before Ripening/20260529_173420.jpg,20260529_173420.jpg,.jpg,2784420,4608x2128,ok
Banganpalli,Before Ripening,Banganpalli/Before Ripening/20260529_173425.jpg,20260529_173425.jpg,.jpg,2654706,4608x2128,ok
Banganpalli,Before Ripening,Banganpalli/Before Ripening/20260529_173428.jpg,20260529_173428.jpg,.jpg,2618060,4608x2128,ok
Banganpalli,Before Ripening,Banganpalli/Before Ripening/20260529_173430.jpg,20260529_173430.jpg,.jpg,2662103,4608x2128,ok
Banganpalli,Before Ripening,Banganpalli/Before Ripening/20260529_173502.jpg,20260529_173502.jpg,.jpg,2679076,4608x2128,ok
Banganpalli,Before Ripening,Banganpalli/Before Ripening/20260529_173504.jpg,20260529_173504.jpg,.jpg,2685707,4608x2128,ok
Banganpalli,Before Ripening,Banganpalli/Before Ripening/20260529_173513.jpg,20260529_173513.jpg,.jpg,2704385,4608x2128,ok
Banganpalli,Before Ripening,Banganpalli/Before Ripening/20260529_173515.jpg,20260529_173515.jpg,.jpg,2759531,4608x2128,ok
Banganpalli,Before Ripening,Banganpalli/Before Ripening/20260529_173517.jpg,20260529_173517.jpg,.jpg,2708353,4608x2128,ok
Banganpalli,Before Ripening,Banganpalli/Before Ripening/20260529_173527.jpg,20260529_173527.jpg,.jpg,2663092,4608x2128,ok
Banganpalli,Before Ripening,Banganpalli/Before Ripening/20260529_173529.jpg,20260529_173529.jpg,.jpg,2736728,4608x2128,ok
Banganpalli,Before Ripening,Banganpalli/Before Ripening/20260529_173535.jpg,20260529_173535.jpg,.jpg,2631480,4608x2128,ok
Banganpalli,Before Ripening,Banganpalli/Before Ripening/20260529_173537.jpg,20260529_173537.jpg,.jpg,2660440,4608x2128,ok
Banganpalli,Before Ripening,Banganpalli/Before Ripening/20260529_173604.jpg,20260529_173604.jpg,.jpg,2711632,4608x2128,ok
Banganpalli,Before Ripening,Banganpalli/Before Ripening/20260529_173607.jpg,20260529_173607.jpg,.jpg,2746762,4608x2128,ok
Banganpalli,Before Ripening,Banganpalli/Before Ripening/20260529_173728.jpg,20260529_173728.jpg,.jpg,2671378,4608x2128,ok
Banganpalli,Before Ripening,Banganpalli/Before Ripening/20260529_173731.jpg,20260529_173731.jpg,.jpg,2728546,4608x2128,ok
Banganpalli,Before Ripening,Banganpalli/Before Ripening/20260529_173743.jpg,20260529_173743.jpg,.jpg,2731034,4608x2128,ok
Banganpalli,Before Ripening,Banganpalli/Before Ripening/20260529_173745.jpg,20260529_173745.jpg,.jpg,2765174,4608x2128,ok
Banganpalli,Before Ripening,Banganpalli/Before Ripening/20260529_173747.jpg,20260529_173747.jpg,.jpg,2723940,4608x2128,ok
Banganpalli,Before Ripening,Banganpalli/Before Ripening/20260529_173801.jpg,20260529_173801.jpg,.jpg,2734018,4608x2128,ok
Banganpalli,Before Ripening,Banganpalli/Before Ripening/20260529_173803.jpg,20260529_173803.jpg,.jpg,2828264,4608x2128,ok
Banganpalli,Before Ripening,Banganpalli/Before Ripening/20260529_173805.jpg,20260529_173805.jpg,.jpg,2648281,4608x2128,ok
Banganpalli,Before Ripening,Banganpalli/Before Ripening/20260529_173811.jpg,20260529_173811.jpg,.jpg,2735693,4608x2128,ok
Banganpalli,Before Ripening,Banganpalli/Before Ripening/20260529_173813.jpg,20260529_173813.jpg,.jpg,2738361,4608x2128,ok
Banganpalli,Before Ripening,Banganpalli/Before Ripening/20260529_173815.jpg,20260529_173815.jpg,.jpg,2811142,4608x2128,ok
Banganpalli,Before Ripening,Banganpalli/Before Ripening/20260529_173852.jpg,20260529_173852.jpg,.jpg,3009449,4608x2128,ok
Banganpalli,Before Ripening,Banganpalli/Before Ripening/20260529_173854.jpg,20260529_173854.jpg,.jpg,3055731,4608x2128,ok
Banganpalli,Before Ripening,Banganpalli/Before Ripening/20260529_173900.jpg,20260529_173900.jpg,.jpg,3070045,4608x2128,ok
Banganpalli,Before Ripening,Banganpalli/Before Ripening/20260529_173903.jpg,20260529_173903.jpg,.jpg,2727211,4608x2128,ok
Banganpalli,Before Ripening,Banganpalli/Before Ripening/20260529_173928.jpg,20260529_173928.jpg,.jpg,2870377,4608x2128,ok
Banganpalli,Before Ripening,Banganpalli/Before Ripening/20260529_173930.jpg,20260529_173930.jpg,.jpg,2877225,4608x2128,ok
Banganpalli,Before Ripening,Banganpalli/Before Ripening/20260529_173936.jpg,20260529_173936.jpg,.jpg,2855651,4608x2128,ok
Banganpalli,Before Ripening,Banganpalli/Before Ripening/20260529_173937.jpg,20260529_173937.jpg,.jpg,2946786,4608x2128,ok
Banganpalli,Before Ripening,Banganpalli/Before Ripening/20260529_174041.jpg,20260529_174041.jpg,.jpg,3023920,4608x2128,ok
Banganpalli,Before Ripening,Banganpalli/Before Ripening/20260529_174044.jpg,20260529_174044.jpg,.jpg,2798250,4608x2128,ok
Banganpalli,Before Ripening,Banganpalli/Before Ripening/20260529_174058.jpg,20260529_174058.jpg,.jpg,2743000,4608x2128,ok
Banganpalli,Before Ripening,Banganpalli/Before Ripening/20260529_174100.jpg,20260529_174100.jpg,.jpg,2742608,4608x2128,ok
Banganpalli,Before Ripening,Banganpalli/Before Ripening/20260529_174102.jpg,20260529_174102.jpg,.jpg,2802302,4608x2128,ok
Banganpalli,Before Ripening,Banganpalli/Before Ripening/20260529_174114.jpg,20260529_174114.jpg,.jpg,2641790,4608x2128,ok
Banganpalli,Before Ripening,Banganpalli/Before Ripening/20260529_174116.jpg,20260529_174116.jpg,.jpg,2839809,4608x2128,ok
Banganpalli,Before Ripening,Banganpalli/Before Ripening/20260529_174122.jpg,20260529_174122.jpg,.jpg,2727909,4608x2128,ok
Banganpalli,Before Ripening,Banganpalli/Before Ripening/20260529_174125.jpg,20260529_174125.jpg,.jpg,2763499,4608x2128,ok
Banganpalli,Before Ripening,Banganpalli/Before Ripening/20260529_174200.jpg,20260529_174200.jpg,.jpg,3008319,4608x2128,ok
Banganpalli,Before Ripening,Banganpalli/Before Ripening/20260529_174202.jpg,20260529_174202.jpg,.jpg,2684852,4608x2128,ok
Banganpalli,Before Ripening,Banganpalli/Before Ripening/20260529_174204.jpg,20260529_174204.jpg,.jpg,2765895,4608x2128,ok
Banganpalli,Before Ripening,Banganpalli/Before Ripening/20260529_174211.jpg,20260529_174211.jpg,.jpg,2654959,4608x2128,ok
Banganpalli,Before Ripening,Banganpalli/Before Ripening/20260529_174213.jpg,20260529_174213.jpg,.jpg,2641895,4608x2128,ok
Banganpalli,Before Ripening,Banganpalli/Before Ripening/20260529_174215.jpg,20260529_174215.jpg,.jpg,2753641,4608x2128,ok
Banganpalli,Before Ripening,Banganpalli/Before Ripening/20260529_174249.jpg,20260529_174249.jpg,.jpg,3077465,4608x2128,ok
Banganpalli,Before Ripening,Banganpalli/Before Ripening/20260529_174251.jpg,20260529_174251.jpg,.jpg,2722848,4608x2128,ok
Banganpalli,Before Ripening,Banganpalli/Before Ripening/20260529_174253.jpg,20260529_174253.jpg,.jpg,2788027,4608x2128,ok
Banganpalli,Before Ripening,Banganpalli/Before Ripening/20260529_174302.jpg,20260529_174302.jpg,.jpg,3004010,4608x2128,ok
Banganpalli,Before Ripening,Banganpalli/Before Ripening/20260529_174304.jpg,20260529_174304.jpg,.jpg,3041819,4608x2128,ok
Banganpalli,Before Ripening,Banganpalli/Before Ripening/20260529_174306.jpg,20260529_174306.jpg,.jpg,2651076,4608x2128,ok
Banganpalli,Before Ripening,Banganpalli/Before Ripening/20260529_174319.jpg,20260529_174319.jpg,.jpg,2957756,4608x2128,ok
Banganpalli,Before Ripening,Banganpalli/Before Ripening/20260529_174325.jpg,20260529_174325.jpg,.jpg,2529032,4608x2128,ok
Banganpalli,Before Ripening,Banganpalli/Before Ripening/20260529_174327.jpg,20260529_174327.jpg,.jpg,2595325,4608x2128,ok
Banganpalli,Before Ripening,Banganpalli/Before Ripening/20260529_174405.jpg,20260529_174405.jpg,.jpg,3071586,4608x2128,ok
Banganpalli,Before Ripening,Banganpalli/Before Ripening/20260529_174407.jpg,20260529_174407.jpg,.jpg,2592469,4608x2128,ok
Banganpalli,Before Ripening,Banganpalli/Before Ripening/20260529_174416.jpg,20260529_174416.jpg,.jpg,2663343,4608x2128,ok
Banganpalli,Before Ripening,Banganpalli/Before Ripening/20260529_174418.jpg,20260529_174418.jpg,.jpg,2668765,4608x2128,ok
Banganpalli,Before Ripening,Banganpalli/Before Ripening/20260529_174419.jpg,20260529_174419.jpg,.jpg,2581084,4608x2128,ok
Banganpalli,Before Ripening,Banganpalli/Before Ripening/20260529_174421.jpg,20260529_174421.jpg,.jpg,2839766,4608x2128,ok
Banganpalli,Before Ripening,Banganpalli/Before Ripening/20260529_174452.jpg,20260529_174452.jpg,.jpg,2790026,4608x2128,ok
Banganpalli,Before Ripening,Banganpalli/Before Ripening/20260529_174454.jpg,20260529_174454.jpg,.jpg,2828905,4608x2128,ok
Banganpalli,Before Ripening,Banganpalli/Before Ripening/20260529_174501.jpg,20260529_174501.jpg,.jpg,2791002,4608x2128,ok
Banganpalli,Before Ripening,Banganpalli/Before Ripening/20260529_174503.jpg,20260529_174503.jpg,.jpg,2839384,4608x2128,ok
Banganpalli,Before Ripening,Banganpalli/Before Ripening/20260529_174526.jpg,20260529_174526.jpg,.jpg,2601271,4608x2128,ok
Banganpalli,Before Ripening,Banganpalli/Before Ripening/20260529_174528.jpg,20260529_174528.jpg,.jpg,2755268,4608x2128,ok
Banganpalli,Before Ripening,Banganpalli/Before Ripening/20260529_174531.jpg,20260529_174531.jpg,.jpg,2786774,4608x2128,ok
Banganpalli,Before Ripening,Banganpalli/Before Ripening/20260529_174537.jpg,20260529_174537.jpg,.jpg,2786175,4608x2128,ok
Banganpalli,Before Ripening,Banganpalli/Before Ripening/20260529_174539.jpg,20260529_174539.jpg,.jpg,2805122,4608x2128,ok
Banganpalli,Before Ripening,Banganpalli/Before Ripening/20260529_174603.jpg,20260529_174603.jpg,.jpg,2966916,4608x2128,ok
Banganpalli,Before Ripening,Banganpalli/Before Ripening/20260529_174606.jpg,20260529_174606.jpg,.jpg,2752191,4608x2128,ok
Banganpalli,Before Ripening,Banganpalli/Before Ripening/20260529_174608.jpg,20260529_174608.jpg,.jpg,2597514,4608x2128,ok
Banganpalli,Before Ripening,Banganpalli/Before Ripening/20260529_174615.jpg,20260529_174615.jpg,.jpg,2929058,4608x2128,ok
Banganpalli,Before Ripening,Banganpalli/Before Ripening/20260529_174617.jpg,20260529_174617.jpg,.jpg,3057800,4608x2128,ok
Banganpalli,Before Ripening,Banganpalli/Before Ripening/20260529_174619.jpg,20260529_174619.jpg,.jpg,2870376,4608x2128,ok
Banganpalli,Before Ripening,Banganpalli/Before Ripening/20260529_174652.jpg,20260529_174652.jpg,.jpg,3269422,4608x2128,ok
Banganpalli,Before Ripening,Banganpalli/Before Ripening/20260529_174654.jpg,20260529_174654.jpg,.jpg,2704517,4608x2128,ok
Banganpalli,Before Ripening,Banganpalli/Before Ripening/20260529_174701.jpg,20260529_174701.jpg,.jpg,3188884,4608x2128,ok
Banganpalli,Before Ripening,Banganpalli/Before Ripening/20260529_174702.jpg,20260529_174702.jpg,.jpg,3078312,4608x2128,ok
Banganpalli,Before Ripening,Banganpalli/Before Ripening/20260529_174705.jpg,20260529_174705.jpg,.jpg,2991845,4608x2128,ok
Banganpalli,Before Ripening,Banganpalli/Before Ripening/20260529_174719.jpg,20260529_174719.jpg,.jpg,2836602,4608x2128,ok
Banganpalli,Before Ripening,Banganpalli/Before Ripening/20260529_174722.jpg,20260529_174722.jpg,.jpg,2778778,4608x2128,ok
Banganpalli,Before Ripening,Banganpalli/Before Ripening/20260529_174727.jpg,20260529_174727.jpg,.jpg,3339069,4608x2128,ok
Banganpalli,Before Ripening,Banganpalli/Before Ripening/20260529_174729.jpg,20260529_174729.jpg,.jpg,3253932,4608x2128,ok
Banganpalli,Before Ripening,Banganpalli/Before Ripening/20260529_174744.jpg,20260529_174744.jpg,.jpg,2929914,4608x2128,ok
Banganpalli,Before Ripening,Banganpalli/Before Ripening/20260529_174746.jpg,20260529_174746.jpg,.jpg,3195375,4608x2128,ok
Banganpalli,Before Ripening,Banganpalli/Before Ripening/20260529_174751.jpg,20260529_174751.jpg,.jpg,3319385,4608x2128,ok
Banganpalli,Before Ripening,Banganpalli/Before Ripening/20260529_174754.jpg,20260529_174754.jpg,.jpg,2765341,4608x2128,ok
Banganpalli,Before Ripening,Banganpalli/Before Ripening/20260529_174812.jpg,20260529_174812.jpg,.jpg,2868872,4608x2128,ok
Banganpalli,Before Ripening,Banganpalli/Before Ripening/20260529_174820.jpg,20260529_174820.jpg,.jpg,3326186,4608x2128,ok
Banganpalli,Before Ripening,Banganpalli/Before Ripening/20260529_174822.jpg,20260529_174822.jpg,.jpg,2901239,4608x2128,ok
Banganpalli,Before Ripening,Banganpalli/Before Ripening/20260529_174827.jpg,20260529_174827.jpg,.jpg,3030716,4608x2128,ok
Banganpalli,Before Ripening,Banganpalli/Before Ripening/20260529_174829.jpg,20260529_174829.jpg,.jpg,2729494,4608x2128,ok
Banganpalli,Before Ripening,Banganpalli/Before Ripening/20260529_174852.jpg,20260529_174852.jpg,.jpg,2675966,4608x2128,ok
Banganpalli,Before Ripening,Banganpalli/Before Ripening/20260529_174855.jpg,20260529_174855.jpg,.jpg,2751739,4608x2128,ok
Banganpalli,Before Ripening,Banganpalli/Before Ripening/20260529_174857.jpg,20260529_174857.jpg,.jpg,2809639,4608x2128,ok
Banganpalli,Before Ripening,Banganpalli/Before Ripening/20260529_174903.jpg,20260529_174903.jpg,.jpg,2675493,4608x2128,ok
Banganpalli,Before Ripening,Banganpalli/Before Ripening/20260529_174905.jpg,20260529_174905.jpg,.jpg,2798861,4608x2128,ok
Banganpalli,Before Ripening,Banganpalli/Before Ripening/20260529_174907.jpg,20260529_174907.jpg,.jpg,2822304,4608x2128,ok
Banganpalli,Before Ripening,Banganpalli/Before Ripening/20260529_174909.jpg,20260529_174909.jpg,.jpg,2752957,4608x2128,ok
Banganpalli,Before Ripening,Banganpalli/Before Ripening/20260529_174911.jpg,20260529_174911.jpg,.jpg,3271220,4608x2128,ok
Banganpalli,Before Ripening,Banganpalli/Before Ripening/20260529_174916.jpg,20260529_174916.jpg,.jpg,2575324,4608x2128,ok
Banganpalli,Before Ripening,Banganpalli/Before Ripening/20260529_174945.jpg,20260529_174945.jpg,.jpg,2770918,4608x2128,ok
Banganpalli,Before Ripening,Banganpalli/Before Ripening/20260529_174953.jpg,20260529_174953.jpg,.jpg,2896063,4608x2128,ok
Banganpalli,Before Ripening,Banganpalli/Before Ripening/20260529_174955.jpg,20260529_174955.jpg,.jpg,2650083,4608x2128,ok
Banganpalli,Before Ripening,Banganpalli/Before Ripening/20260609_51332pmByGPSMapCamera.jpg,20260609_51332pmByGPSMapCamera.jpg,.jpg,5811525,3456x4608,ok
Banganpalli,Before Ripening,Banganpalli/Before Ripening/20260609_51352pmByGPSMapCamera.jpg,20260609_51352pmByGPSMapCamera.jpg,.jpg,5832838,3456x4608,ok
Banganpalli,Before Ripening,Banganpalli/Before Ripening/20260609_51354pmByGPSMapCamera.jpg,20260609_51354pmByGPSMapCamera.jpg,.jpg,5540362,3456x4608,ok
Banganpalli,Before Ripening,Banganpalli/Before Ripening/20260610_52039pmByGPSMapCamera.jpg,20260610_52039pmByGPSMapCamera.jpg,.jpg,8898842,3456x4608,ok
Banganpalli,Before Ripening,Banganpalli/Before Ripening/20260610_52042pmByGPSMapCamera.jpg,20260610_52042pmByGPSMapCamera.jpg,.jpg,8749463,3456x4608,ok
Banganpalli,Before Ripening,Banganpalli/Before Ripening/20260610_52044pmByGPSMapCamera.jpg,20260610_52044pmByGPSMapCamera.jpg,.jpg,8917568,3456x4608,ok
Banganpalli,Before Ripening,Banganpalli/Before Ripening/20260610_52453pmByGPSMapCamera.jpg,20260610_52453pmByGPSMapCamera.jpg,.jpg,8195877,3456x4608,ok
Banganpalli,Before Ripening,Banganpalli/Before Ripening/20260610_52455pmByGPSMapCamera.jpg,20260610_52455pmByGPSMapCamera.jpg,.jpg,8714461,3456x4608,ok
Banganpalli,Before Ripening,Banganpalli/Before Ripening/20260610_60955pmByGPSMapCamera.jpg,20260610_60955pmByGPSMapCamera.jpg,.jpg,8823664,3456x4608,ok
Banganpalli,Before Ripening,Banganpalli/Before Ripening/20260610_60958pmByGPSMapCamera.jpg,20260610_60958pmByGPSMapCamera.jpg,.jpg,8488442,3456x4608,ok
Banganpalli,Before Ripening,Banganpalli/Before Ripening/20260610_61013pmByGPSMapCamera.jpg,20260610_61013pmByGPSMapCamera.jpg,.jpg,7421454,3456x4608,ok
Banganpalli,Before Ripening,Banganpalli/Before Ripening/20260610_61015pmByGPSMapCamera.jpg,20260610_61015pmByGPSMapCamera.jpg,.jpg,7296649,3456x4608,ok
Banganpalli,Before Ripening,Banganpalli/Before Ripening/20260610_61051pmByGPSMapCamera.jpg,20260610_61051pmByGPSMapCamera.jpg,.jpg,7380687,3456x4608,ok
Banganpalli,Before Ripening,Banganpalli/Before Ripening/20260610_61054pmByGPSMapCamera.jpg,20260610_61054pmByGPSMapCamera.jpg,.jpg,7275838,3456x4608,ok
Banganpalli,Before Ripening,Banganpalli/Before Ripening/20260610_61107pmByGPSMapCamera.jpg,20260610_61107pmByGPSMapCamera.jpg,.jpg,7768570,3456x4608,ok
Banganpalli,Before Ripening,Banganpalli/Before Ripening/20260610_61110pmByGPSMapCamera.jpg,20260610_61110pmByGPSMapCamera.jpg,.jpg,7617639,3456x4608,ok
Banganpalli,Before Ripening,Banganpalli/Before Ripening/20260610_61119pmByGPSMapCamera.jpg,20260610_61119pmByGPSMapCamera.jpg,.jpg,8280103,3456x4608,ok
Banganpalli,Before Ripening,Banganpalli/Before Ripening/20260610_61125pmByGPSMapCamera.jpg,20260610_61125pmByGPSMapCamera.jpg,.jpg,7771117,3456x4608,ok
Banganpalli,Before Ripening,Banganpalli/Before Ripening/20260610_61127pmByGPSMapCamera.jpg,20260610_61127pmByGPSMapCamera.jpg,.jpg,7961766,3456x4608,ok
Banganpalli,Before Ripening,Banganpalli/Before Ripening/20260610_61133pmByGPSMapCamera.jpg,20260610_61133pmByGPSMapCamera.jpg,.jpg,8072479,3456x4608,ok
Banganpalli,Before Ripening,Banganpalli/Before Ripening/20260610_61149pmByGPSMapCamera.jpg,20260610_61149pmByGPSMapCamera.jpg,.jpg,9056284,3456x4608,ok
Banganpalli,Before Ripening,Banganpalli/Before Ripening/20260610_61153pmByGPSMapCamera.jpg,20260610_61153pmByGPSMapCamera.jpg,.jpg,9295360,3456x4608,ok
Banganpalli,Before Ripening,Banganpalli/Before Ripening/20260610_61154pmByGPSMapCamera.jpg,20260610_61154pmByGPSMapCamera.jpg,.jpg,9241755,3456x4608,ok
Banganpalli,Before Ripening,Banganpalli/Before Ripening/20260610_61201pmByGPSMapCamera.jpg,20260610_61201pmByGPSMapCamera.jpg,.jpg,8144138,3456x4608,ok
Banganpalli,Before Ripening,Banganpalli/Before Ripening/20260610_61232pmByGPSMapCamera.jpg,20260610_61232pmByGPSMapCamera.jpg,.jpg,8923457,3456x4608,ok
Banganpalli,Before Ripening,Banganpalli/Before Ripening/20260610_61237pmByGPSMapCamera.jpg,20260610_61237pmByGPSMapCamera.jpg,.jpg,8894807,3456x4608,ok
Banganpalli,Before Ripening,Banganpalli/Before Ripening/20260610_61240pmByGPSMapCamera.jpg,20260610_61240pmByGPSMapCamera.jpg,.jpg,9587594,3456x4608,ok
Banganpalli,Before Ripening,Banganpalli/Before Ripening/20260610_61243pmByGPSMapCamera.jpg,20260610_61243pmByGPSMapCamera.jpg,.jpg,8940951,3456x4608,ok
Banganpalli,Before Ripening,Banganpalli/Before Ripening/20260610_61306pmByGPSMapCamera.jpg,20260610_61306pmByGPSMapCamera.jpg,.jpg,8480568,3456x4608,ok
Banganpalli,Before Ripening,Banganpalli/Before Ripening/20260610_61309pmByGPSMapCamera.jpg,20260610_61309pmByGPSMapCamera.jpg,.jpg,9461285,3456x4608,ok
Banganpalli,Before Ripening,Banganpalli/Before Ripening/20260610_61314pmByGPSMapCamera.jpg,20260610_61314pmByGPSMapCamera.jpg,.jpg,9289176,3456x4608,ok
Banganpalli,Before Ripening,Banganpalli/Before Ripening/20260610_61322pmByGPSMapCamera.jpg,20260610_61322pmByGPSMapCamera.jpg,.jpg,7961952,3456x4608,ok
Banganpalli,Before Ripening,Banganpalli/Before Ripening/20260610_61341pmByGPSMapCamera.jpg,20260610_61341pmByGPSMapCamera.jpg,.jpg,8246529,3456x4608,ok
Banganpalli,Before Ripening,Banganpalli/Before Ripening/20260610_61841pmByGPSMapCamera.jpg,20260610_61841pmByGPSMapCamera.jpg,.jpg,7147031,3456x4608,ok
Banganpalli,Before Ripening,Banganpalli/Before Ripening/20260610_61847pmByGPSMapCamera.jpg,20260610_61847pmByGPSMapCamera.jpg,.jpg,7069147,3456x4608,ok
Banganpalli,Before Ripening,Banganpalli/Before Ripening/20260610_61919pmByGPSMapCamera.jpg,20260610_61919pmByGPSMapCamera.jpg,.jpg,4985734,3456x4608,ok
Banganpalli,Before Ripening,Banganpalli/Before Ripening/20260610_61934pmByGPSMapCamera.jpg,20260610_61934pmByGPSMapCamera.jpg,.jpg,6636011,3456x4608,ok
Banganpalli,Before Ripening,Banganpalli/Before Ripening/20260610_61938pmByGPSMapCamera.jpg,20260610_61938pmByGPSMapCamera.jpg,.jpg,6308178,3456x4608,ok
Banganpalli,Before Ripening,Banganpalli/Before Ripening/20260610_61952pmByGPSMapCamera.jpg,20260610_61952pmByGPSMapCamera.jpg,.jpg,5859494,3456x4608,ok
Banganpalli,Before Ripening,Banganpalli/Before Ripening/20260610_62001pmByGPSMapCamera.jpg,20260610_62001pmByGPSMapCamera.jpg,.jpg,5546776,3456x4608,ok
Banganpalli,Before Ripening,Banganpalli/Before Ripening/20260610_62016pmByGPSMapCamera.jpg,20260610_62016pmByGPSMapCamera.jpg,.jpg,6098834,3456x4608,ok
Banganpalli,Before Ripening,Banganpalli/Before Ripening/20260610_62025pmByGPSMapCamera.jpg,20260610_62025pmByGPSMapCamera.jpg,.jpg,5423169,3456x4608,ok
Banganpalli,Before Ripening,Banganpalli/Before Ripening/20260610_62041pmByGPSMapCamera.jpg,20260610_62041pmByGPSMapCamera.jpg,.jpg,5588115,3456x4608,ok
Banganpalli,Before Ripening,Banganpalli/Before Ripening/20260610_62044pmByGPSMapCamera.jpg,20260610_62044pmByGPSMapCamera.jpg,.jpg,5630250,3456x4608,ok
Banganpalli,Before Ripening,Banganpalli/Before Ripening/20260610_62046pmByGPSMapCamera.jpg,20260610_62046pmByGPSMapCamera.jpg,.jpg,5890211,3456x4608,ok
Banganpalli,Before Ripening,Banganpalli/Before Ripening/20260610_62108pmByGPSMapCamera.jpg,20260610_62108pmByGPSMapCamera.jpg,.jpg,6209985,3456x4608,ok
Banganpalli,Before Ripening,Banganpalli/Before Ripening/20260610_62111pmByGPSMapCamera.jpg,20260610_62111pmByGPSMapCamera.jpg,.jpg,5574461,3456x4608,ok
Banganpalli,Before Ripening,Banganpalli/Before Ripening/20260610_62114pmByGPSMapCamera.jpg,20260610_62114pmByGPSMapCamera.jpg,.jpg,6113224,3456x4608,ok
Banganpalli,Before Ripening,Banganpalli/Before Ripening/20260610_62118pmByGPSMapCamera.jpg,20260610_62118pmByGPSMapCamera.jpg,.jpg,6302196,3456x4608,ok
Banganpalli,Before Ripening,Banganpalli/Before Ripening/20260612_45643pmByGPSMapCamera.jpg,20260612_45643pmByGPSMapCamera.jpg,.jpg,6105469,3456x4608,ok
Banganpalli,Before Ripening,Banganpalli/Before Ripening/20260612_45646pmByGPSMapCamera.jpg,20260612_45646pmByGPSMapCamera.jpg,.jpg,5881226,3456x4608,ok
Banganpalli,Before Ripening,Banganpalli/Before Ripening/20260612_45648pmByGPSMapCamera.jpg,20260612_45648pmByGPSMapCamera.jpg,.jpg,6259825,3456x4608,ok
Banganpalli,Before Ripening,Banganpalli/Before Ripening/20260612_45653pmByGPSMapCamera.jpg,20260612_45653pmByGPSMapCamera.jpg,.jpg,6126398,3456x4608,ok
Banganpalli,Before Ripening,Banganpalli/Before Ripening/20260612_45659pmByGPSMapCamera.jpg,20260612_45659pmByGPSMapCamera.jpg,.jpg,6178208,3456x4608,ok
Banganpalli,Before Ripening,Banganpalli/Before Ripening/20260612_45707pmByGPSMapCamera.jpg,20260612_45707pmByGPSMapCamera.jpg,.jpg,6321884,3456x4608,ok
Banganpalli,Before Ripening,Banganpalli/Before Ripening/20260612_45712pmByGPSMapCamera.jpg,20260612_45712pmByGPSMapCamera.jpg,.jpg,6511811,3456x4608,ok
Banganpalli,Before Ripening,Banganpalli/Before Ripening/20260612_50406pmByGPSMapCamera.jpg,20260612_50406pmByGPSMapCamera.jpg,.jpg,9848932,3456x4608,ok
Banganpalli,Before Ripening,Banganpalli/Before Ripening/20260612_50407pmByGPSMapCamera.jpg,20260612_50407pmByGPSMapCamera.jpg,.jpg,9891539,3456x4608,ok
Banganpalli,Before Ripening,Banganpalli/Before Ripening/20260612_50513pmByGPSMapCamera.jpg,20260612_50513pmByGPSMapCamera.jpg,.jpg,6353180,3456x4608,ok
Banganpalli,Before Ripening,Banganpalli/Before Ripening/20260612_51207pmByGPSMapCamera.jpg,20260612_51207pmByGPSMapCamera.jpg,.jpg,8785593,3456x4608,ok
Banganpalli,Before Ripening,Banganpalli/Before Ripening/20260612_51217pmByGPSMapCamera.jpg,20260612_51217pmByGPSMapCamera.jpg,.jpg,9739683,3456x4608,ok
Banganpalli,Before Ripening,Banganpalli/Before Ripening/20260612_51221pmByGPSMapCamera.jpg,20260612_51221pmByGPSMapCamera.jpg,.jpg,9906938,3456x4608,ok
Banganpalli,Before Ripening,Banganpalli/Before Ripening/20260612_51225pmByGPSMapCamera.jpg,20260612_51225pmByGPSMapCamera.jpg,.jpg,9913068,3456x4608,ok
Banganpalli,Before Ripening,Banganpalli/Before Ripening/20260612_51249pmByGPSMapCamera.jpg,20260612_51249pmByGPSMapCamera.jpg,.jpg,6109042,3456x4608,ok
Banganpalli,Before Ripening,Banganpalli/Before Ripening/20260612_51252pmByGPSMapCamera.jpg,20260612_51252pmByGPSMapCamera.jpg,.jpg,6028686,3456x4608,ok
Banganpalli,Before Ripening,Banganpalli/Before Ripening/20260612_51254pmByGPSMapCamera.jpg,20260612_51254pmByGPSMapCamera.jpg,.jpg,5866867,3456x4608,ok
Banganpalli,Before Ripening,Banganpalli/Before Ripening/20260612_51255pmByGPSMapCamera.jpg,20260612_51255pmByGPSMapCamera.jpg,.jpg,5896568,3456x4608,ok
Banganpalli,Before Ripening,Banganpalli/Before Ripening/20260612_51259pmByGPSMapCamera.jpg,20260612_51259pmByGPSMapCamera.jpg,.jpg,6063854,3456x4608,ok
Banganpalli,Before Ripening,Banganpalli/Before Ripening/20260612_51301pmByGPSMapCamera.jpg,20260612_51301pmByGPSMapCamera.jpg,.jpg,6060367,3456x4608,ok
Banganpalli,Before Ripening,Banganpalli/Before Ripening/APL.jpg,APL.jpg,.jpg,2393710,4608x2128,ok
Banganpalli,Before Ripening,Banganpalli/Before Ripening/APL1.jpg,APL1.jpg,.jpg,3009466,4608x2128,ok
Banganpalli,Before Ripening,Banganpalli/Before Ripening/GMC10062026_181316.jpg,GMC10062026_181316.jpg,.jpg,455680,4608x3456,ok
Banganpalli,Before Ripening,Banganpalli/Before Ripening/GMC10062026_181336.jpg,GMC10062026_181336.jpg,.jpg,689152,4608x3456,ok
Banganpalli,Before Ripening,Banganpalli/Before Ripening/GMC10062026_181337.jpg,GMC10062026_181337.jpg,.jpg,50176,4608x3456,ok
Banganpalli,Before Ripening,Banganpalli/Before Ripening/GMC12062026_165722.jpg,GMC12062026_165722.jpg,.jpg,672768,4608x3456,ok
Banganpalli,Before Ripening,Banganpalli/Before Ripening/GMC12062026_170435.jpg,GMC12062026_170435.jpg,.jpg,992256,4608x3456,ok
Banganpalli,Before Ripening,Banganpalli/Before Ripening/GMC12062026_170436.jpg,GMC12062026_170436.jpg,.jpg,156672,4608x3456,ok
Banganpalli,Before Ripening,Banganpalli/Before Ripening/GMC12062026_170509.jpg,GMC12062026_170509.jpg,.jpg,279552,4608x3456,ok
Banganpalli,Before Ripening,Banganpalli/Before Ripening/GMC12062026_171152.jpg,GMC12062026_171152.jpg,.jpg,238592,4608x3456,ok
Banganpalli,Before Ripening,Banganpalli/Before Ripening/GMC12062026_171157.jpg,GMC12062026_171157.jpg,.jpg,8401920,4608x3456,ok
Banganpalli,Before Ripening,Banganpalli/Before Ripening/IMG-20230509-WA0002.jpg,IMG-20230509-WA0002.jpg,.jpg,330757,1600x1200,ok
Banganpalli,Before Ripening,Banganpalli/Before Ripening/IMG-20230509-WA0005.jpg,IMG-20230509-WA0005.jpg,.jpg,262250,1200x1600,ok
Banganpalli,Before Ripening,Banganpalli/Before Ripening/IMG-20230509-WA0006.jpg,IMG-20230509-WA0006.jpg,.jpg,282236,1200x1600,ok
Banganpalli,Before Ripening,Banganpalli/Before Ripening/IMG-20230509-WA0007.jpg,IMG-20230509-WA0007.jpg,.jpg,243539,1200x1600,ok
Banganpalli,Before Ripening,Banganpalli/Before Ripening/IMG-20230509-WA0008.jpg,IMG-20230509-WA0008.jpg,.jpg,75675,516x481,ok
Banganpalli,Before Ripening,Banganpalli/Before Ripening/IMG-20230509-WA0009.jpg,IMG-20230509-WA0009.jpg,.jpg,528740,1200x1600,ok
Banganpalli,Before Ripening,Banganpalli/Before Ripening/IMG-20230509-WA0010.jpg,IMG-20230509-WA0010.jpg,.jpg,350987,1600x1200,ok
Banganpalli,Before Ripening,Banganpalli/Before Ripening/IMG-20230509-WA0012.jpg,IMG-20230509-WA0012.jpg,.jpg,307398,1200x1127,ok
Banganpalli,Before Ripening,Banganpalli/Before Ripening/IMG-20230509-WA0020.jpg,IMG-20230509-WA0020.jpg,.jpg,543530,1200x1600,ok
Banganpalli,Before Ripening,Banganpalli/Before Ripening/IMG-20230509-WA0049.jpg,IMG-20230509-WA0049.jpg,.jpg,345966,1200x1600,ok
Banganpalli,Before Ripening,Banganpalli/Before Ripening/IMG-20230509-WA0050.jpg,IMG-20230509-WA0050.jpg,.jpg,523238,1200x1600,ok
Banganpalli,Before Ripening,Banganpalli/Before Ripening/IMG-20230509-WA0051.jpg,IMG-20230509-WA0051.jpg,.jpg,194319,537x1019,ok
Banganpalli,Before Ripening,Banganpalli/Before Ripening/IMG-20230509-WA0054.jpg,IMG-20230509-WA0054.jpg,.jpg,155266,614x1005,ok
Banganpalli,Before Ripening,Banganpalli/Before Ripening/WhatsApp Image 2025-06-08 at 12.17.17 PM.jpeg,WhatsApp Image 2025-06-08 at 12.17.17 PM.jpeg,.jpeg,42263,633x424,ok
Banganpalli,Before Ripening,Banganpalli/Before Ripening/WhatsApp Image 2025-09-03 at 1.02.43 AM.jpeg,WhatsApp Image 2025-09-03 at 1.02.43 AM.jpeg,.jpeg,183874,1504x3264,ok
Banganpalli,Before Ripening,Banganpalli/Before Ripening/WhatsApp Image 2025-09-03 at 1.04.36 AM.jpeg,WhatsApp Image 2025-09-03 at 1.04.36 AM.jpeg,.jpeg,53090,589x1280,ok
Banganpalli,Before Ripening,Banganpalli/Before Ripening/WhatsApp Image 2025-09-03 at 1.04.37 AM.jpeg,WhatsApp Image 2025-09-03 at 1.04.37 AM.jpeg,.jpeg,55490,589x1280,ok
Banganpalli,Before Ripening,Banganpalli/Before Ripening/WhatsApp Image 2025-09-03 at 1.04.38 AM.jpeg,WhatsApp Image 2025-09-03 at 1.04.38 AM.jpeg,.jpeg,58225,589x1280,ok
Banganpalli,Before Ripening,Banganpalli/Before Ripening/WhatsApp Image 2025-09-03 at 1.14.50 AM (1).jpeg,WhatsApp Image 2025-09-03 at 1.14.50 AM (1).jpeg,.jpeg,104075,720x1280,ok
Banganpalli,Before Ripening,Banganpalli/Before Ripening/WhatsApp Image 2025-09-03 at 1.14.50 AM (2).jpeg,WhatsApp Image 2025-09-03 at 1.14.50 AM (2).jpeg,.jpeg,79653,720x1280,ok
Dashehari,After ripening,Dashehari/After ripening/20250506_232158.jpg,20250506_232158.jpg,.jpg,1899991,4608x2128,ok
Dashehari,After ripening,Dashehari/After ripening/20250506_232209.jpg,20250506_232209.jpg,.jpg,2014424,4608x2128,ok
Dashehari,After ripening,Dashehari/After ripening/20250506_232244.jpg,20250506_232244.jpg,.jpg,2047882,4608x2128,ok
Dashehari,After ripening,Dashehari/After ripening/20250506_232326.jpg,20250506_232326.jpg,.jpg,2646264,4608x2128,ok
Dashehari,After ripening,Dashehari/After ripening/20250506_232541.jpg,20250506_232541.jpg,.jpg,1953026,4608x2128,ok
Dashehari,After ripening,Dashehari/After ripening/20250506_232543.jpg,20250506_232543.jpg,.jpg,2481730,4608x2128,ok
Dashehari,After ripening,Dashehari/After ripening/20250506_232545.jpg,20250506_232545.jpg,.jpg,2520363,4608x2128,ok
Dashehari,After ripening,Dashehari/After ripening/20250506_232547.jpg,20250506_232547.jpg,.jpg,2521075,4608x2128,ok
Dashehari,After ripening,Dashehari/After ripening/20250506_232548.jpg,20250506_232548.jpg,.jpg,2527423,4608x2128,ok
Dashehari,After ripening,Dashehari/After ripening/20250506_232550.jpg,20250506_232550.jpg,.jpg,2522892,4608x2128,ok
Dashehari,After ripening,Dashehari/After ripening/20250506_232551.jpg,20250506_232551.jpg,.jpg,2520213,4608x2128,ok
Dashehari,After ripening,Dashehari/After ripening/20250506_232553.jpg,20250506_232553.jpg,.jpg,2518486,4608x2128,ok
Dashehari,After ripening,Dashehari/After ripening/20250506_232555.jpg,20250506_232555.jpg,.jpg,2532398,4608x2128,ok
Dashehari,After ripening,Dashehari/After ripening/20250506_232556.jpg,20250506_232556.jpg,.jpg,2507558,4608x2128,ok
Dashehari,After ripening,Dashehari/After ripening/20250506_232558.jpg,20250506_232558.jpg,.jpg,2511900,4608x2128,ok
Dashehari,After ripening,Dashehari/After ripening/20250506_232559.jpg,20250506_232559.jpg,.jpg,3059975,4608x2128,ok
Dashehari,After ripening,Dashehari/After ripening/20250506_232601.jpg,20250506_232601.jpg,.jpg,2511851,4608x2128,ok
Dashehari,After ripening,Dashehari/After ripening/20250506_232627.jpg,20250506_232627.jpg,.jpg,2051057,4608x2128,ok
Dashehari,After ripening,Dashehari/After ripening/20250506_232630.jpg,20250506_232630.jpg,.jpg,2565834,4608x2128,ok
Dashehari,After ripening,Dashehari/After ripening/20250506_232632.jpg,20250506_232632.jpg,.jpg,2618746,4608x2128,ok
Dashehari,After ripening,Dashehari/After ripening/20250506_232633.jpg,20250506_232633.jpg,.jpg,2572793,4608x2128,ok
Dashehari,After ripening,Dashehari/After ripening/20250506_232635.jpg,20250506_232635.jpg,.jpg,2674241,4608x2128,ok
Dashehari,After ripening,Dashehari/After ripening/20250506_232637.jpg,20250506_232637.jpg,.jpg,2618339,4608x2128,ok
Dashehari,After ripening,Dashehari/After ripening/20250506_232638.jpg,20250506_232638.jpg,.jpg,2612767,4608x2128,ok
Dashehari,After ripening,Dashehari/After ripening/20250506_232640.jpg,20250506_232640.jpg,.jpg,2627005,4608x2128,ok
Dashehari,After ripening,Dashehari/After ripening/20250506_232641.jpg,20250506_232641.jpg,.jpg,2611305,4608x2128,ok
Dashehari,After ripening,Dashehari/After ripening/20250506_232643.jpg,20250506_232643.jpg,.jpg,2606942,4608x2128,ok
Dashehari,After ripening,Dashehari/After ripening/20250506_232645.jpg,20250506_232645.jpg,.jpg,2614418,4608x2128,ok
Dashehari,After ripening,Dashehari/After ripening/20250509_105238.jpg,20250509_105238.jpg,.jpg,2937214,4608x2128,ok
Dashehari,After ripening,Dashehari/After ripening/20250509_105241.jpg,20250509_105241.jpg,.jpg,2981222,4608x2128,ok
Dashehari,After ripening,Dashehari/After ripening/20250514_173328.jpg,20250514_173328.jpg,.jpg,2538892,4608x2128,ok
Dashehari,After ripening,Dashehari/After ripening/20250514_173330.jpg,20250514_173330.jpg,.jpg,2476910,4608x2128,ok
Dashehari,After ripening,Dashehari/After ripening/20250514_173331(0).jpg,20250514_173331(0).jpg,.jpg,2779684,4608x2128,ok
Dashehari,After ripening,Dashehari/After ripening/20250514_173331.jpg,20250514_173331.jpg,.jpg,2472856,4608x2128,ok
Dashehari,After ripening,Dashehari/After ripening/20250514_173332(0).jpg,20250514_173332(0).jpg,.jpg,2740508,4608x2128,ok
Dashehari,After ripening,Dashehari/After ripening/20250514_173332.jpg,20250514_173332.jpg,.jpg,2775252,4608x2128,ok
Dashehari,After ripening,Dashehari/After ripening/20250514_173333.jpg,20250514_173333.jpg,.jpg,2670750,4608x2128,ok
Dashehari,After ripening,Dashehari/After ripening/20250607_195754.jpg,20250607_195754.jpg,.jpg,965183,3456x1672,ok
Dashehari,After ripening,Dashehari/After ripening/20250607_195801.jpg,20250607_195801.jpg,.jpg,4630427,4608x3456,ok
Dashehari,After ripening,Dashehari/After ripening/20250607_195804.jpg,20250607_195804.jpg,.jpg,4424805,4608x3456,ok
Dashehari,After ripening,Dashehari/After ripening/20250607_195807.jpg,20250607_195807.jpg,.jpg,5388665,4608x3456,ok
Dashehari,After ripening,Dashehari/After ripening/20250607_195809.jpg,20250607_195809.jpg,.jpg,4649096,4608x3456,ok
Dashehari,After ripening,Dashehari/After ripening/20250607_195813.jpg,20250607_195813.jpg,.jpg,4691624,4608x3456,ok
Dashehari,After ripening,Dashehari/After ripening/20250607_195816.jpg,20250607_195816.jpg,.jpg,4635332,4608x3456,ok
Dashehari,After ripening,Dashehari/After ripening/20250607_195818.jpg,20250607_195818.jpg,.jpg,4497104,4608x3456,ok
Dashehari,After ripening,Dashehari/After ripening/20250607_195821.jpg,20250607_195821.jpg,.jpg,4539788,4608x3456,ok
Dashehari,After ripening,Dashehari/After ripening/20250607_195824.jpg,20250607_195824.jpg,.jpg,4569487,4608x3456,ok
Dashehari,After ripening,Dashehari/After ripening/20250607_195826.jpg,20250607_195826.jpg,.jpg,4538562,4608x3456,ok
Dashehari,After ripening,Dashehari/After ripening/20250607_195829.jpg,20250607_195829.jpg,.jpg,4653145,4608x3456,ok
Dashehari,After ripening,Dashehari/After ripening/20250607_195836.jpg,20250607_195836.jpg,.jpg,4684876,4608x3456,ok
Dashehari,After ripening,Dashehari/After ripening/20250607_195838.jpg,20250607_195838.jpg,.jpg,4754797,4608x3456,ok
Dashehari,After ripening,Dashehari/After ripening/20250607_195842.jpg,20250607_195842.jpg,.jpg,4744973,4608x3456,ok
Dashehari,After ripening,Dashehari/After ripening/20250607_195844.jpg,20250607_195844.jpg,.jpg,4755793,4608x3456,ok
Dashehari,After ripening,Dashehari/After ripening/20250607_195847.jpg,20250607_195847.jpg,.jpg,4887623,4608x3456,ok
Dashehari,After ripening,Dashehari/After ripening/20250607_195850.jpg,20250607_195850.jpg,.jpg,4732878,4608x3456,ok
Dashehari,After ripening,Dashehari/After ripening/20250607_195853.jpg,20250607_195853.jpg,.jpg,4722288,4608x3456,ok
Dashehari,After ripening,Dashehari/After ripening/20250607_195907.jpg,20250607_195907.jpg,.jpg,4126115,4608x3456,ok
Dashehari,After ripening,Dashehari/After ripening/20250607_195910.jpg,20250607_195910.jpg,.jpg,4141837,4608x3456,ok
Dashehari,After ripening,Dashehari/After ripening/20250607_195913.jpg,20250607_195913.jpg,.jpg,4103737,4608x3456,ok
Dashehari,After ripening,Dashehari/After ripening/20250607_195915.jpg,20250607_195915.jpg,.jpg,4131826,4608x3456,ok
Dashehari,After ripening,Dashehari/After ripening/20250607_195917.jpg,20250607_195917.jpg,.jpg,4149406,4608x3456,ok
Dashehari,After ripening,Dashehari/After ripening/20250607_195919.jpg,20250607_195919.jpg,.jpg,4155877,4608x3456,ok
Dashehari,After ripening,Dashehari/After ripening/20250607_195921.jpg,20250607_195921.jpg,.jpg,4148154,4608x3456,ok
Dashehari,After ripening,Dashehari/After ripening/20250607_195924.jpg,20250607_195924.jpg,.jpg,4146373,4608x3456,ok
Dashehari,After ripening,Dashehari/After ripening/20250607_195938.jpg,20250607_195938.jpg,.jpg,4731482,4608x3456,ok
Dashehari,After ripening,Dashehari/After ripening/20250607_195942.jpg,20250607_195942.jpg,.jpg,4692988,4608x3456,ok
Dashehari,After ripening,Dashehari/After ripening/20250607_195944.jpg,20250607_195944.jpg,.jpg,4760990,4608x3456,ok
Dashehari,After ripening,Dashehari/After ripening/20250607_195946.jpg,20250607_195946.jpg,.jpg,4764993,4608x3456,ok
Dashehari,After ripening,Dashehari/After ripening/20250607_195948.jpg,20250607_195948.jpg,.jpg,4715866,4608x3456,ok
Dashehari,After ripening,Dashehari/After ripening/20260501_002244.jpg,20260501_002244.jpg,.jpg,2579802,4608x2128,ok
Dashehari,After ripening,Dashehari/After ripening/20260501_002246.jpg,20260501_002246.jpg,.jpg,2594926,4608x2128,ok
Dashehari,After ripening,Dashehari/After ripening/20260501_002250.jpg,20260501_002250.jpg,.jpg,2583787,4608x2128,ok
Dashehari,After ripening,Dashehari/After ripening/20260501_002252.jpg,20260501_002252.jpg,.jpg,2593495,4608x2128,ok
Dashehari,After ripening,Dashehari/After ripening/20260501_002319.jpg,20260501_002319.jpg,.jpg,2503082,4608x2128,ok
Dashehari,After ripening,Dashehari/After ripening/20260501_002321.jpg,20260501_002321.jpg,.jpg,2568550,4608x2128,ok
Dashehari,After ripening,Dashehari/After ripening/20260501_002323.jpg,20260501_002323.jpg,.jpg,2542473,4608x2128,ok
Dashehari,After ripening,Dashehari/After ripening/20260501_002326.jpg,20260501_002326.jpg,.jpg,2519407,4608x2128,ok
Dashehari,After ripening,Dashehari/After ripening/20260501_002352.jpg,20260501_002352.jpg,.jpg,2568776,4608x2128,ok
Dashehari,After ripening,Dashehari/After ripening/20260501_002355.jpg,20260501_002355.jpg,.jpg,2534026,4608x2128,ok
Dashehari,After ripening,Dashehari/After ripening/20260501_002357.jpg,20260501_002357.jpg,.jpg,2554217,4608x2128,ok
Dashehari,After ripening,Dashehari/After ripening/20260501_002359.jpg,20260501_002359.jpg,.jpg,2524603,4608x2128,ok
Dashehari,After ripening,Dashehari/After ripening/20260501_002417.jpg,20260501_002417.jpg,.jpg,2515019,4608x2128,ok
Dashehari,After ripening,Dashehari/After ripening/20260501_002421.jpg,20260501_002421.jpg,.jpg,2557306,4608x2128,ok
Dashehari,After ripening,Dashehari/After ripening/20260501_002422.jpg,20260501_002422.jpg,.jpg,2534032,4608x2128,ok
Dashehari,After ripening,Dashehari/After ripening/20260501_002425.jpg,20260501_002425.jpg,.jpg,2540551,4608x2128,ok
Dashehari,After ripening,Dashehari/After ripening/20260501_002427.jpg,20260501_002427.jpg,.jpg,2564841,4608x2128,ok
Dashehari,After ripening,Dashehari/After ripening/20260501_002442.jpg,20260501_002442.jpg,.jpg,2529619,4608x2128,ok
Dashehari,After ripening,Dashehari/After ripening/20260501_002443.jpg,20260501_002443.jpg,.jpg,2520008,4608x2128,ok
Dashehari,After ripening,Dashehari/After ripening/20260501_002446.jpg,20260501_002446.jpg,.jpg,2554925,4608x2128,ok
Dashehari,After ripening,Dashehari/After ripening/20260501_002456.jpg,20260501_002456.jpg,.jpg,2560528,4608x2128,ok
Dashehari,After ripening,Dashehari/After ripening/20260501_002459.jpg,20260501_002459.jpg,.jpg,2555131,4608x2128,ok
Dashehari,After ripening,Dashehari/After ripening/20260501_003048.jpg,20260501_003048.jpg,.jpg,2564457,4608x2128,ok
Dashehari,After ripening,Dashehari/After ripening/20260501_003056.jpg,20260501_003056.jpg,.jpg,2567496,4608x2128,ok
Dashehari,After ripening,Dashehari/After ripening/20260501_003058.jpg,20260501_003058.jpg,.jpg,2561173,4608x2128,ok
Dashehari,After ripening,Dashehari/After ripening/20260501_003100.jpg,20260501_003100.jpg,.jpg,2599694,4608x2128,ok
Dashehari,After ripening,Dashehari/After ripening/20260501_003106.jpg,20260501_003106.jpg,.jpg,2558034,4608x2128,ok
Dashehari,After ripening,Dashehari/After ripening/20260501_003108.jpg,20260501_003108.jpg,.jpg,2571079,4608x2128,ok
Dashehari,After ripening,Dashehari/After ripening/20260501_003121.jpg,20260501_003121.jpg,.jpg,2691367,4608x2128,ok
Dashehari,After ripening,Dashehari/After ripening/20260501_003123.jpg,20260501_003123.jpg,.jpg,2650736,4608x2128,ok
Dashehari,After ripening,Dashehari/After ripening/20260501_003125.jpg,20260501_003125.jpg,.jpg,2696806,4608x2128,ok
Dashehari,After ripening,Dashehari/After ripening/20260501_003134.jpg,20260501_003134.jpg,.jpg,2583599,4608x2128,ok
Dashehari,After ripening,Dashehari/After ripening/20260501_003135.jpg,20260501_003135.jpg,.jpg,2607925,4608x2128,ok
Dashehari,After ripening,Dashehari/After ripening/20260501_003137.jpg,20260501_003137.jpg,.jpg,2662069,4608x2128,ok
Dashehari,After ripening,Dashehari/After ripening/20260501_003144.jpg,20260501_003144.jpg,.jpg,2524808,4608x2128,ok
Dashehari,After ripening,Dashehari/After ripening/20260501_003145.jpg,20260501_003145.jpg,.jpg,2555893,4608x2128,ok
Dashehari,After ripening,Dashehari/After ripening/20260501_003147.jpg,20260501_003147.jpg,.jpg,2624449,4608x2128,ok
Dashehari,After ripening,Dashehari/After ripening/20260501_003156.jpg,20260501_003156.jpg,.jpg,2537821,4608x2128,ok
Dashehari,After ripening,Dashehari/After ripening/20260501_003158.jpg,20260501_003158.jpg,.jpg,2550706,4608x2128,ok
Dashehari,After ripening,Dashehari/After ripening/20260501_003215.jpg,20260501_003215.jpg,.jpg,2524221,4608x2128,ok
Dashehari,After ripening,Dashehari/After ripening/20260501_003217.jpg,20260501_003217.jpg,.jpg,2652797,4608x2128,ok
Dashehari,After ripening,Dashehari/After ripening/20260501_003219.jpg,20260501_003219.jpg,.jpg,2620635,4608x2128,ok
Dashehari,After ripening,Dashehari/After ripening/20260501_003220.jpg,20260501_003220.jpg,.jpg,2640810,4608x2128,ok
Dashehari,After ripening,Dashehari/After ripening/20260501_003222.jpg,20260501_003222.jpg,.jpg,2624699,4608x2128,ok
Dashehari,After ripening,Dashehari/After ripening/20260501_003231.jpg,20260501_003231.jpg,.jpg,2514835,4608x2128,ok
Dashehari,After ripening,Dashehari/After ripening/20260501_003233.jpg,20260501_003233.jpg,.jpg,2525771,4608x2128,ok
Dashehari,After ripening,Dashehari/After ripening/20260501_003235.jpg,20260501_003235.jpg,.jpg,2548697,4608x2128,ok
Dashehari,After ripening,Dashehari/After ripening/20260501_003237.jpg,20260501_003237.jpg,.jpg,2537999,4608x2128,ok
Dashehari,After ripening,Dashehari/After ripening/20260501_003240.jpg,20260501_003240.jpg,.jpg,2518551,4608x2128,ok
Dashehari,After ripening,Dashehari/After ripening/20260501_003245.jpg,20260501_003245.jpg,.jpg,2555741,4608x2128,ok
Dashehari,After ripening,Dashehari/After ripening/20260501_003252.jpg,20260501_003252.jpg,.jpg,2563789,4608x2128,ok
Dashehari,After ripening,Dashehari/After ripening/20260501_003256.jpg,20260501_003256.jpg,.jpg,2556892,4608x2128,ok
Dashehari,After ripening,Dashehari/After ripening/20260501_003305.jpg,20260501_003305.jpg,.jpg,2509594,4608x2128,ok
Dashehari,After ripening,Dashehari/After ripening/20260501_003307.jpg,20260501_003307.jpg,.jpg,2520881,4608x2128,ok
Dashehari,After ripening,Dashehari/After ripening/20260501_003308.jpg,20260501_003308.jpg,.jpg,2533761,4608x2128,ok
Dashehari,After ripening,Dashehari/After ripening/20260501_003310.jpg,20260501_003310.jpg,.jpg,2519223,4608x2128,ok
Dashehari,After ripening,Dashehari/After ripening/20260520_202136.jpg,20260520_202136.jpg,.jpg,2542802,4608x2128,ok
Dashehari,After ripening,Dashehari/After ripening/20260520_202138.jpg,20260520_202138.jpg,.jpg,2602563,4608x2128,ok
Dashehari,After ripening,Dashehari/After ripening/20260520_202139.jpg,20260520_202139.jpg,.jpg,2590339,4608x2128,ok
Dashehari,After ripening,Dashehari/After ripening/20260520_202149.jpg,20260520_202149.jpg,.jpg,2706222,4608x2128,ok
Dashehari,After ripening,Dashehari/After ripening/20260520_202151.jpg,20260520_202151.jpg,.jpg,2786299,4608x2128,ok
Dashehari,After ripening,Dashehari/After ripening/20260520_202153.jpg,20260520_202153.jpg,.jpg,2738373,4608x2128,ok
Dashehari,After ripening,Dashehari/After ripening/20260520_202203.jpg,20260520_202203.jpg,.jpg,2679118,4608x2128,ok
Dashehari,After ripening,Dashehari/After ripening/20260520_202205.jpg,20260520_202205.jpg,.jpg,2831395,4608x2128,ok
Dashehari,After ripening,Dashehari/After ripening/20260520_202207.jpg,20260520_202207.jpg,.jpg,2629202,4608x2128,ok
Dashehari,After ripening,Dashehari/After ripening/20260520_202210.jpg,20260520_202210.jpg,.jpg,2588699,4608x2128,ok
Dashehari,After ripening,Dashehari/After ripening/20260520_202221.jpg,20260520_202221.jpg,.jpg,2559573,4608x2128,ok
Dashehari,After ripening,Dashehari/After ripening/20260520_202223.jpg,20260520_202223.jpg,.jpg,2580203,4608x2128,ok
Dashehari,After ripening,Dashehari/After ripening/20260520_202225.jpg,20260520_202225.jpg,.jpg,2579390,4608x2128,ok
Dashehari,After ripening,Dashehari/After ripening/20260520_202232.jpg,20260520_202232.jpg,.jpg,2678511,4608x2128,ok
Dashehari,After ripening,Dashehari/After ripening/20260520_202234.jpg,20260520_202234.jpg,.jpg,2709154,4608x2128,ok
Dashehari,After ripening,Dashehari/After ripening/20260520_202243.jpg,20260520_202243.jpg,.jpg,2534349,4608x2128,ok
Dashehari,After ripening,Dashehari/After ripening/20260520_202245.jpg,20260520_202245.jpg,.jpg,2781387,4608x2128,ok
Dashehari,After ripening,Dashehari/After ripening/20260520_202247.jpg,20260520_202247.jpg,.jpg,2742372,4608x2128,ok
Dashehari,After ripening,Dashehari/After ripening/20260520_202249.jpg,20260520_202249.jpg,.jpg,2794177,4608x2128,ok
Dashehari,After ripening,Dashehari/After ripening/20260520_202303.jpg,20260520_202303.jpg,.jpg,2726009,4608x2128,ok
Dashehari,After ripening,Dashehari/After ripening/20260520_202305.jpg,20260520_202305.jpg,.jpg,2776815,4608x2128,ok
Dashehari,After ripening,Dashehari/After ripening/20260521_204745.jpg,20260521_204745.jpg,.jpg,2430105,4608x2128,ok
Dashehari,After ripening,Dashehari/After ripening/20260521_204746.jpg,20260521_204746.jpg,.jpg,2432530,4608x2128,ok
Dashehari,After ripening,Dashehari/After ripening/20260521_204748.jpg,20260521_204748.jpg,.jpg,2493410,4608x2128,ok
Dashehari,After ripening,Dashehari/After ripening/20260521_204758.jpg,20260521_204758.jpg,.jpg,2569016,4608x2128,ok
Dashehari,After ripening,Dashehari/After ripening/20260521_204759.jpg,20260521_204759.jpg,.jpg,2586383,4608x2128,ok
Dashehari,After ripening,Dashehari/After ripening/20260521_204801.jpg,20260521_204801.jpg,.jpg,2577273,4608x2128,ok
Dashehari,After ripening,Dashehari/After ripening/20260521_204811.jpg,20260521_204811.jpg,.jpg,2743180,4608x2128,ok
Dashehari,After ripening,Dashehari/After ripening/20260521_204812.jpg,20260521_204812.jpg,.jpg,2730741,4608x2128,ok
Dashehari,After ripening,Dashehari/After ripening/20260521_204814.jpg,20260521_204814.jpg,.jpg,2750394,4608x2128,ok
Dashehari,After ripening,Dashehari/After ripening/20260521_204816.jpg,20260521_204816.jpg,.jpg,2494969,4608x2128,ok
Dashehari,After ripening,Dashehari/After ripening/20260521_204825.jpg,20260521_204825.jpg,.jpg,2676440,4608x2128,ok
Dashehari,After ripening,Dashehari/After ripening/20260521_204827.jpg,20260521_204827.jpg,.jpg,2678361,4608x2128,ok
Dashehari,After ripening,Dashehari/After ripening/20260521_204829.jpg,20260521_204829.jpg,.jpg,2651763,4608x2128,ok
Dashehari,After ripening,Dashehari/After ripening/20260521_204831.jpg,20260521_204831.jpg,.jpg,2658737,4608x2128,ok
Dashehari,After ripening,Dashehari/After ripening/20260521_204842.jpg,20260521_204842.jpg,.jpg,2528119,4608x2128,ok
Dashehari,After ripening,Dashehari/After ripening/20260521_204845.jpg,20260521_204845.jpg,.jpg,2529627,4608x2128,ok
Dashehari,After ripening,Dashehari/After ripening/20260521_204847.jpg,20260521_204847.jpg,.jpg,2544269,4608x2128,ok
Dashehari,After ripening,Dashehari/After ripening/20260521_204855.jpg,20260521_204855.jpg,.jpg,2563224,4608x2128,ok
Dashehari,After ripening,Dashehari/After ripening/20260521_204857.jpg,20260521_204857.jpg,.jpg,2551499,4608x2128,ok
Dashehari,After ripening,Dashehari/After ripening/20260521_204859.jpg,20260521_204859.jpg,.jpg,2570093,4608x2128,ok
Dashehari,After ripening,Dashehari/After ripening/20260521_204906.jpg,20260521_204906.jpg,.jpg,2570906,4608x2128,ok
Dashehari,After ripening,Dashehari/After ripening/20260521_204908.jpg,20260521_204908.jpg,.jpg,2500834,4608x2128,ok
Dashehari,After ripening,Dashehari/After ripening/20260521_204915.jpg,20260521_204915.jpg,.jpg,2543722,4608x2128,ok
Dashehari,After ripening,Dashehari/After ripening/20260521_204925.jpg,20260521_204925.jpg,.jpg,2599730,4608x2128,ok
Dashehari,After ripening,Dashehari/After ripening/20260521_204927.jpg,20260521_204927.jpg,.jpg,2628537,4608x2128,ok
Dashehari,After ripening,Dashehari/After ripening/20260521_204929.jpg,20260521_204929.jpg,.jpg,2635864,4608x2128,ok
Dashehari,After ripening,Dashehari/After ripening/20260521_204945.jpg,20260521_204945.jpg,.jpg,2520689,4608x2128,ok
Dashehari,After ripening,Dashehari/After ripening/20260521_204946.jpg,20260521_204946.jpg,.jpg,2588386,4608x2128,ok
Dashehari,After ripening,Dashehari/After ripening/20260521_204948.jpg,20260521_204948.jpg,.jpg,2631455,4608x2128,ok
Dashehari,After ripening,Dashehari/After ripening/20260521_205007.jpg,20260521_205007.jpg,.jpg,2723488,4608x2128,ok
Dashehari,After ripening,Dashehari/After ripening/20260521_205008.jpg,20260521_205008.jpg,.jpg,2736616,4608x2128,ok
Dashehari,After ripening,Dashehari/After ripening/20260521_205010.jpg,20260521_205010.jpg,.jpg,2689813,4608x2128,ok
Dashehari,After ripening,Dashehari/After ripening/20260521_205020.jpg,20260521_205020.jpg,.jpg,2563659,4608x2128,ok
Dashehari,After ripening,Dashehari/After ripening/20260521_205022.jpg,20260521_205022.jpg,.jpg,2731052,4608x2128,ok
Dashehari,After ripening,Dashehari/After ripening/20260521_205026.jpg,20260521_205026.jpg,.jpg,2588127,4608x2128,ok
Dashehari,After ripening,Dashehari/After ripening/20260521_205028.jpg,20260521_205028.jpg,.jpg,2525579,4608x2128,ok
Dashehari,After ripening,Dashehari/After ripening/20260521_205039.jpg,20260521_205039.jpg,.jpg,2635131,4608x2128,ok
Dashehari,After ripening,Dashehari/After ripening/20260521_205043.jpg,20260521_205043.jpg,.jpg,2542077,4608x2128,ok
Dashehari,After ripening,Dashehari/After ripening/20260521_205050.jpg,20260521_205050.jpg,.jpg,2556195,4608x2128,ok
Dashehari,After ripening,Dashehari/After ripening/20260521_205051.jpg,20260521_205051.jpg,.jpg,2602838,4608x2128,ok
Dashehari,After ripening,Dashehari/After ripening/20260521_205102.jpg,20260521_205102.jpg,.jpg,2456478,4608x2128,ok
Dashehari,After ripening,Dashehari/After ripening/20260521_205103.jpg,20260521_205103.jpg,.jpg,2481454,4608x2128,ok
Dashehari,After ripening,Dashehari/After ripening/20260521_205105.jpg,20260521_205105.jpg,.jpg,2523385,4608x2128,ok
Dashehari,After ripening,Dashehari/After ripening/20260521_205107.jpg,20260521_205107.jpg,.jpg,2517875,4608x2128,ok
Dashehari,After ripening,Dashehari/After ripening/20260521_205115.jpg,20260521_205115.jpg,.jpg,2643168,4608x2128,ok
Dashehari,After ripening,Dashehari/After ripening/20260521_205116.jpg,20260521_205116.jpg,.jpg,2671816,4608x2128,ok
Dashehari,After ripening,Dashehari/After ripening/20260521_205118.jpg,20260521_205118.jpg,.jpg,2613930,4608x2128,ok
Dashehari,After ripening,Dashehari/After ripening/20260521_205128.jpg,20260521_205128.jpg,.jpg,2650422,4608x2128,ok
Dashehari,After ripening,Dashehari/After ripening/20260521_205130.jpg,20260521_205130.jpg,.jpg,2682921,4608x2128,ok
Dashehari,After ripening,Dashehari/After ripening/20260521_205134.jpg,20260521_205134.jpg,.jpg,2609774,4608x2128,ok
Dashehari,After ripening,Dashehari/After ripening/20260521_205136.jpg,20260521_205136.jpg,.jpg,2589943,4608x2128,ok
Dashehari,After ripening,Dashehari/After ripening/20260521_205144.jpg,20260521_205144.jpg,.jpg,2585384,4608x2128,ok
Dashehari,After ripening,Dashehari/After ripening/20260521_205146.jpg,20260521_205146.jpg,.jpg,2569494,4608x2128,ok
Dashehari,After ripening,Dashehari/After ripening/20260521_205207.jpg,20260521_205207.jpg,.jpg,2516361,4608x2128,ok
Dashehari,After ripening,Dashehari/After ripening/20260521_205208.jpg,20260521_205208.jpg,.jpg,2490283,4608x2128,ok
Dashehari,After ripening,Dashehari/After ripening/20260521_205210.jpg,20260521_205210.jpg,.jpg,2557191,4608x2128,ok
Dashehari,After ripening,Dashehari/After ripening/20260521_205212.jpg,20260521_205212.jpg,.jpg,2567585,4608x2128,ok
Dashehari,After ripening,Dashehari/After ripening/20260521_205218.jpg,20260521_205218.jpg,.jpg,2491894,4608x2128,ok
Dashehari,After ripening,Dashehari/After ripening/20260521_205229.jpg,20260521_205229.jpg,.jpg,2550452,4608x2128,ok
Dashehari,After ripening,Dashehari/After ripening/20260521_205231.jpg,20260521_205231.jpg,.jpg,2603077,4608x2128,ok
Dashehari,After ripening,Dashehari/After ripening/20260521_205233.jpg,20260521_205233.jpg,.jpg,2586287,4608x2128,ok
Dashehari,After ripening,Dashehari/After ripening/20260521_205235.jpg,20260521_205235.jpg,.jpg,2600429,4608x2128,ok
Dashehari,After ripening,Dashehari/After ripening/20260521_205245.jpg,20260521_205245.jpg,.jpg,2607472,4608x2128,ok
Dashehari,After ripening,Dashehari/After ripening/20260521_205246.jpg,20260521_205246.jpg,.jpg,2605147,4608x2128,ok
Dashehari,After ripening,Dashehari/After ripening/20260521_205248.jpg,20260521_205248.jpg,.jpg,2623707,4608x2128,ok
Dashehari,After ripening,Dashehari/After ripening/20260521_205254.jpg,20260521_205254.jpg,.jpg,2509791,4608x2128,ok
Dashehari,After ripening,Dashehari/After ripening/20260521_205255.jpg,20260521_205255.jpg,.jpg,2509538,4608x2128,ok
Dashehari,After ripening,Dashehari/After ripening/20260524_194203.jpg,20260524_194203.jpg,.jpg,2481375,4608x2128,ok
Dashehari,After ripening,Dashehari/After ripening/20260524_194205.jpg,20260524_194205.jpg,.jpg,2413383,4608x2128,ok
Dashehari,After ripening,Dashehari/After ripening/20260524_194207.jpg,20260524_194207.jpg,.jpg,2469016,4608x2128,ok
Dashehari,After ripening,Dashehari/After ripening/20260524_194209.jpg,20260524_194209.jpg,.jpg,2498511,4608x2128,ok
Dashehari,After ripening,Dashehari/After ripening/20260524_194211.jpg,20260524_194211.jpg,.jpg,2459773,4608x2128,ok
Dashehari,After ripening,Dashehari/After ripening/20260524_194221.jpg,20260524_194221.jpg,.jpg,2442693,4608x2128,ok
Dashehari,After ripening,Dashehari/After ripening/20260524_194222.jpg,20260524_194222.jpg,.jpg,2463635,4608x2128,ok
Dashehari,After ripening,Dashehari/After ripening/20260524_194224.jpg,20260524_194224.jpg,.jpg,2463272,4608x2128,ok
Dashehari,After ripening,Dashehari/After ripening/20260524_194312.jpg,20260524_194312.jpg,.jpg,2477915,4608x2128,ok
Dashehari,After ripening,Dashehari/After ripening/20260524_194313.jpg,20260524_194313.jpg,.jpg,2477847,4608x2128,ok
Dashehari,After ripening,Dashehari/After ripening/20260524_194315.jpg,20260524_194315.jpg,.jpg,2458369,4608x2128,ok
Dashehari,After ripening,Dashehari/After ripening/20260524_194318.jpg,20260524_194318.jpg,.jpg,2451188,4608x2128,ok
Dashehari,After ripening,Dashehari/After ripening/20260524_194320.jpg,20260524_194320.jpg,.jpg,2481790,4608x2128,ok
Dashehari,After ripening,Dashehari/After ripening/20260524_194334.jpg,20260524_194334.jpg,.jpg,2512765,4608x2128,ok
Dashehari,After ripening,Dashehari/After ripening/20260524_194337.jpg,20260524_194337.jpg,.jpg,2341985,4608x2128,ok
Dashehari,After ripening,Dashehari/After ripening/20260524_194340.jpg,20260524_194340.jpg,.jpg,2505333,4608x2128,ok
Dashehari,After ripening,Dashehari/After ripening/20260524_194342.jpg,20260524_194342.jpg,.jpg,2467677,4608x2128,ok
Dashehari,After ripening,Dashehari/After ripening/20260524_194351.jpg,20260524_194351.jpg,.jpg,2552633,4608x2128,ok
Dashehari,After ripening,Dashehari/After ripening/20260524_194353.jpg,20260524_194353.jpg,.jpg,2479875,4608x2128,ok
Dashehari,After ripening,Dashehari/After ripening/20260524_194357.jpg,20260524_194357.jpg,.jpg,2461685,4608x2128,ok
Dashehari,After ripening,Dashehari/After ripening/20260524_194400.jpg,20260524_194400.jpg,.jpg,2498008,4608x2128,ok
Dashehari,After ripening,Dashehari/After ripening/20260524_194411.jpg,20260524_194411.jpg,.jpg,2591454,4608x2128,ok
Dashehari,After ripening,Dashehari/After ripening/20260524_194412.jpg,20260524_194412.jpg,.jpg,2356573,4608x2128,ok
Dashehari,After ripening,Dashehari/After ripening/20260524_194415.jpg,20260524_194415.jpg,.jpg,2508642,4608x2128,ok
Dashehari,After ripening,Dashehari/After ripening/20260524_194426.jpg,20260524_194426.jpg,.jpg,2547032,4608x2128,ok
Dashehari,After ripening,Dashehari/After ripening/20260524_194427.jpg,20260524_194427.jpg,.jpg,2587695,4608x2128,ok
Dashehari,After ripening,Dashehari/After ripening/20260524_194429.jpg,20260524_194429.jpg,.jpg,2591615,4608x2128,ok
Dashehari,After ripening,Dashehari/After ripening/20260524_194431.jpg,20260524_194431.jpg,.jpg,2564744,4608x2128,ok
Dashehari,After ripening,Dashehari/After ripening/20260524_194433.jpg,20260524_194433.jpg,.jpg,2573846,4608x2128,ok
Dashehari,After ripening,Dashehari/After ripening/20260524_194444.jpg,20260524_194444.jpg,.jpg,2440452,4608x2128,ok
Dashehari,After ripening,Dashehari/After ripening/20260524_194445.jpg,20260524_194445.jpg,.jpg,2424429,4608x2128,ok
Dashehari,After ripening,Dashehari/After ripening/20260524_194447.jpg,20260524_194447.jpg,.jpg,2449652,4608x2128,ok
Dashehari,After ripening,Dashehari/After ripening/20260524_194449.jpg,20260524_194449.jpg,.jpg,2437170,4608x2128,ok
Dashehari,After ripening,Dashehari/After ripening/20260524_194450.jpg,20260524_194450.jpg,.jpg,2516703,4608x2128,ok
Dashehari,After ripening,Dashehari/After ripening/20260524_194452.jpg,20260524_194452.jpg,.jpg,2524817,4608x2128,ok
Dashehari,After ripening,Dashehari/After ripening/20260524_194509.jpg,20260524_194509.jpg,.jpg,2389750,4608x2128,ok
Dashehari,After ripening,Dashehari/After ripening/20260524_194511.jpg,20260524_194511.jpg,.jpg,2411394,4608x2128,ok
Dashehari,After ripening,Dashehari/After ripening/20260524_194512.jpg,20260524_194512.jpg,.jpg,2423429,4608x2128,ok
Dashehari,After ripening,Dashehari/After ripening/20260524_194514.jpg,20260524_194514.jpg,.jpg,2417607,4608x2128,ok
Dashehari,After ripening,Dashehari/After ripening/20260524_194516.jpg,20260524_194516.jpg,.jpg,2449194,4608x2128,ok
Dashehari,After ripening,Dashehari/After ripening/20260524_194522.jpg,20260524_194522.jpg,.jpg,2491436,4608x2128,ok
Dashehari,After ripening,Dashehari/After ripening/20260524_194525.jpg,20260524_194525.jpg,.jpg,2522028,4608x2128,ok
Dashehari,After ripening,Dashehari/After ripening/20260524_194527.jpg,20260524_194527.jpg,.jpg,2511116,4608x2128,ok
Dashehari,After ripening,Dashehari/After ripening/20260524_194543.jpg,20260524_194543.jpg,.jpg,2402128,4608x2128,ok
Dashehari,After ripening,Dashehari/After ripening/20260524_194545.jpg,20260524_194545.jpg,.jpg,2396561,4608x2128,ok
Dashehari,After ripening,Dashehari/After ripening/20260524_194547.jpg,20260524_194547.jpg,.jpg,2410072,4608x2128,ok
Dashehari,After ripening,Dashehari/After ripening/20260524_194549.jpg,20260524_194549.jpg,.jpg,2416913,4608x2128,ok
Dashehari,After ripening,Dashehari/After ripening/20260524_194551.jpg,20260524_194551.jpg,.jpg,2422825,4608x2128,ok
Dashehari,After ripening,Dashehari/After ripening/20260524_194553.jpg,20260524_194553.jpg,.jpg,2413657,4608x2128,ok
Dashehari,After ripening,Dashehari/After ripening/20260524_194555.jpg,20260524_194555.jpg,.jpg,2414468,4608x2128,ok
Dashehari,After ripening,Dashehari/After ripening/20260524_194608.jpg,20260524_194608.jpg,.jpg,2516620,4608x2128,ok
Dashehari,After ripening,Dashehari/After ripening/20260524_194609.jpg,20260524_194609.jpg,.jpg,2530361,4608x2128,ok
Dashehari,After ripening,Dashehari/After ripening/20260524_194611.jpg,20260524_194611.jpg,.jpg,2512957,4608x2128,ok
Dashehari,After ripening,Dashehari/After ripening/20260524_194613.jpg,20260524_194613.jpg,.jpg,2517355,4608x2128,ok
Dashehari,After ripening,Dashehari/After ripening/20260524_194621.jpg,20260524_194621.jpg,.jpg,2523485,4608x2128,ok
Dashehari,After ripening,Dashehari/After ripening/20260524_194629.jpg,20260524_194629.jpg,.jpg,2509423,4608x2128,ok
Dashehari,After ripening,Dashehari/After ripening/20260524_194631.jpg,20260524_194631.jpg,.jpg,2457693,4608x2128,ok
Dashehari,After ripening,Dashehari/After ripening/20260524_194633.jpg,20260524_194633.jpg,.jpg,2502422,4608x2128,ok
Dashehari,After ripening,Dashehari/After ripening/20260524_194635.jpg,20260524_194635.jpg,.jpg,2489366,4608x2128,ok
Dashehari,After ripening,Dashehari/After ripening/20260524_194637.jpg,20260524_194637.jpg,.jpg,2506803,4608x2128,ok
Dashehari,After ripening,Dashehari/After ripening/20260524_194644.jpg,20260524_194644.jpg,.jpg,2479628,4608x2128,ok
Dashehari,After ripening,Dashehari/After ripening/20260524_194646.jpg,20260524_194646.jpg,.jpg,2448327,4608x2128,ok
Dashehari,After ripening,Dashehari/After ripening/20260524_194703.jpg,20260524_194703.jpg,.jpg,2394563,4608x2128,ok
Dashehari,After ripening,Dashehari/After ripening/20260524_194705.jpg,20260524_194705.jpg,.jpg,2416171,4608x2128,ok
Dashehari,After ripening,Dashehari/After ripening/20260524_194706.jpg,20260524_194706.jpg,.jpg,2412420,4608x2128,ok
Dashehari,After ripening,Dashehari/After ripening/20260524_194708.jpg,20260524_194708.jpg,.jpg,2403872,4608x2128,ok
Dashehari,After ripening,Dashehari/After ripening/20260524_194710.jpg,20260524_194710.jpg,.jpg,2435387,4608x2128,ok
Dashehari,After ripening,Dashehari/After ripening/20260524_194719.jpg,20260524_194719.jpg,.jpg,2383597,4608x2128,ok
Dashehari,After ripening,Dashehari/After ripening/20260524_194721.jpg,20260524_194721.jpg,.jpg,2409569,4608x2128,ok
Dashehari,After ripening,Dashehari/After ripening/20260524_194722.jpg,20260524_194722.jpg,.jpg,2390275,4608x2128,ok
Dashehari,After ripening,Dashehari/After ripening/20260524_194724.jpg,20260524_194724.jpg,.jpg,2392093,4608x2128,ok
Dashehari,After ripening,Dashehari/After ripening/20260524_194726.jpg,20260524_194726.jpg,.jpg,2376301,4608x2128,ok
Dashehari,After ripening,Dashehari/After ripening/20260524_194740.jpg,20260524_194740.jpg,.jpg,2549128,4608x2128,ok
Dashehari,After ripening,Dashehari/After ripening/20260524_194742.jpg,20260524_194742.jpg,.jpg,2450983,4608x2128,ok
Dashehari,After ripening,Dashehari/After ripening/20260524_194745.jpg,20260524_194745.jpg,.jpg,2504709,4608x2128,ok
Dashehari,After ripening,Dashehari/After ripening/20260524_194747.jpg,20260524_194747.jpg,.jpg,2587792,4608x2128,ok
Dashehari,After ripening,Dashehari/After ripening/20260524_194748.jpg,20260524_194748.jpg,.jpg,2581899,4608x2128,ok
Dashehari,After ripening,Dashehari/After ripening/20260524_194755.jpg,20260524_194755.jpg,.jpg,2551018,4608x2128,ok
Dashehari,After ripening,Dashehari/After ripening/20260524_194757.jpg,20260524_194757.jpg,.jpg,2470643,4608x2128,ok
Dashehari,After ripening,Dashehari/After ripening/20260524_194758.jpg,20260524_194758.jpg,.jpg,2506900,4608x2128,ok
Dashehari,After ripening,Dashehari/After ripening/20260524_194800.jpg,20260524_194800.jpg,.jpg,2503925,4608x2128,ok
Dashehari,After ripening,Dashehari/After ripening/20260524_194808.jpg,20260524_194808.jpg,.jpg,2350100,4608x2128,ok
Dashehari,After ripening,Dashehari/After ripening/20260524_194810.jpg,20260524_194810.jpg,.jpg,2396034,4608x2128,ok
Dashehari,After ripening,Dashehari/After ripening/20260524_194812.jpg,20260524_194812.jpg,.jpg,2401407,4608x2128,ok
Dashehari,After ripening,Dashehari/After ripening/20260524_194824.jpg,20260524_194824.jpg,.jpg,2362028,4608x2128,ok
Dashehari,After ripening,Dashehari/After ripening/20260524_194826.jpg,20260524_194826.jpg,.jpg,2391439,4608x2128,ok
Dashehari,After ripening,Dashehari/After ripening/20260524_194831.jpg,20260524_194831.jpg,.jpg,2328296,4608x2128,ok
Dashehari,After ripening,Dashehari/After ripening/20260524_194832.jpg,20260524_194832.jpg,.jpg,2388832,4608x2128,ok
Dashehari,After ripening,Dashehari/After ripening/20260524_194841.jpg,20260524_194841.jpg,.jpg,2425392,4608x2128,ok
Dashehari,After ripening,Dashehari/After ripening/20260524_194843.jpg,20260524_194843.jpg,.jpg,2444972,4608x2128,ok
Dashehari,After ripening,Dashehari/After ripening/20260524_194844.jpg,20260524_194844.jpg,.jpg,2402415,4608x2128,ok
Dashehari,After ripening,Dashehari/After ripening/Dashehari 1.jpeg,Dashehari 1.jpeg,.jpeg,99109,848x830,ok
Dashehari,After ripening,Dashehari/After ripening/Dashehari.jpeg,Dashehari.jpeg,.jpeg,118851,960x837,ok
Dashehari,Before ripening,Dashehari/Before ripening/20250404_161813.jpg,20250404_161813.jpg,.jpg,2820613,4608x2128,ok
Dashehari,Before ripening,Dashehari/Before ripening/20250404_161814.jpg,20250404_161814.jpg,.jpg,2754671,4608x2128,ok
Dashehari,Before ripening,Dashehari/Before ripening/20250404_161815.jpg,20250404_161815.jpg,.jpg,2677533,4608x2128,ok
Dashehari,Before ripening,Dashehari/Before ripening/20250508_160521.jpg,20250508_160521.jpg,.jpg,2873484,4608x2128,ok
Dashehari,Before ripening,Dashehari/Before ripening/20250508_160523.jpg,20250508_160523.jpg,.jpg,2845199,4608x2128,ok
Dashehari,Before ripening,Dashehari/Before ripening/20250508_160524.jpg,20250508_160524.jpg,.jpg,2795465,4608x2128,ok
Dashehari,Before ripening,Dashehari/Before ripening/20250508_160525.jpg,20250508_160525.jpg,.jpg,2810963,4608x2128,ok
Dashehari,Before ripening,Dashehari/Before ripening/20250508_160526.jpg,20250508_160526.jpg,.jpg,2810559,4608x2128,ok
Dashehari,Before ripening,Dashehari/Before ripening/20250508_160755.jpg,20250508_160755.jpg,.jpg,3055201,4608x2128,ok
Dashehari,Before ripening,Dashehari/Before ripening/20250508_160756.jpg,20250508_160756.jpg,.jpg,3047179,4608x2128,ok
Dashehari,Before ripening,Dashehari/Before ripening/20250508_160757.jpg,20250508_160757.jpg,.jpg,3100800,4608x2128,ok
Dashehari,Before ripening,Dashehari/Before ripening/20250508_160809.jpg,20250508_160809.jpg,.jpg,2853202,4608x2128,ok
Dashehari,Before ripening,Dashehari/Before ripening/20250508_160810.jpg,20250508_160810.jpg,.jpg,2795104,4608x2128,ok
Dashehari,Before ripening,Dashehari/Before ripening/20250508_160811.jpg,20250508_160811.jpg,.jpg,2746409,4608x2128,ok
Dashehari,Before ripening,Dashehari/Before ripening/20250508_160816(0).jpg,20250508_160816(0).jpg,.jpg,2894990,4608x2128,ok
Dashehari,Before ripening,Dashehari/Before ripening/20250508_160816.jpg,20250508_160816.jpg,.jpg,2895147,4608x2128,ok
Dashehari,Before ripening,Dashehari/Before ripening/20250508_160817.jpg,20250508_160817.jpg,.jpg,2897610,4608x2128,ok
Dashehari,Before ripening,Dashehari/Before ripening/20250508_160819.jpg,20250508_160819.jpg,.jpg,2867491,4608x2128,ok
Dashehari,Before ripening,Dashehari/Before ripening/20250508_160830(0).jpg,20250508_160830(0).jpg,.jpg,2847386,4608x2128,ok
Dashehari,Before ripening,Dashehari/Before ripening/20250508_160830.jpg,20250508_160830.jpg,.jpg,2875543,4608x2128,ok
Dashehari,Before ripening,Dashehari/Before ripening/20250508_160831.jpg,20250508_160831.jpg,.jpg,2824564,4608x2128,ok
Dashehari,Before ripening,Dashehari/Before ripening/20250514_171906.jpg,20250514_171906.jpg,.jpg,2775128,4608x2128,ok
Dashehari,Before ripening,Dashehari/Before ripening/20250514_171907(0).jpg,20250514_171907(0).jpg,.jpg,2885042,4608x2128,ok
Dashehari,Before ripening,Dashehari/Before ripening/20250514_171907.jpg,20250514_171907.jpg,.jpg,2798843,4608x2128,ok
Dashehari,Before ripening,Dashehari/Before ripening/20250514_172950.jpg,20250514_172950.jpg,.jpg,1567677,1832x4608,ok
Dashehari,Before ripening,Dashehari/Before ripening/20250514_172952.jpg,20250514_172952.jpg,.jpg,1119690,1683x4608,ok
Dashehari,Before ripening,Dashehari/Before ripening/20250514_172954.jpg,20250514_172954.jpg,.jpg,904328,1683x4608,ok
Dashehari,Before ripening,Dashehari/Before ripening/20250514_173016.jpg,20250514_173016.jpg,.jpg,2563335,4608x2128,ok
Dashehari,Before ripening,Dashehari/Before ripening/20250514_173017.jpg,20250514_173017.jpg,.jpg,2596083,4608x2128,ok
Dashehari,Before ripening,Dashehari/Before ripening/20250514_173018.jpg,20250514_173018.jpg,.jpg,2651820,4608x2128,ok
Dashehari,Before ripening,Dashehari/Before ripening/20250514_173019.jpg,20250514_173019.jpg,.jpg,3537414,4608x2128,ok
Dashehari,Before ripening,Dashehari/Before ripening/20250514_173022.jpg,20250514_173022.jpg,.jpg,2696688,4608x2128,ok
Dashehari,Before ripening,Dashehari/Before ripening/20250514_173023.jpg,20250514_173023.jpg,.jpg,2710757,4608x2128,ok
Dashehari,Before ripening,Dashehari/Before ripening/20250514_173024.jpg,20250514_173024.jpg,.jpg,2673956,4608x2128,ok
Dashehari,Before ripening,Dashehari/Before ripening/20250514_173025.jpg,20250514_173025.jpg,.jpg,2702467,4608x2128,ok
Dashehari,Before ripening,Dashehari/Before ripening/20250514_173026.jpg,20250514_173026.jpg,.jpg,3125133,4608x2128,ok
Dashehari,Before ripening,Dashehari/Before ripening/20250514_173028.jpg,20250514_173028.jpg,.jpg,2751765,4608x2128,ok
Dashehari,Before ripening,Dashehari/Before ripening/20250514_173029.jpg,20250514_173029.jpg,.jpg,2745133,4608x2128,ok
Dashehari,Before ripening,Dashehari/Before ripening/20250514_173030.jpg,20250514_173030.jpg,.jpg,2688281,4608x2128,ok
Dashehari,Before ripening,Dashehari/Before ripening/20250514_173031.jpg,20250514_173031.jpg,.jpg,2814678,4608x2128,ok
Dashehari,Before ripening,Dashehari/Before ripening/20250514_173032.jpg,20250514_173032.jpg,.jpg,3383532,4608x2128,ok
Dashehari,Before ripening,Dashehari/Before ripening/20250514_173033.jpg,20250514_173033.jpg,.jpg,2749499,4608x2128,ok
Dashehari,Before ripening,Dashehari/Before ripening/20250514_173034.jpg,20250514_173034.jpg,.jpg,3075552,4608x2128,ok
Dashehari,Before ripening,Dashehari/Before ripening/20250514_173035.jpg,20250514_173035.jpg,.jpg,2697656,4608x2128,ok
Dashehari,Before ripening,Dashehari/Before ripening/20250514_173036.jpg,20250514_173036.jpg,.jpg,2756913,4608x2128,ok
Dashehari,Before ripening,Dashehari/Before ripening/20250514_173046.jpg,20250514_173046.jpg,.jpg,2668096,4608x2128,ok
Dashehari,Before ripening,Dashehari/Before ripening/20250514_173047.jpg,20250514_173047.jpg,.jpg,2725358,4608x2128,ok
Dashehari,Before ripening,Dashehari/Before ripening/20250514_173048.jpg,20250514_173048.jpg,.jpg,2635135,4608x2128,ok
Dashehari,Before ripening,Dashehari/Before ripening/20250514_173049.jpg,20250514_173049.jpg,.jpg,2441132,4608x2128,ok
Dashehari,Before ripening,Dashehari/Before ripening/20250514_173050.jpg,20250514_173050.jpg,.jpg,2534304,4608x2128,ok
Dashehari,Before ripening,Dashehari/Before ripening/20250514_173051.jpg,20250514_173051.jpg,.jpg,2483402,4608x2128,ok
Dashehari,Before ripening,Dashehari/Before ripening/20250514_173052.jpg,20250514_173052.jpg,.jpg,2499772,4608x2128,ok
Dashehari,Before ripening,Dashehari/Before ripening/20250514_173054.jpg,20250514_173054.jpg,.jpg,2534908,4608x2128,ok
Dashehari,Before ripening,Dashehari/Before ripening/20250514_173055.jpg,20250514_173055.jpg,.jpg,2585055,4608x2128,ok
Dashehari,Before ripening,Dashehari/Before ripening/20250514_173056.jpg,20250514_173056.jpg,.jpg,2905026,4608x2128,ok
Dashehari,Before ripening,Dashehari/Before ripening/20250514_173057.jpg,20250514_173057.jpg,.jpg,3229083,4608x2128,ok
Dashehari,Before ripening,Dashehari/Before ripening/20250514_173058.jpg,20250514_173058.jpg,.jpg,3223886,4608x2128,ok
Dashehari,Before ripening,Dashehari/Before ripening/20250514_173059.jpg,20250514_173059.jpg,.jpg,2999799,4608x2128,ok
Dashehari,Before ripening,Dashehari/Before ripening/20250514_173108.jpg,20250514_173108.jpg,.jpg,2645233,4608x2128,ok
Dashehari,Before ripening,Dashehari/Before ripening/20250514_173109.jpg,20250514_173109.jpg,.jpg,2653524,4608x2128,ok
Dashehari,Before ripening,Dashehari/Before ripening/20250514_173110.jpg,20250514_173110.jpg,.jpg,2641594,4608x2128,ok
Dashehari,Before ripening,Dashehari/Before ripening/20250514_173111.jpg,20250514_173111.jpg,.jpg,2709417,4608x2128,ok
Dashehari,Before ripening,Dashehari/Before ripening/20250514_173112.jpg,20250514_173112.jpg,.jpg,2623855,4608x2128,ok
Dashehari,Before ripening,Dashehari/Before ripening/20250514_173113.jpg,20250514_173113.jpg,.jpg,2630480,4608x2128,ok
Dashehari,Before ripening,Dashehari/Before ripening/20250514_173115.jpg,20250514_173115.jpg,.jpg,2823364,4608x2128,ok
Dashehari,Before ripening,Dashehari/Before ripening/20250514_173117.jpg,20250514_173117.jpg,.jpg,2610633,4608x2128,ok
Dashehari,Before ripening,Dashehari/Before ripening/20250514_173118.jpg,20250514_173118.jpg,.jpg,2605832,4608x2128,ok
Dashehari,Before ripening,Dashehari/Before ripening/20250514_173126.jpg,20250514_173126.jpg,.jpg,2655843,4608x2128,ok
Dashehari,Before ripening,Dashehari/Before ripening/20250514_173127(0).jpg,20250514_173127(0).jpg,.jpg,2684113,4608x2128,ok
Dashehari,Before ripening,Dashehari/Before ripening/20250514_173127.jpg,20250514_173127.jpg,.jpg,2683454,4608x2128,ok
Dashehari,Before ripening,Dashehari/Before ripening/20250514_173128.jpg,20250514_173128.jpg,.jpg,2702823,4608x2128,ok
Dashehari,Before ripening,Dashehari/Before ripening/20250514_173129.jpg,20250514_173129.jpg,.jpg,2801528,4608x2128,ok
Dashehari,Before ripening,Dashehari/Before ripening/20250514_173131(0).jpg,20250514_173131(0).jpg,.jpg,2713450,4608x2128,ok
Dashehari,Before ripening,Dashehari/Before ripening/20250514_173131.jpg,20250514_173131.jpg,.jpg,2942971,4608x2128,ok
Dashehari,Before ripening,Dashehari/Before ripening/20250514_173132.jpg,20250514_173132.jpg,.jpg,2539195,4608x2128,ok
Dashehari,Before ripening,Dashehari/Before ripening/20250514_173134.jpg,20250514_173134.jpg,.jpg,2761986,4608x2128,ok
Dashehari,Before ripening,Dashehari/Before ripening/20250514_173136.jpg,20250514_173136.jpg,.jpg,2814295,4608x2128,ok
Dashehari,Before ripening,Dashehari/Before ripening/20250514_173137.jpg,20250514_173137.jpg,.jpg,2848143,4608x2128,ok
Dashehari,Before ripening,Dashehari/Before ripening/20250514_173138.jpg,20250514_173138.jpg,.jpg,2836068,4608x2128,ok
Dashehari,Before ripening,Dashehari/Before ripening/20250514_173140.jpg,20250514_173140.jpg,.jpg,2639111,4608x2128,ok
Dashehari,Before ripening,Dashehari/Before ripening/20250514_173141.jpg,20250514_173141.jpg,.jpg,2402906,4608x2128,ok
Dashehari,Before ripening,Dashehari/Before ripening/20250514_173144.jpg,20250514_173144.jpg,.jpg,2855091,4608x2128,ok
Dashehari,Before ripening,Dashehari/Before ripening/20250514_173145.jpg,20250514_173145.jpg,.jpg,2693505,4608x2128,ok
Dashehari,Before ripening,Dashehari/Before ripening/20250514_173146.jpg,20250514_173146.jpg,.jpg,2786433,4608x2128,ok
Dashehari,Before ripening,Dashehari/Before ripening/20250514_173147.jpg,20250514_173147.jpg,.jpg,2771085,4608x2128,ok
Dashehari,Before ripening,Dashehari/Before ripening/20250514_173148.jpg,20250514_173148.jpg,.jpg,2671581,4608x2128,ok
Dashehari,Before ripening,Dashehari/Before ripening/20250514_173157(0).jpg,20250514_173157(0).jpg,.jpg,2707722,4608x2128,ok
Dashehari,Before ripening,Dashehari/Before ripening/20250514_173157.jpg,20250514_173157.jpg,.jpg,2714912,4608x2128,ok
Dashehari,Before ripening,Dashehari/Before ripening/20250514_173158.jpg,20250514_173158.jpg,.jpg,2645832,4608x2128,ok
Dashehari,Before ripening,Dashehari/Before ripening/20250514_173200(0).jpg,20250514_173200(0).jpg,.jpg,2855786,4608x2128,ok
Dashehari,Before ripening,Dashehari/Before ripening/20250514_173200(1).jpg,20250514_173200(1).jpg,.jpg,2942740,4608x2128,ok
Dashehari,Before ripening,Dashehari/Before ripening/20250514_173200.jpg,20250514_173200.jpg,.jpg,2940691,4608x2128,ok
Dashehari,Before ripening,Dashehari/Before ripening/20250514_173201(0).jpg,20250514_173201(0).jpg,.jpg,2953465,4608x2128,ok
Dashehari,Before ripening,Dashehari/Before ripening/20250514_173201.jpg,20250514_173201.jpg,.jpg,2908058,4608x2128,ok
Dashehari,Before ripening,Dashehari/Before ripening/20250514_173202.jpg,20250514_173202.jpg,.jpg,2941064,4608x2128,ok
Dashehari,Before ripening,Dashehari/Before ripening/20250514_173204.jpg,20250514_173204.jpg,.jpg,2651521,4608x2128,ok
Dashehari,Before ripening,Dashehari/Before ripening/20250514_173205.jpg,20250514_173205.jpg,.jpg,2621168,4608x2128,ok
Dashehari,Before ripening,Dashehari/Before ripening/20250514_173435 (1).jpg,20250514_173435 (1).jpg,.jpg,2434268,4608x2128,ok
Dashehari,Before ripening,Dashehari/Before ripening/20250514_173435(0) (1).jpg,20250514_173435(0) (1).jpg,.jpg,2510076,4608x2128,ok
Dashehari,Before ripening,Dashehari/Before ripening/20250514_173444 (1).jpg,20250514_173444 (1).jpg,.jpg,2800388,4608x2128,ok
Dashehari,Before ripening,Dashehari/Before ripening/20250514_173445 (1).jpg,20250514_173445 (1).jpg,.jpg,2833645,4608x2128,ok
Dashehari,Before ripening,Dashehari/Before ripening/20250514_173446 (1).jpg,20250514_173446 (1).jpg,.jpg,2734484,4608x2128,ok
Dashehari,Before ripening,Dashehari/Before ripening/20250514_173452 (1).jpg,20250514_173452 (1).jpg,.jpg,2741985,4608x2128,ok
Dashehari,Before ripening,Dashehari/Before ripening/20250514_173454 (1).jpg,20250514_173454 (1).jpg,.jpg,3105128,4608x2128,ok
Dashehari,Before ripening,Dashehari/Before ripening/20250514_173511 (1).jpg,20250514_173511 (1).jpg,.jpg,2849550,4608x2128,ok
Dashehari,Before ripening,Dashehari/Before ripening/20260501_002532.jpg,20260501_002532.jpg,.jpg,2594531,4608x2128,ok
Dashehari,Before ripening,Dashehari/Before ripening/20260501_002534.jpg,20260501_002534.jpg,.jpg,2582231,4608x2128,ok
Dashehari,Before ripening,Dashehari/Before ripening/20260501_002544.jpg,20260501_002544.jpg,.jpg,2655854,4608x2128,ok
Dashehari,Before ripening,Dashehari/Before ripening/20260501_002546.jpg,20260501_002546.jpg,.jpg,2667544,4608x2128,ok
Dashehari,Before ripening,Dashehari/Before ripening/20260501_002548.jpg,20260501_002548.jpg,.jpg,2701954,4608x2128,ok
Dashehari,Before ripening,Dashehari/Before ripening/20260501_002553.jpg,20260501_002553.jpg,.jpg,2650903,4608x2128,ok
Dashehari,Before ripening,Dashehari/Before ripening/20260501_002555.jpg,20260501_002555.jpg,.jpg,2610565,4608x2128,ok
Dashehari,Before ripening,Dashehari/Before ripening/20260501_002603.jpg,20260501_002603.jpg,.jpg,2501825,4608x2128,ok
Dashehari,Before ripening,Dashehari/Before ripening/20260501_002605.jpg,20260501_002605.jpg,.jpg,2503016,4608x2128,ok
Dashehari,Before ripening,Dashehari/Before ripening/20260501_002620.jpg,20260501_002620.jpg,.jpg,2645786,4608x2128,ok
Dashehari,Before ripening,Dashehari/Before ripening/20260501_002622.jpg,20260501_002622.jpg,.jpg,2654014,4608x2128,ok
Dashehari,Before ripening,Dashehari/Before ripening/20260501_002629.jpg,20260501_002629.jpg,.jpg,2581996,4608x2128,ok
Dashehari,Before ripening,Dashehari/Before ripening/20260501_002631.jpg,20260501_002631.jpg,.jpg,2603407,4608x2128,ok
Dashehari,Before ripening,Dashehari/Before ripening/20260501_002632.jpg,20260501_002632.jpg,.jpg,2667759,4608x2128,ok
Dashehari,Before ripening,Dashehari/Before ripening/20260501_002638.jpg,20260501_002638.jpg,.jpg,2590486,4608x2128,ok
Dashehari,Before ripening,Dashehari/Before ripening/20260501_002640.jpg,20260501_002640.jpg,.jpg,2576582,4608x2128,ok
Dashehari,Before ripening,Dashehari/Before ripening/20260501_002642.jpg,20260501_002642.jpg,.jpg,2572386,4608x2128,ok
Dashehari,Before ripening,Dashehari/Before ripening/20260501_002652.jpg,20260501_002652.jpg,.jpg,2547688,4608x2128,ok
Dashehari,Before ripening,Dashehari/Before ripening/20260501_002654.jpg,20260501_002654.jpg,.jpg,2513328,4608x2128,ok
Dashehari,Before ripening,Dashehari/Before ripening/20260501_002724.jpg,20260501_002724.jpg,.jpg,2456437,4608x2128,ok
Dashehari,Before ripening,Dashehari/Before ripening/20260501_002727.jpg,20260501_002727.jpg,.jpg,2682549,4608x2128,ok
Dashehari,Before ripening,Dashehari/Before ripening/20260501_002729.jpg,20260501_002729.jpg,.jpg,2679486,4608x2128,ok
Dashehari,Before ripening,Dashehari/Before ripening/20260501_002737.jpg,20260501_002737.jpg,.jpg,2617267,4608x2128,ok
Dashehari,Before ripening,Dashehari/Before ripening/20260501_002738.jpg,20260501_002738.jpg,.jpg,2629555,4608x2128,ok
Dashehari,Before ripening,Dashehari/Before ripening/20260501_002740.jpg,20260501_002740.jpg,.jpg,2615661,4608x2128,ok
Dashehari,Before ripening,Dashehari/Before ripening/20260501_002748.jpg,20260501_002748.jpg,.jpg,2596952,4608x2128,ok
Dashehari,Before ripening,Dashehari/Before ripening/20260501_002750.jpg,20260501_002750.jpg,.jpg,2555215,4608x2128,ok
Dashehari,Before ripening,Dashehari/Before ripening/20260501_002756.jpg,20260501_002756.jpg,.jpg,2543079,4608x2128,ok
Dashehari,Before ripening,Dashehari/Before ripening/20260501_002758.jpg,20260501_002758.jpg,.jpg,2599153,4608x2128,ok
Dashehari,Before ripening,Dashehari/Before ripening/20260501_002817.jpg,20260501_002817.jpg,.jpg,2809313,4608x2128,ok
Dashehari,Before ripening,Dashehari/Before ripening/20260501_002819.jpg,20260501_002819.jpg,.jpg,2799769,4608x2128,ok
Dashehari,Before ripening,Dashehari/Before ripening/20260501_002821.jpg,20260501_002821.jpg,.jpg,2824683,4608x2128,ok
Dashehari,Before ripening,Dashehari/Before ripening/20260501_002834.jpg,20260501_002834.jpg,.jpg,2685867,4608x2128,ok
Dashehari,Before ripening,Dashehari/Before ripening/20260501_002836.jpg,20260501_002836.jpg,.jpg,2709423,4608x2128,ok
Dashehari,Before ripening,Dashehari/Before ripening/20260501_002838.jpg,20260501_002838.jpg,.jpg,2744538,4608x2128,ok
Dashehari,Before ripening,Dashehari/Before ripening/20260501_002847.jpg,20260501_002847.jpg,.jpg,2619205,4608x2128,ok
Dashehari,Before ripening,Dashehari/Before ripening/20260501_002849.jpg,20260501_002849.jpg,.jpg,2663329,4608x2128,ok
Dashehari,Before ripening,Dashehari/Before ripening/20260501_002850.jpg,20260501_002850.jpg,.jpg,2624899,4608x2128,ok
Dashehari,Before ripening,Dashehari/Before ripening/20260501_002858.jpg,20260501_002858.jpg,.jpg,2609609,4608x2128,ok
Dashehari,Before ripening,Dashehari/Before ripening/20260501_002900.jpg,20260501_002900.jpg,.jpg,2643821,4608x2128,ok
Dashehari,Before ripening,Dashehari/Before ripening/20260501_002901.jpg,20260501_002901.jpg,.jpg,2647327,4608x2128,ok
Dashehari,Before ripening,Dashehari/Before ripening/20260501_002915.jpg,20260501_002915.jpg,.jpg,2724989,4608x2128,ok
Dashehari,Before ripening,Dashehari/Before ripening/20260501_002917.jpg,20260501_002917.jpg,.jpg,2729858,4608x2128,ok
Dashehari,Before ripening,Dashehari/Before ripening/20260501_002919.jpg,20260501_002919.jpg,.jpg,2745156,4608x2128,ok
Dashehari,Before ripening,Dashehari/Before ripening/20260501_002925.jpg,20260501_002925.jpg,.jpg,2597323,4608x2128,ok
Dashehari,Before ripening,Dashehari/Before ripening/20260501_002927.jpg,20260501_002927.jpg,.jpg,2569436,4608x2128,ok
Dashehari,Before ripening,Dashehari/Before ripening/20260501_002930.jpg,20260501_002930.jpg,.jpg,2524127,4608x2128,ok
Dashehari,Before ripening,Dashehari/Before ripening/20260501_002932.jpg,20260501_002932.jpg,.jpg,2554995,4608x2128,ok
Dashehari,Before ripening,Dashehari/Before ripening/20260501_002938.jpg,20260501_002938.jpg,.jpg,2627541,4608x2128,ok
Dashehari,Before ripening,Dashehari/Before ripening/20260501_002939.jpg,20260501_002939.jpg,.jpg,2621276,4608x2128,ok
Dashehari,Before ripening,Dashehari/Before ripening/20260501_002952.jpg,20260501_002952.jpg,.jpg,2610618,4608x2128,ok
Dashehari,Before ripening,Dashehari/Before ripening/20260501_002953.jpg,20260501_002953.jpg,.jpg,2577422,4608x2128,ok
Dashehari,Before ripening,Dashehari/Before ripening/20260501_003000.jpg,20260501_003000.jpg,.jpg,2536024,4608x2128,ok
Dashehari,Before ripening,Dashehari/Before ripening/20260501_003004.jpg,20260501_003004.jpg,.jpg,2578655,4608x2128,ok
Dashehari,Before ripening,Dashehari/Before ripening/20260501_003006.jpg,20260501_003006.jpg,.jpg,2583498,4608x2128,ok
Dashehari,Before ripening,Dashehari/Before ripening/20260501_003030.jpg,20260501_003030.jpg,.jpg,2718193,4608x2128,ok
Dashehari,Before ripening,Dashehari/Before ripening/20260501_003032.jpg,20260501_003032.jpg,.jpg,2757425,4608x2128,ok
Dashehari,Before ripening,Dashehari/Before ripening/20260501_003034.jpg,20260501_003034.jpg,.jpg,2681675,4608x2128,ok
Dashehari,Before ripening,Dashehari/Before ripening/20260501_003036.jpg,20260501_003036.jpg,.jpg,2698900,4608x2128,ok
Dashehari,Before ripening,Dashehari/Before ripening/20260501_003045.jpg,20260501_003045.jpg,.jpg,2566062,4608x2128,ok
Dashehari,Before ripening,Dashehari/Before ripening/20260501_003047.jpg,20260501_003047.jpg,.jpg,2581661,4608x2128,ok
Dashehari,Before ripening,Dashehari/Before ripening/20260518_45428pmByGPSMapCamera.jpg,20260518_45428pmByGPSMapCamera.jpg,.jpg,9793478,3456x4608,ok
Dashehari,Before ripening,Dashehari/Before ripening/20260518_45431pmByGPSMapCamera.jpg,20260518_45431pmByGPSMapCamera.jpg,.jpg,9522610,3456x4608,ok
Dashehari,Before ripening,Dashehari/Before ripening/20260518_45450pmByGPSMapCamera.jpg,20260518_45450pmByGPSMapCamera.jpg,.jpg,9776786,3456x4608,ok
Dashehari,Before ripening,Dashehari/Before ripening/20260518_45454pmByGPSMapCamera.jpg,20260518_45454pmByGPSMapCamera.jpg,.jpg,9366906,3456x4608,ok
Dashehari,Before ripening,Dashehari/Before ripening/20260518_45459pmByGPSMapCamera.jpg,20260518_45459pmByGPSMapCamera.jpg,.jpg,9594529,3456x4608,ok
Dashehari,Before ripening,Dashehari/Before ripening/20260518_45511pmByGPSMapCamera.jpg,20260518_45511pmByGPSMapCamera.jpg,.jpg,8716716,3456x4608,ok
Dashehari,Before ripening,Dashehari/Before ripening/20260518_45514pmByGPSMapCamera.jpg,20260518_45514pmByGPSMapCamera.jpg,.jpg,9114154,3456x4608,ok
Dashehari,Before ripening,Dashehari/Before ripening/20260518_45528pmByGPSMapCamera.jpg,20260518_45528pmByGPSMapCamera.jpg,.jpg,9224053,3456x4608,ok
Dashehari,Before ripening,Dashehari/Before ripening/20260518_45532pmByGPSMapCamera.jpg,20260518_45532pmByGPSMapCamera.jpg,.jpg,9607361,3456x4608,ok
Dashehari,Before ripening,Dashehari/Before ripening/20260518_45551pmByGPSMapCamera.jpg,20260518_45551pmByGPSMapCamera.jpg,.jpg,9664515,3456x4608,ok
Dashehari,Before ripening,Dashehari/Before ripening/20260518_45557pmByGPSMapCamera.jpg,20260518_45557pmByGPSMapCamera.jpg,.jpg,9780868,3456x4608,ok
Dashehari,Before ripening,Dashehari/Before ripening/20260518_45621pmByGPSMapCamera.jpg,20260518_45621pmByGPSMapCamera.jpg,.jpg,8973818,3456x4608,ok
Dashehari,Before ripening,Dashehari/Before ripening/20260518_45626pmByGPSMapCamera.jpg,20260518_45626pmByGPSMapCamera.jpg,.jpg,8977259,3456x4608,ok
Dashehari,Before ripening,Dashehari/Before ripening/20260518_45648pmByGPSMapCamera.jpg,20260518_45648pmByGPSMapCamera.jpg,.jpg,9160136,3456x4608,ok
Dashehari,Before ripening,Dashehari/Before ripening/20260518_45710pmByGPSMapCamera.jpg,20260518_45710pmByGPSMapCamera.jpg,.jpg,8069828,3456x4608,ok
Dashehari,Before ripening,Dashehari/Before ripening/20260518_45713pmByGPSMapCamera.jpg,20260518_45713pmByGPSMapCamera.jpg,.jpg,7925053,3456x4608,ok
Dashehari,Before ripening,Dashehari/Before ripening/20260518_45719pmByGPSMapCamera.jpg,20260518_45719pmByGPSMapCamera.jpg,.jpg,8419171,3456x4608,ok
Dashehari,Before ripening,Dashehari/Before ripening/20260518_45733pmByGPSMapCamera.jpg,20260518_45733pmByGPSMapCamera.jpg,.jpg,8354723,3456x4608,ok
Dashehari,Before ripening,Dashehari/Before ripening/20260518_45754pmByGPSMapCamera.jpg,20260518_45754pmByGPSMapCamera.jpg,.jpg,9063312,3456x4608,ok
Dashehari,Before ripening,Dashehari/Before ripening/20260518_45813pmByGPSMapCamera.jpg,20260518_45813pmByGPSMapCamera.jpg,.jpg,7927012,3456x4608,ok
Dashehari,Before ripening,Dashehari/Before ripening/20260518_45829pmByGPSMapCamera.jpg,20260518_45829pmByGPSMapCamera.jpg,.jpg,9417092,3456x4608,ok
Dashehari,Before ripening,Dashehari/Before ripening/20260518_45846pmByGPSMapCamera.jpg,20260518_45846pmByGPSMapCamera.jpg,.jpg,9096940,3456x4608,ok
Dashehari,Before ripening,Dashehari/Before ripening/20260518_45906pmByGPSMapCamera.jpg,20260518_45906pmByGPSMapCamera.jpg,.jpg,9541827,3456x4608,ok
Dashehari,Before ripening,Dashehari/Before ripening/20260518_45925pmByGPSMapCamera.jpg,20260518_45925pmByGPSMapCamera.jpg,.jpg,9048267,3456x4608,ok
Dashehari,Before ripening,Dashehari/Before ripening/20260518_45929pmByGPSMapCamera.jpg,20260518_45929pmByGPSMapCamera.jpg,.jpg,9249017,3456x4608,ok
Dashehari,Before ripening,Dashehari/Before ripening/20260518_45945pmByGPSMapCamera.jpg,20260518_45945pmByGPSMapCamera.jpg,.jpg,9097244,3456x4608,ok
Dashehari,Before ripening,Dashehari/Before ripening/20260518_45947pmByGPSMapCamera.jpg,20260518_45947pmByGPSMapCamera.jpg,.jpg,8978025,3456x4608,ok
Dashehari,Before ripening,Dashehari/Before ripening/20260518_50001pmByGPSMapCamera.jpg,20260518_50001pmByGPSMapCamera.jpg,.jpg,8290261,3456x4608,ok
Dashehari,Before ripening,Dashehari/Before ripening/20260518_50023pmByGPSMapCamera.jpg,20260518_50023pmByGPSMapCamera.jpg,.jpg,9081294,3456x4608,ok
Dashehari,Before ripening,Dashehari/Before ripening/20260518_50040pmByGPSMapCamera.jpg,20260518_50040pmByGPSMapCamera.jpg,.jpg,8937345,3456x4608,ok
Dashehari,Before ripening,Dashehari/Before ripening/20260518_50103pmByGPSMapCamera.jpg,20260518_50103pmByGPSMapCamera.jpg,.jpg,8891295,3456x4608,ok
Dashehari,Before ripening,Dashehari/Before ripening/20260518_50107pmByGPSMapCamera.jpg,20260518_50107pmByGPSMapCamera.jpg,.jpg,8673771,3456x4608,ok
Dashehari,Before ripening,Dashehari/Before ripening/20260518_50114pmByGPSMapCamera.jpg,20260518_50114pmByGPSMapCamera.jpg,.jpg,9235506,3456x4608,ok
Dashehari,Before ripening,Dashehari/Before ripening/20260518_50128pmByGPSMapCamera.jpg,20260518_50128pmByGPSMapCamera.jpg,.jpg,10355015,3456x4608,ok
Dashehari,Before ripening,Dashehari/Before ripening/20260518_50131pmByGPSMapCamera.jpg,20260518_50131pmByGPSMapCamera.jpg,.jpg,10327005,3456x4608,ok
Dashehari,Before ripening,Dashehari/Before ripening/20260518_50207pmByGPSMapCamera.jpg,20260518_50207pmByGPSMapCamera.jpg,.jpg,8957585,3456x4608,ok
Dashehari,Before ripening,Dashehari/Before ripening/20260518_50211pmByGPSMapCamera.jpg,20260518_50211pmByGPSMapCamera.jpg,.jpg,9280123,3456x4608,ok
Dashehari,Before ripening,Dashehari/Before ripening/20260518_50226pmByGPSMapCamera.jpg,20260518_50226pmByGPSMapCamera.jpg,.jpg,8900794,3456x4608,ok
Dashehari,Before ripening,Dashehari/Before ripening/20260518_50228pmByGPSMapCamera.jpg,20260518_50228pmByGPSMapCamera.jpg,.jpg,9025496,3456x4608,ok
Dashehari,Before ripening,Dashehari/Before ripening/20260518_50242pmByGPSMapCamera.jpg,20260518_50242pmByGPSMapCamera.jpg,.jpg,9107024,3456x4608,ok
Dashehari,Before ripening,Dashehari/Before ripening/20260518_50255pmByGPSMapCamera.jpg,20260518_50255pmByGPSMapCamera.jpg,.jpg,9095631,3456x4608,ok
Dashehari,Before ripening,Dashehari/Before ripening/20260518_50311pmByGPSMapCamera.jpg,20260518_50311pmByGPSMapCamera.jpg,.jpg,8430657,3456x4608,ok
Dashehari,Before ripening,Dashehari/Before ripening/20260518_50314pmByGPSMapCamera.jpg,20260518_50314pmByGPSMapCamera.jpg,.jpg,7984179,3456x4608,ok
Dashehari,Before ripening,Dashehari/Before ripening/20260518_50336pmByGPSMapCamera.jpg,20260518_50336pmByGPSMapCamera.jpg,.jpg,11400795,3456x4608,ok
Dashehari,Before ripening,Dashehari/Before ripening/20260518_50343pmByGPSMapCamera.jpg,20260518_50343pmByGPSMapCamera.jpg,.jpg,9446008,3456x4608,ok
Dashehari,Before ripening,Dashehari/Before ripening/20260518_50537pmByGPSMapCamera.jpg,20260518_50537pmByGPSMapCamera.jpg,.jpg,9536276,3456x4608,ok
Dashehari,Before ripening,Dashehari/Before ripening/20260518_50539pmByGPSMapCamera.jpg,20260518_50539pmByGPSMapCamera.jpg,.jpg,9391074,3456x4608,ok
Dashehari,Before ripening,Dashehari/Before ripening/20260518_50545pmByGPSMapCamera.jpg,20260518_50545pmByGPSMapCamera.jpg,.jpg,10000757,3456x4608,ok
Dashehari,Before ripening,Dashehari/Before ripening/20260518_50546pmByGPSMapCamera.jpg,20260518_50546pmByGPSMapCamera.jpg,.jpg,8835789,3456x4608,ok
Dashehari,Before ripening,Dashehari/Before ripening/20260518_50715pmByGPSMapCamera.jpg,20260518_50715pmByGPSMapCamera.jpg,.jpg,9456512,3456x4608,ok
Dashehari,Before ripening,Dashehari/Before ripening/20260518_50725pmByGPSMapCamera.jpg,20260518_50725pmByGPSMapCamera.jpg,.jpg,8704979,3456x4608,ok
Dashehari,Before ripening,Dashehari/Before ripening/20260518_50735pmByGPSMapCamera.jpg,20260518_50735pmByGPSMapCamera.jpg,.jpg,8728612,3456x4608,ok
Dashehari,Before ripening,Dashehari/Before ripening/20260518_50826pmByGPSMapCamera.jpg,20260518_50826pmByGPSMapCamera.jpg,.jpg,9222771,3456x4608,ok
Dashehari,Before ripening,Dashehari/Before ripening/20260518_50836pmByGPSMapCamera.jpg,20260518_50836pmByGPSMapCamera.jpg,.jpg,7148534,3456x4608,ok
Dashehari,Before ripening,Dashehari/Before ripening/20260518_50917pmByGPSMapCamera.jpg,20260518_50917pmByGPSMapCamera.jpg,.jpg,10335936,3456x4608,ok
Dashehari,Before ripening,Dashehari/Before ripening/20260518_50920pmByGPSMapCamera.jpg,20260518_50920pmByGPSMapCamera.jpg,.jpg,9725415,3456x4608,ok
Dashehari,Before ripening,Dashehari/Before ripening/20260518_50939pmByGPSMapCamera.jpg,20260518_50939pmByGPSMapCamera.jpg,.jpg,9724441,3456x4608,ok
Dashehari,Before ripening,Dashehari/Before ripening/20260518_50942pmByGPSMapCamera.jpg,20260518_50942pmByGPSMapCamera.jpg,.jpg,9732848,3456x4608,ok
Dashehari,Before ripening,Dashehari/Before ripening/20260518_51017pmByGPSMapCamera.jpg,20260518_51017pmByGPSMapCamera.jpg,.jpg,8566184,3456x4608,ok
Dashehari,Before ripening,Dashehari/Before ripening/20260518_51019pmByGPSMapCamera.jpg,20260518_51019pmByGPSMapCamera.jpg,.jpg,8461729,3456x4608,ok
Dashehari,Before ripening,Dashehari/Before ripening/20260518_51030pmByGPSMapCamera.jpg,20260518_51030pmByGPSMapCamera.jpg,.jpg,9410525,3456x4608,ok
Dashehari,Before ripening,Dashehari/Before ripening/20260518_51046pmByGPSMapCamera.jpg,20260518_51046pmByGPSMapCamera.jpg,.jpg,11412924,3456x4608,ok
Dashehari,Before ripening,Dashehari/Before ripening/20260518_51109pmByGPSMapCamera.jpg,20260518_51109pmByGPSMapCamera.jpg,.jpg,10040903,3456x4608,ok
Dashehari,Before ripening,Dashehari/Before ripening/20260518_51112pmByGPSMapCamera.jpg,20260518_51112pmByGPSMapCamera.jpg,.jpg,10082407,3456x4608,ok
Dashehari,Before ripening,Dashehari/Before ripening/20260518_51136pmByGPSMapCamera.jpg,20260518_51136pmByGPSMapCamera.jpg,.jpg,9056256,3456x4608,ok
Dashehari,Before ripening,Dashehari/Before ripening/20260522_43123pmByGPSMapCamera.jpg,20260522_43123pmByGPSMapCamera.jpg,.jpg,8494209,3456x4608,ok
Dashehari,Before ripening,Dashehari/Before ripening/20260522_43127pmByGPSMapCamera.jpg,20260522_43127pmByGPSMapCamera.jpg,.jpg,8473063,3456x4608,ok
Dashehari,Before ripening,Dashehari/Before ripening/20260522_43147pmByGPSMapCamera.jpg,20260522_43147pmByGPSMapCamera.jpg,.jpg,10495244,3456x4608,ok
Dashehari,Before ripening,Dashehari/Before ripening/20260522_43154pmByGPSMapCamera.jpg,20260522_43154pmByGPSMapCamera.jpg,.jpg,10707147,3456x4608,ok
Dashehari,Before ripening,Dashehari/Before ripening/20260522_43200pmByGPSMapCamera.jpg,20260522_43200pmByGPSMapCamera.jpg,.jpg,10849050,3456x4608,ok
Dashehari,Before ripening,Dashehari/Before ripening/20260522_43211pmByGPSMapCamera.jpg,20260522_43211pmByGPSMapCamera.jpg,.jpg,10676555,3456x4608,ok
Dashehari,Before ripening,Dashehari/Before ripening/20260522_43238pmByGPSMapCamera.jpg,20260522_43238pmByGPSMapCamera.jpg,.jpg,8725400,3456x4608,ok
Dashehari,Before ripening,Dashehari/Before ripening/20260522_43249pmByGPSMapCamera.jpg,20260522_43249pmByGPSMapCamera.jpg,.jpg,9889485,3456x4608,ok
Dashehari,Before ripening,Dashehari/Before ripening/20260522_43253pmByGPSMapCamera.jpg,20260522_43253pmByGPSMapCamera.jpg,.jpg,9906235,3456x4608,ok
Dashehari,Before ripening,Dashehari/Before ripening/20260522_43300pmByGPSMapCamera.jpg,20260522_43300pmByGPSMapCamera.jpg,.jpg,9281450,3456x4608,ok
Dashehari,Before ripening,Dashehari/Before ripening/20260522_43313pmByGPSMapCamera.jpg,20260522_43313pmByGPSMapCamera.jpg,.jpg,9131956,3456x4608,ok
Dashehari,Before ripening,Dashehari/Before ripening/20260522_43355pmByGPSMapCamera.jpg,20260522_43355pmByGPSMapCamera.jpg,.jpg,8882081,3456x4608,ok
Dashehari,Before ripening,Dashehari/Before ripening/20260522_43400pmByGPSMapCamera.jpg,20260522_43400pmByGPSMapCamera.jpg,.jpg,8915377,3456x4608,ok
Dashehari,Before ripening,Dashehari/Before ripening/20260522_43459pmByGPSMapCamera.jpg,20260522_43459pmByGPSMapCamera.jpg,.jpg,9190680,3456x4608,ok
Dashehari,Before ripening,Dashehari/Before ripening/20260522_43503pmByGPSMapCamera.jpg,20260522_43503pmByGPSMapCamera.jpg,.jpg,8922314,3456x4608,ok
Dashehari,Before ripening,Dashehari/Before ripening/20260522_43512pmByGPSMapCamera.jpg,20260522_43512pmByGPSMapCamera.jpg,.jpg,8896658,3456x4608,ok
Dashehari,Before ripening,Dashehari/Before ripening/20260522_43524pmByGPSMapCamera.jpg,20260522_43524pmByGPSMapCamera.jpg,.jpg,10855064,3456x4608,ok
Dashehari,Before ripening,Dashehari/Before ripening/20260522_43620pmByGPSMapCamera.jpg,20260522_43620pmByGPSMapCamera.jpg,.jpg,11291204,3456x4608,ok
Dashehari,Before ripening,Dashehari/Before ripening/20260522_43702pmByGPSMapCamera.jpg,20260522_43702pmByGPSMapCamera.jpg,.jpg,9164429,3456x4608,ok
Dashehari,Before ripening,Dashehari/Before ripening/20260522_43801pmByGPSMapCamera.jpg,20260522_43801pmByGPSMapCamera.jpg,.jpg,8877290,3456x4608,ok
Dashehari,Before ripening,Dashehari/Before ripening/20260522_43805pmByGPSMapCamera.jpg,20260522_43805pmByGPSMapCamera.jpg,.jpg,9005234,3456x4608,ok
Dashehari,Before ripening,Dashehari/Before ripening/20260609_50759pmByGPSMapCamera.jpg,20260609_50759pmByGPSMapCamera.jpg,.jpg,6127507,3456x4608,ok
Dashehari,Before ripening,Dashehari/Before ripening/20260609_50801pmByGPSMapCamera.jpg,20260609_50801pmByGPSMapCamera.jpg,.jpg,6503654,3456x4608,ok
Dashehari,Before ripening,Dashehari/Before ripening/20260609_51203pmByGPSMapCamera.jpg,20260609_51203pmByGPSMapCamera.jpg,.jpg,5606015,3456x4608,ok
Dashehari,Before ripening,Dashehari/Before ripening/20260609_51204pmByGPSMapCamera.jpg,20260609_51204pmByGPSMapCamera.jpg,.jpg,5323767,3456x4608,ok
Dashehari,Before ripening,Dashehari/Before ripening/20260609_51228pmByGPSMapCamera.jpg,20260609_51228pmByGPSMapCamera.jpg,.jpg,6609832,3456x4608,ok
Dashehari,Before ripening,Dashehari/Before ripening/20260609_51230pmByGPSMapCamera.jpg,20260609_51230pmByGPSMapCamera.jpg,.jpg,6052418,3456x4608,ok
Dashehari,Before ripening,Dashehari/Before ripening/20260609_51432pmByGPSMapCamera.jpg,20260609_51432pmByGPSMapCamera.jpg,.jpg,5884031,3456x4608,ok
Dashehari,Before ripening,Dashehari/Before ripening/20260609_51434pmByGPSMapCamera.jpg,20260609_51434pmByGPSMapCamera.jpg,.jpg,5288617,3456x4608,ok
Dashehari,Before ripening,Dashehari/Before ripening/20260609_51445pmByGPSMapCamera.jpg,20260609_51445pmByGPSMapCamera.jpg,.jpg,5341588,3456x4608,ok
Dashehari,Before ripening,Dashehari/Before ripening/20260609_51446pmByGPSMapCamera.jpg,20260609_51446pmByGPSMapCamera.jpg,.jpg,5305148,3456x4608,ok
Dashehari,Before ripening,Dashehari/Before ripening/20260609_51502pmByGPSMapCamera.jpg,20260609_51502pmByGPSMapCamera.jpg,.jpg,5082352,3456x4608,ok
Dashehari,Before ripening,Dashehari/Before ripening/20260609_51503pmByGPSMapCamera.jpg,20260609_51503pmByGPSMapCamera.jpg,.jpg,5197769,3456x4608,ok
Dashehari,Before ripening,Dashehari/Before ripening/20260609_51624pmByGPSMapCamera.jpg,20260609_51624pmByGPSMapCamera.jpg,.jpg,5816161,3456x4608,ok
Dashehari,Before ripening,Dashehari/Before ripening/20260609_51630pmByGPSMapCamera.jpg,20260609_51630pmByGPSMapCamera.jpg,.jpg,6086909,3456x4608,ok
Dashehari,Before ripening,Dashehari/Before ripening/20260609_51631pmByGPSMapCamera.jpg,20260609_51631pmByGPSMapCamera.jpg,.jpg,6124501,3456x4608,ok
Dashehari,Before ripening,Dashehari/Before ripening/20260609_51701pmByGPSMapCamera.jpg,20260609_51701pmByGPSMapCamera.jpg,.jpg,5778022,3456x4608,ok
Dashehari,Before ripening,Dashehari/Before ripening/20260609_51704pmByGPSMapCamera.jpg,20260609_51704pmByGPSMapCamera.jpg,.jpg,5606947,3456x4608,ok
Dashehari,Before ripening,Dashehari/Before ripening/20260609_51736pmByGPSMapCamera.jpg,20260609_51736pmByGPSMapCamera.jpg,.jpg,5509436,3456x4608,ok
Dashehari,Before ripening,Dashehari/Before ripening/20260609_51739pmByGPSMapCamera.jpg,20260609_51739pmByGPSMapCamera.jpg,.jpg,5321216,3456x4608,ok
Dashehari,Before ripening,Dashehari/Before ripening/20260609_51819pmByGPSMapCamera.jpg,20260609_51819pmByGPSMapCamera.jpg,.jpg,6651660,3456x4608,ok
Dashehari,Before ripening,Dashehari/Before ripening/20260609_51821pmByGPSMapCamera.jpg,20260609_51821pmByGPSMapCamera.jpg,.jpg,6673274,3456x4608,ok
Dashehari,Before ripening,Dashehari/Before ripening/20260610_45204pmByGPSMapCamera.jpg,20260610_45204pmByGPSMapCamera.jpg,.jpg,9389398,3456x4608,ok
Dashehari,Before ripening,Dashehari/Before ripening/20260610_45207pmByGPSMapCamera.jpg,20260610_45207pmByGPSMapCamera.jpg,.jpg,9435654,3456x4608,ok
Dashehari,Before ripening,Dashehari/Before ripening/20260610_45213pmByGPSMapCamera.jpg,20260610_45213pmByGPSMapCamera.jpg,.jpg,9413730,3456x4608,ok
Dashehari,Before ripening,Dashehari/Before ripening/20260610_45238pmByGPSMapCamera.jpg,20260610_45238pmByGPSMapCamera.jpg,.jpg,8585803,3456x4608,ok
Dashehari,Before ripening,Dashehari/Before ripening/20260610_45241pmByGPSMapCamera.jpg,20260610_45241pmByGPSMapCamera.jpg,.jpg,8681351,3456x4608,ok
Dashehari,Before ripening,Dashehari/Before ripening/20260610_45253pmByGPSMapCamera.jpg,20260610_45253pmByGPSMapCamera.jpg,.jpg,9860154,3456x4608,ok
Dashehari,Before ripening,Dashehari/Before ripening/20260610_45256pmByGPSMapCamera.jpg,20260610_45256pmByGPSMapCamera.jpg,.jpg,9901671,3456x4608,ok
Dashehari,Before ripening,Dashehari/Before ripening/20260610_45312pmByGPSMapCamera.jpg,20260610_45312pmByGPSMapCamera.jpg,.jpg,8907696,3456x4608,ok
Dashehari,Before ripening,Dashehari/Before ripening/20260610_45314pmByGPSMapCamera.jpg,20260610_45314pmByGPSMapCamera.jpg,.jpg,9006849,3456x4608,ok
Dashehari,Before ripening,Dashehari/Before ripening/20260610_45320pmByGPSMapCamera.jpg,20260610_45320pmByGPSMapCamera.jpg,.jpg,9378330,3456x4608,ok
Dashehari,Before ripening,Dashehari/Before ripening/20260610_45332pmByGPSMapCamera.jpg,20260610_45332pmByGPSMapCamera.jpg,.jpg,9150668,3456x4608,ok
Dashehari,Before ripening,Dashehari/Before ripening/20260610_45337pmByGPSMapCamera.jpg,20260610_45337pmByGPSMapCamera.jpg,.jpg,9409539,3456x4608,ok
Dashehari,Before ripening,Dashehari/Before ripening/20260610_45347pmByGPSMapCamera.jpg,20260610_45347pmByGPSMapCamera.jpg,.jpg,8536668,3456x4608,ok
Dashehari,Before ripening,Dashehari/Before ripening/20260610_45352pmByGPSMapCamera.jpg,20260610_45352pmByGPSMapCamera.jpg,.jpg,5744712,3456x4608,ok
Dashehari,Before ripening,Dashehari/Before ripening/20260610_45356pmByGPSMapCamera.jpg,20260610_45356pmByGPSMapCamera.jpg,.jpg,5861631,3456x4608,ok
Dashehari,Before ripening,Dashehari/Before ripening/20260610_45409pmByGPSMapCamera.jpg,20260610_45409pmByGPSMapCamera.jpg,.jpg,8986760,3456x4608,ok
Dashehari,Before ripening,Dashehari/Before ripening/20260610_45415pmByGPSMapCamera.jpg,20260610_45415pmByGPSMapCamera.jpg,.jpg,9845220,3456x4608,ok
Dashehari,Before ripening,Dashehari/Before ripening/20260610_45419pmByGPSMapCamera.jpg,20260610_45419pmByGPSMapCamera.jpg,.jpg,9906722,3456x4608,ok
Dashehari,Before ripening,Dashehari/Before ripening/20260610_45434pmByGPSMapCamera.jpg,20260610_45434pmByGPSMapCamera.jpg,.jpg,9235955,3456x4608,ok
Dashehari,Before ripening,Dashehari/Before ripening/20260610_45438pmByGPSMapCamera.jpg,20260610_45438pmByGPSMapCamera.jpg,.jpg,9188686,3456x4608,ok
Dashehari,Before ripening,Dashehari/Before ripening/20260610_45451pmByGPSMapCamera.jpg,20260610_45451pmByGPSMapCamera.jpg,.jpg,9558029,3456x4608,ok
Dashehari,Before ripening,Dashehari/Before ripening/20260610_45455pmByGPSMapCamera.jpg,20260610_45455pmByGPSMapCamera.jpg,.jpg,9412119,3456x4608,ok
Dashehari,Before ripening,Dashehari/Before ripening/20260610_45506pmByGPSMapCamera.jpg,20260610_45506pmByGPSMapCamera.jpg,.jpg,9267750,3456x4608,ok
Dashehari,Before ripening,Dashehari/Before ripening/20260610_45512pmByGPSMapCamera.jpg,20260610_45512pmByGPSMapCamera.jpg,.jpg,9333743,3456x4608,ok
Dashehari,Before ripening,Dashehari/Before ripening/20260610_45516pmByGPSMapCamera.jpg,20260610_45516pmByGPSMapCamera.jpg,.jpg,9276844,3456x4608,ok
Dashehari,Before ripening,Dashehari/Before ripening/20260610_45517pmByGPSMapCamera.jpg,20260610_45517pmByGPSMapCamera.jpg,.jpg,8713681,3456x4608,ok
Dashehari,Before ripening,Dashehari/Before ripening/20260610_45540pmByGPSMapCamera.jpg,20260610_45540pmByGPSMapCamera.jpg,.jpg,9383168,3456x4608,ok
Dashehari,Before ripening,Dashehari/Before ripening/20260610_45545pmByGPSMapCamera.jpg,20260610_45545pmByGPSMapCamera.jpg,.jpg,9389015,3456x4608,ok
Dashehari,Before ripening,Dashehari/Before ripening/20260610_45556pmByGPSMapCamera.jpg,20260610_45556pmByGPSMapCamera.jpg,.jpg,9254343,3456x4608,ok
Dashehari,Before ripening,Dashehari/Before ripening/20260610_45630pmByGPSMapCamera.jpg,20260610_45630pmByGPSMapCamera.jpg,.jpg,8995431,3456x4608,ok
Dashehari,Before ripening,Dashehari/Before ripening/20260610_45638pmByGPSMapCamera.jpg,20260610_45638pmByGPSMapCamera.jpg,.jpg,9459588,3456x4608,ok
Dashehari,Before ripening,Dashehari/Before ripening/20260610_45650pmByGPSMapCamera.jpg,20260610_45650pmByGPSMapCamera.jpg,.jpg,8595866,3456x4608,ok
Dashehari,Before ripening,Dashehari/Before ripening/20260610_45712pmByGPSMapCamera.jpg,20260610_45712pmByGPSMapCamera.jpg,.jpg,12064161,3456x4608,ok
Dashehari,Before ripening,Dashehari/Before ripening/20260610_45713pmByGPSMapCamera.jpg,20260610_45713pmByGPSMapCamera.jpg,.jpg,10152676,3456x4608,ok
Dashehari,Before ripening,Dashehari/Before ripening/20260610_45808pmByGPSMapCamera.jpg,20260610_45808pmByGPSMapCamera.jpg,.jpg,9405650,3456x4608,ok
Dashehari,Before ripening,Dashehari/Before ripening/20260610_45810pmByGPSMapCamera.jpg,20260610_45810pmByGPSMapCamera.jpg,.jpg,9444555,3456x4608,ok
Dashehari,Before ripening,Dashehari/Before ripening/20260610_45815pmByGPSMapCamera.jpg,20260610_45815pmByGPSMapCamera.jpg,.jpg,9495796,3456x4608,ok
Dashehari,Before ripening,Dashehari/Before ripening/20260610_45856pmByGPSMapCamera.jpg,20260610_45856pmByGPSMapCamera.jpg,.jpg,8892782,3456x4608,ok
Dashehari,Before ripening,Dashehari/Before ripening/20260610_45859pmByGPSMapCamera.jpg,20260610_45859pmByGPSMapCamera.jpg,.jpg,8849215,3456x4608,ok
Dashehari,Before ripening,Dashehari/Before ripening/20260610_50017pmByGPSMapCamera.jpg,20260610_50017pmByGPSMapCamera.jpg,.jpg,8634533,3456x4608,ok
Dashehari,Before ripening,Dashehari/Before ripening/20260610_50026pmByGPSMapCamera.jpg,20260610_50026pmByGPSMapCamera.jpg,.jpg,9268684,3456x4608,ok
Dashehari,Before ripening,Dashehari/Before ripening/20260610_50047pmByGPSMapCamera.jpg,20260610_50047pmByGPSMapCamera.jpg,.jpg,6228973,3456x4608,ok
Dashehari,Before ripening,Dashehari/Before ripening/20260610_50111pmByGPSMapCamera.jpg,20260610_50111pmByGPSMapCamera.jpg,.jpg,9143952,3456x4608,ok
Dashehari,Before ripening,Dashehari/Before ripening/20260610_50114pmByGPSMapCamera.jpg,20260610_50114pmByGPSMapCamera.jpg,.jpg,9131129,3456x4608,ok
Dashehari,Before ripening,Dashehari/Before ripening/20260610_50132pmByGPSMapCamera.jpg,20260610_50132pmByGPSMapCamera.jpg,.jpg,6080910,3456x4608,ok
Dashehari,Before ripening,Dashehari/Before ripening/20260610_50134pmByGPSMapCamera.jpg,20260610_50134pmByGPSMapCamera.jpg,.jpg,6389862,3456x4608,ok
Dashehari,Before ripening,Dashehari/Before ripening/20260610_50157pmByGPSMapCamera.jpg,20260610_50157pmByGPSMapCamera.jpg,.jpg,6493035,3456x4608,ok
Dashehari,Before ripening,Dashehari/Before ripening/20260610_50159pmByGPSMapCamera.jpg,20260610_50159pmByGPSMapCamera.jpg,.jpg,6503678,3456x4608,ok
Dashehari,Before ripening,Dashehari/Before ripening/20260610_50224pmByGPSMapCamera.jpg,20260610_50224pmByGPSMapCamera.jpg,.jpg,7744178,3456x4608,ok
Dashehari,Before ripening,Dashehari/Before ripening/20260610_50302pmByGPSMapCamera.jpg,20260610_50302pmByGPSMapCamera.jpg,.jpg,6274558,3456x4608,ok
Dashehari,Before ripening,Dashehari/Before ripening/20260610_50304pmByGPSMapCamera.jpg,20260610_50304pmByGPSMapCamera.jpg,.jpg,6294418,3456x4608,ok
Dashehari,Before ripening,Dashehari/Before ripening/20260610_50307pmByGPSMapCamera.jpg,20260610_50307pmByGPSMapCamera.jpg,.jpg,6299269,3456x4608,ok
Dashehari,Before ripening,Dashehari/Before ripening/20260610_50317pmByGPSMapCamera.jpg,20260610_50317pmByGPSMapCamera.jpg,.jpg,6041532,3456x4608,ok
Dashehari,Before ripening,Dashehari/Before ripening/20260610_50324pmByGPSMapCamera.jpg,20260610_50324pmByGPSMapCamera.jpg,.jpg,6001631,3456x4608,ok
Dashehari,Before ripening,Dashehari/Before ripening/20260610_50332pmByGPSMapCamera.jpg,20260610_50332pmByGPSMapCamera.jpg,.jpg,6645473,3456x4608,ok
Dashehari,Before ripening,Dashehari/Before ripening/20260610_50357pmByGPSMapCamera.jpg,20260610_50357pmByGPSMapCamera.jpg,.jpg,6334175,3456x4608,ok
Dashehari,Before ripening,Dashehari/Before ripening/20260610_50359pmByGPSMapCamera.jpg,20260610_50359pmByGPSMapCamera.jpg,.jpg,6368135,3456x4608,ok
Dashehari,Before ripening,Dashehari/Before ripening/20260610_50419pmByGPSMapCamera.jpg,20260610_50419pmByGPSMapCamera.jpg,.jpg,6128101,3456x4608,ok
Dashehari,Before ripening,Dashehari/Before ripening/20260610_50422pmByGPSMapCamera.jpg,20260610_50422pmByGPSMapCamera.jpg,.jpg,6209086,3456x4608,ok
Dashehari,Before ripening,Dashehari/Before ripening/20260610_50433pmByGPSMapCamera.jpg,20260610_50433pmByGPSMapCamera.jpg,.jpg,6447078,3456x4608,ok
Dashehari,Before ripening,Dashehari/Before ripening/20260610_50436pmByGPSMapCamera.jpg,20260610_50436pmByGPSMapCamera.jpg,.jpg,6341618,3456x4608,ok
Dashehari,Before ripening,Dashehari/Before ripening/20260610_50443pmByGPSMapCamera.jpg,20260610_50443pmByGPSMapCamera.jpg,.jpg,6173131,3456x4608,ok
Dashehari,Before ripening,Dashehari/Before ripening/20260610_50458pmByGPSMapCamera.jpg,20260610_50458pmByGPSMapCamera.jpg,.jpg,6496342,3456x4608,ok
Dashehari,Before ripening,Dashehari/Before ripening/20260610_50501pmByGPSMapCamera.jpg,20260610_50501pmByGPSMapCamera.jpg,.jpg,6485745,3456x4608,ok
Dashehari,Before ripening,Dashehari/Before ripening/20260610_50512pmByGPSMapCamera.jpg,20260610_50512pmByGPSMapCamera.jpg,.jpg,6541319,3456x4608,ok
Dashehari,Before ripening,Dashehari/Before ripening/20260610_50514pmByGPSMapCamera.jpg,20260610_50514pmByGPSMapCamera.jpg,.jpg,6544154,3456x4608,ok
Dashehari,Before ripening,Dashehari/Before ripening/20260610_50527pmByGPSMapCamera.jpg,20260610_50527pmByGPSMapCamera.jpg,.jpg,6462690,3456x4608,ok
Dashehari,Before ripening,Dashehari/Before ripening/20260610_50530pmByGPSMapCamera.jpg,20260610_50530pmByGPSMapCamera.jpg,.jpg,6354342,3456x4608,ok
Dashehari,Before ripening,Dashehari/Before ripening/20260610_50541pmByGPSMapCamera.jpg,20260610_50541pmByGPSMapCamera.jpg,.jpg,6438500,3456x4608,ok
Dashehari,Before ripening,Dashehari/Before ripening/20260610_50553pmByGPSMapCamera.jpg,20260610_50553pmByGPSMapCamera.jpg,.jpg,5908497,3456x4608,ok
Dashehari,Before ripening,Dashehari/Before ripening/20260610_50555pmByGPSMapCamera.jpg,20260610_50555pmByGPSMapCamera.jpg,.jpg,5888611,3456x4608,ok
Dashehari,Before ripening,Dashehari/Before ripening/20260610_50558pmByGPSMapCamera.jpg,20260610_50558pmByGPSMapCamera.jpg,.jpg,5882532,3456x4608,ok
Dashehari,Before ripening,Dashehari/Before ripening/20260610_50620pmByGPSMapCamera.jpg,20260610_50620pmByGPSMapCamera.jpg,.jpg,6111126,3456x4608,ok
Dashehari,Before ripening,Dashehari/Before ripening/20260610_50621pmByGPSMapCamera.jpg,20260610_50621pmByGPSMapCamera.jpg,.jpg,6163906,3456x4608,ok
Dashehari,Before ripening,Dashehari/Before ripening/20260610_50626pmByGPSMapCamera.jpg,20260610_50626pmByGPSMapCamera.jpg,.jpg,6120107,3456x4608,ok
Dashehari,Before ripening,Dashehari/Before ripening/20260610_50710pmByGPSMapCamera.jpg,20260610_50710pmByGPSMapCamera.jpg,.jpg,6187478,3456x4608,ok
Dashehari,Before ripening,Dashehari/Before ripening/20260610_50712pmByGPSMapCamera.jpg,20260610_50712pmByGPSMapCamera.jpg,.jpg,6193074,3456x4608,ok
Dashehari,Before ripening,Dashehari/Before ripening/20260610_50721pmByGPSMapCamera.jpg,20260610_50721pmByGPSMapCamera.jpg,.jpg,6559557,3456x4608,ok
Dashehari,Before ripening,Dashehari/Before ripening/20260610_50724pmByGPSMapCamera.jpg,20260610_50724pmByGPSMapCamera.jpg,.jpg,6692094,3456x4608,ok
Dashehari,Before ripening,Dashehari/Before ripening/20260610_50736pmByGPSMapCamera.jpg,20260610_50736pmByGPSMapCamera.jpg,.jpg,6633230,3456x4608,ok
Dashehari,Before ripening,Dashehari/Before ripening/20260610_50738pmByGPSMapCamera.jpg,20260610_50738pmByGPSMapCamera.jpg,.jpg,6791615,3456x4608,ok
Dashehari,Before ripening,Dashehari/Before ripening/20260610_50744pmByGPSMapCamera.jpg,20260610_50744pmByGPSMapCamera.jpg,.jpg,6228264,3456x4608,ok
Dashehari,Before ripening,Dashehari/Before ripening/20260610_50746pmByGPSMapCamera.jpg,20260610_50746pmByGPSMapCamera.jpg,.jpg,6289058,3456x4608,ok
Dashehari,Before ripening,Dashehari/Before ripening/20260610_50757pmByGPSMapCamera.jpg,20260610_50757pmByGPSMapCamera.jpg,.jpg,6537755,3456x4608,ok
Dashehari,Before ripening,Dashehari/Before ripening/20260610_50803pmByGPSMapCamera.jpg,20260610_50803pmByGPSMapCamera.jpg,.jpg,6362003,3456x4608,ok
Dashehari,Before ripening,Dashehari/Before ripening/20260610_50805pmByGPSMapCamera.jpg,20260610_50805pmByGPSMapCamera.jpg,.jpg,6277244,3456x4608,ok
Dashehari,Before ripening,Dashehari/Before ripening/20260610_50821pmByGPSMapCamera.jpg,20260610_50821pmByGPSMapCamera.jpg,.jpg,6180221,3456x4608,ok
Dashehari,Before ripening,Dashehari/Before ripening/20260610_50824pmByGPSMapCamera.jpg,20260610_50824pmByGPSMapCamera.jpg,.jpg,6224521,3456x4608,ok
Dashehari,Before ripening,Dashehari/Before ripening/20260610_50831pmByGPSMapCamera.jpg,20260610_50831pmByGPSMapCamera.jpg,.jpg,6229925,3456x4608,ok
Dashehari,Before ripening,Dashehari/Before ripening/20260610_50833pmByGPSMapCamera.jpg,20260610_50833pmByGPSMapCamera.jpg,.jpg,6210050,3456x4608,ok
Dashehari,Before ripening,Dashehari/Before ripening/20260610_50836pmByGPSMapCamera.jpg,20260610_50836pmByGPSMapCamera.jpg,.jpg,6116475,3456x4608,ok
Dashehari,Before ripening,Dashehari/Before ripening/20260610_50921pmByGPSMapCamera.jpg,20260610_50921pmByGPSMapCamera.jpg,.jpg,8541034,3456x4608,ok
Dashehari,Before ripening,Dashehari/Before ripening/20260610_50924pmByGPSMapCamera.jpg,20260610_50924pmByGPSMapCamera.jpg,.jpg,8570048,3456x4608,ok
Dashehari,Before ripening,Dashehari/Before ripening/20260610_50944pmByGPSMapCamera.jpg,20260610_50944pmByGPSMapCamera.jpg,.jpg,9223245,3456x4608,ok
Dashehari,Before ripening,Dashehari/Before ripening/20260610_52044pmByGPSMapCamera.jpg,20260610_52044pmByGPSMapCamera.jpg,.jpg,8917568,3456x4608,ok
Dashehari,Before ripening,Dashehari/Before ripening/20260610_52143pmByGPSMapCamera.jpg,20260610_52143pmByGPSMapCamera.jpg,.jpg,9580291,3456x4608,ok
Dashehari,Before ripening,Dashehari/Before ripening/20260610_52146pmByGPSMapCamera.jpg,20260610_52146pmByGPSMapCamera.jpg,.jpg,9662493,3456x4608,ok
Dashehari,Before ripening,Dashehari/Before ripening/20260610_52210pmByGPSMapCamera.jpg,20260610_52210pmByGPSMapCamera.jpg,.jpg,9026668,3456x4608,ok
Dashehari,Before ripening,Dashehari/Before ripening/20260610_52213pmByGPSMapCamera.jpg,20260610_52213pmByGPSMapCamera.jpg,.jpg,9143497,3456x4608,ok
Dashehari,Before ripening,Dashehari/Before ripening/20260610_52223pmByGPSMapCamera.jpg,20260610_52223pmByGPSMapCamera.jpg,.jpg,8636639,3456x4608,ok
Dashehari,Before ripening,Dashehari/Before ripening/20260610_52239pmByGPSMapCamera.jpg,20260610_52239pmByGPSMapCamera.jpg,.jpg,9373097,3456x4608,ok
Dashehari,Before ripening,Dashehari/Before ripening/20260610_52241pmByGPSMapCamera.jpg,20260610_52241pmByGPSMapCamera.jpg,.jpg,9119758,3456x4608,ok
Dashehari,Before ripening,Dashehari/Before ripening/20260610_52245pmByGPSMapCamera.jpg,20260610_52245pmByGPSMapCamera.jpg,.jpg,9701105,3456x4608,ok
Dashehari,Before ripening,Dashehari/Before ripening/20260610_52254pmByGPSMapCamera.jpg,20260610_52254pmByGPSMapCamera.jpg,.jpg,8769376,3456x4608,ok
Dashehari,Before ripening,Dashehari/Before ripening/20260610_52256pmByGPSMapCamera.jpg,20260610_52256pmByGPSMapCamera.jpg,.jpg,8821862,3456x4608,ok
Dashehari,Before ripening,Dashehari/Before ripening/20260610_52353pmByGPSMapCamera.jpg,20260610_52353pmByGPSMapCamera.jpg,.jpg,9691344,3456x4608,ok
Dashehari,Before ripening,Dashehari/Before ripening/20260610_52356pmByGPSMapCamera.jpg,20260610_52356pmByGPSMapCamera.jpg,.jpg,9698258,3456x4608,ok
Dashehari,Before ripening,Dashehari/Before ripening/20260611_51530pmByGPSMapCamera.jpg,20260611_51530pmByGPSMapCamera.jpg,.jpg,10522411,3456x4608,ok
Dashehari,Before ripening,Dashehari/Before ripening/20260611_51545pmByGPSMapCamera.jpg,20260611_51545pmByGPSMapCamera.jpg,.jpg,10671184,3456x4608,ok
Dashehari,Before ripening,Dashehari/Before ripening/20260611_51548pmByGPSMapCamera.jpg,20260611_51548pmByGPSMapCamera.jpg,.jpg,10240230,3456x4608,ok
Dashehari,Before ripening,Dashehari/Before ripening/20260611_51555pmByGPSMapCamera.jpg,20260611_51555pmByGPSMapCamera.jpg,.jpg,9467304,3456x4608,ok
Dashehari,Before ripening,Dashehari/Before ripening/20260611_51603pmByGPSMapCamera.jpg,20260611_51603pmByGPSMapCamera.jpg,.jpg,8883544,3456x4608,ok
Dashehari,Before ripening,Dashehari/Before ripening/20260611_51613pmByGPSMapCamera.jpg,20260611_51613pmByGPSMapCamera.jpg,.jpg,9018026,3456x4608,ok
Dashehari,Before ripening,Dashehari/Before ripening/20260611_51621pmByGPSMapCamera.jpg,20260611_51621pmByGPSMapCamera.jpg,.jpg,9553386,3456x4608,ok
Dashehari,Before ripening,Dashehari/Before ripening/20260612_44924pmByGPSMapCamera.jpg,20260612_44924pmByGPSMapCamera.jpg,.jpg,9899917,3456x4608,ok
Dashehari,Before ripening,Dashehari/Before ripening/20260612_44931pmByGPSMapCamera.jpg,20260612_44931pmByGPSMapCamera.jpg,.jpg,9931838,3456x4608,ok
Dashehari,Before ripening,Dashehari/Before ripening/20260612_44937pmByGPSMapCamera.jpg,20260612_44937pmByGPSMapCamera.jpg,.jpg,10321677,3456x4608,ok
Dashehari,Before ripening,Dashehari/Before ripening/20260612_44942pmByGPSMapCamera.jpg,20260612_44942pmByGPSMapCamera.jpg,.jpg,11663689,3456x4608,ok
Dashehari,Before ripening,Dashehari/Before ripening/20260612_44953pmByGPSMapCamera.jpg,20260612_44953pmByGPSMapCamera.jpg,.jpg,10076250,3456x4608,ok
Dashehari,Before ripening,Dashehari/Before ripening/20260612_45013pmByGPSMapCamera.jpg,20260612_45013pmByGPSMapCamera.jpg,.jpg,6485763,3456x4608,ok
Dashehari,Before ripening,Dashehari/Before ripening/20260612_45026pmByGPSMapCamera.jpg,20260612_45026pmByGPSMapCamera.jpg,.jpg,6588688,3456x4608,ok
Suvarnarekha,After ripening,Suvarnarekha/After ripening/20260513_52840pmByGPSMapCamera.jpg,20260513_52840pmByGPSMapCamera.jpg,.jpg,9083512,3456x4608,ok
Suvarnarekha,After ripening,Suvarnarekha/After ripening/20260513_54505pmByGPSMapCamera.jpg,20260513_54505pmByGPSMapCamera.jpg,.jpg,8954456,3456x4608,ok
Suvarnarekha,After ripening,Suvarnarekha/After ripening/20260513_54507pmByGPSMapCamera.jpg,20260513_54507pmByGPSMapCamera.jpg,.jpg,8272274,3456x4608,ok
Suvarnarekha,After ripening,Suvarnarekha/After ripening/20260513_54517pmByGPSMapCamera.jpg,20260513_54517pmByGPSMapCamera.jpg,.jpg,8563843,3456x4608,ok
Suvarnarekha,After ripening,Suvarnarekha/After ripening/20260513_54519pmByGPSMapCamera.jpg,20260513_54519pmByGPSMapCamera.jpg,.jpg,8377297,3456x4608,ok
Suvarnarekha,After ripening,Suvarnarekha/After ripening/20260513_54730pmByGPSMapCamera.jpg,20260513_54730pmByGPSMapCamera.jpg,.jpg,7159255,3456x4608,ok
Suvarnarekha,After ripening,Suvarnarekha/After ripening/20260513_54732pmByGPSMapCamera.jpg,20260513_54732pmByGPSMapCamera.jpg,.jpg,7466945,3456x4608,ok
Suvarnarekha,After ripening,Suvarnarekha/After ripening/20260513_54736pmByGPSMapCamera.jpg,20260513_54736pmByGPSMapCamera.jpg,.jpg,7218988,3456x4608,ok
Suvarnarekha,After ripening,Suvarnarekha/After ripening/20260513_54831pmByGPSMapCamera.jpg,20260513_54831pmByGPSMapCamera.jpg,.jpg,7302989,3456x4608,ok
Suvarnarekha,After ripening,Suvarnarekha/After ripening/20260513_54837pmByGPSMapCamera.jpg,20260513_54837pmByGPSMapCamera.jpg,.jpg,7129396,3456x4608,ok
Suvarnarekha,After ripening,Suvarnarekha/After ripening/20260513_54914pmByGPSMapCamera.jpg,20260513_54914pmByGPSMapCamera.jpg,.jpg,7452408,3456x4608,ok
Suvarnarekha,After ripening,Suvarnarekha/After ripening/20260514_110514.jpg,20260514_110514.jpg,.jpg,2483432,4608x2128,ok
Suvarnarekha,After ripening,Suvarnarekha/After ripening/20260514_110516.jpg,20260514_110516.jpg,.jpg,2475145,4608x2128,ok
Suvarnarekha,After ripening,Suvarnarekha/After ripening/20260514_110518.jpg,20260514_110518.jpg,.jpg,2476328,4608x2128,ok
Suvarnarekha,After ripening,Suvarnarekha/After ripening/20260514_110520.jpg,20260514_110520.jpg,.jpg,2495351,4608x2128,ok
Suvarnarekha,After ripening,Suvarnarekha/After ripening/20260514_110521.jpg,20260514_110521.jpg,.jpg,2526538,4608x2128,ok
Suvarnarekha,After ripening,Suvarnarekha/After ripening/20260514_110523.jpg,20260514_110523.jpg,.jpg,2522396,4608x2128,ok
Suvarnarekha,After ripening,Suvarnarekha/After ripening/20260514_110525.jpg,20260514_110525.jpg,.jpg,2494433,4608x2128,ok
Suvarnarekha,After ripening,Suvarnarekha/After ripening/20260514_110558.jpg,20260514_110558.jpg,.jpg,2284176,4608x2128,ok
Suvarnarekha,After ripening,Suvarnarekha/After ripening/20260514_110600.jpg,20260514_110600.jpg,.jpg,2401153,4608x2128,ok
Suvarnarekha,After ripening,Suvarnarekha/After ripening/20260514_110602.jpg,20260514_110602.jpg,.jpg,2438020,4608x2128,ok
Suvarnarekha,After ripening,Suvarnarekha/After ripening/20260514_110605.jpg,20260514_110605.jpg,.jpg,2342702,4608x2128,ok
Suvarnarekha,After ripening,Suvarnarekha/After ripening/20260514_110607.jpg,20260514_110607.jpg,.jpg,2382812,4608x2128,ok
Suvarnarekha,After ripening,Suvarnarekha/After ripening/20260514_110609.jpg,20260514_110609.jpg,.jpg,2461708,4608x2128,ok
Suvarnarekha,After ripening,Suvarnarekha/After ripening/20260514_110630.jpg,20260514_110630.jpg,.jpg,2521046,4608x2128,ok
Suvarnarekha,After ripening,Suvarnarekha/After ripening/20260514_110631.jpg,20260514_110631.jpg,.jpg,2501879,4608x2128,ok
Suvarnarekha,After ripening,Suvarnarekha/After ripening/20260514_110633.jpg,20260514_110633.jpg,.jpg,2558302,4608x2128,ok
Suvarnarekha,After ripening,Suvarnarekha/After ripening/20260514_110635.jpg,20260514_110635.jpg,.jpg,2401504,4608x2128,ok
Suvarnarekha,After ripening,Suvarnarekha/After ripening/20260514_110654.jpg,20260514_110654.jpg,.jpg,2482206,4608x2128,ok
Suvarnarekha,After ripening,Suvarnarekha/After ripening/20260514_110702.jpg,20260514_110702.jpg,.jpg,2449577,4608x2128,ok
Suvarnarekha,After ripening,Suvarnarekha/After ripening/20260514_110704.jpg,20260514_110704.jpg,.jpg,2615724,4608x2128,ok
Suvarnarekha,After ripening,Suvarnarekha/After ripening/20260514_110706.jpg,20260514_110706.jpg,.jpg,2423558,4608x2128,ok
Suvarnarekha,After ripening,Suvarnarekha/After ripening/20260514_110709.jpg,20260514_110709.jpg,.jpg,2449332,4608x2128,ok
Suvarnarekha,After ripening,Suvarnarekha/After ripening/20260514_110819.jpg,20260514_110819.jpg,.jpg,2523420,4608x2128,ok
Suvarnarekha,After ripening,Suvarnarekha/After ripening/20260514_110821.jpg,20260514_110821.jpg,.jpg,2333669,4608x2128,ok
Suvarnarekha,After ripening,Suvarnarekha/After ripening/20260514_110824.jpg,20260514_110824.jpg,.jpg,2499917,4608x2128,ok
Suvarnarekha,After ripening,Suvarnarekha/After ripening/20260514_110826.jpg,20260514_110826.jpg,.jpg,2550957,4608x2128,ok
Suvarnarekha,After ripening,Suvarnarekha/After ripening/20260514_110828.jpg,20260514_110828.jpg,.jpg,2527020,4608x2128,ok
Suvarnarekha,After ripening,Suvarnarekha/After ripening/20260514_110830.jpg,20260514_110830.jpg,.jpg,2548848,4608x2128,ok
Suvarnarekha,After ripening,Suvarnarekha/After ripening/20260514_110848.jpg,20260514_110848.jpg,.jpg,2333563,4608x2128,ok
Suvarnarekha,After ripening,Suvarnarekha/After ripening/20260514_110850.jpg,20260514_110850.jpg,.jpg,2577846,4608x2128,ok
Suvarnarekha,After ripening,Suvarnarekha/After ripening/20260514_110852.jpg,20260514_110852.jpg,.jpg,2677866,4608x2128,ok
Suvarnarekha,After ripening,Suvarnarekha/After ripening/20260514_110854.jpg,20260514_110854.jpg,.jpg,2628576,4608x2128,ok
Suvarnarekha,After ripening,Suvarnarekha/After ripening/20260514_110859.jpg,20260514_110859.jpg,.jpg,2597794,4608x2128,ok
Suvarnarekha,After ripening,Suvarnarekha/After ripening/20260514_110901.jpg,20260514_110901.jpg,.jpg,2629359,4608x2128,ok
Suvarnarekha,After ripening,Suvarnarekha/After ripening/20260514_111003.jpg,20260514_111003.jpg,.jpg,2493069,4608x2128,ok
Suvarnarekha,After ripening,Suvarnarekha/After ripening/20260514_111005.jpg,20260514_111005.jpg,.jpg,2457481,4608x2128,ok
Suvarnarekha,After ripening,Suvarnarekha/After ripening/20260514_111008.jpg,20260514_111008.jpg,.jpg,2485913,4608x2128,ok
Suvarnarekha,After ripening,Suvarnarekha/After ripening/20260514_111010.jpg,20260514_111010.jpg,.jpg,2385852,4608x2128,ok
Suvarnarekha,After ripening,Suvarnarekha/After ripening/20260514_111023.jpg,20260514_111023.jpg,.jpg,2507241,4608x2128,ok
Suvarnarekha,After ripening,Suvarnarekha/After ripening/20260514_111025.jpg,20260514_111025.jpg,.jpg,2573984,4608x2128,ok
Suvarnarekha,After ripening,Suvarnarekha/After ripening/20260514_111027.jpg,20260514_111027.jpg,.jpg,2556374,4608x2128,ok
Suvarnarekha,After ripening,Suvarnarekha/After ripening/20260514_111029.jpg,20260514_111029.jpg,.jpg,2564137,4608x2128,ok
Suvarnarekha,After ripening,Suvarnarekha/After ripening/20260514_111033.jpg,20260514_111033.jpg,.jpg,2530058,4608x2128,ok
Suvarnarekha,After ripening,Suvarnarekha/After ripening/20260514_111035.jpg,20260514_111035.jpg,.jpg,2566173,4608x2128,ok
Suvarnarekha,After ripening,Suvarnarekha/After ripening/20260514_111100.jpg,20260514_111100.jpg,.jpg,2386261,4608x2128,ok
Suvarnarekha,After ripening,Suvarnarekha/After ripening/20260514_111104.jpg,20260514_111104.jpg,.jpg,2422876,4608x2128,ok
Suvarnarekha,After ripening,Suvarnarekha/After ripening/20260514_111106.jpg,20260514_111106.jpg,.jpg,2539147,4608x2128,ok
Suvarnarekha,After ripening,Suvarnarekha/After ripening/20260514_111107.jpg,20260514_111107.jpg,.jpg,2518258,4608x2128,ok
Suvarnarekha,After ripening,Suvarnarekha/After ripening/20260514_111110.jpg,20260514_111110.jpg,.jpg,2519695,4608x2128,ok
Suvarnarekha,After ripening,Suvarnarekha/After ripening/20260514_111138.jpg,20260514_111138.jpg,.jpg,2417703,4608x2128,ok
Suvarnarekha,After ripening,Suvarnarekha/After ripening/20260514_111140.jpg,20260514_111140.jpg,.jpg,2421850,4608x2128,ok
Suvarnarekha,After ripening,Suvarnarekha/After ripening/20260514_111142.jpg,20260514_111142.jpg,.jpg,2523176,4608x2128,ok
Suvarnarekha,After ripening,Suvarnarekha/After ripening/20260514_111144.jpg,20260514_111144.jpg,.jpg,2536352,4608x2128,ok
Suvarnarekha,After ripening,Suvarnarekha/After ripening/20260514_111224.jpg,20260514_111224.jpg,.jpg,2518245,4608x2128,ok
Suvarnarekha,After ripening,Suvarnarekha/After ripening/20260514_111226.jpg,20260514_111226.jpg,.jpg,2560383,4608x2128,ok
Suvarnarekha,After ripening,Suvarnarekha/After ripening/20260514_111228.jpg,20260514_111228.jpg,.jpg,2527474,4608x2128,ok
Suvarnarekha,After ripening,Suvarnarekha/After ripening/20260514_111230.jpg,20260514_111230.jpg,.jpg,2576756,4608x2128,ok
Suvarnarekha,After ripening,Suvarnarekha/After ripening/20260514_111248.jpg,20260514_111248.jpg,.jpg,544559,3264x1504,ok
Suvarnarekha,After ripening,Suvarnarekha/After ripening/20260514_111252.jpg,20260514_111252.jpg,.jpg,655686,3264x1504,ok
Suvarnarekha,After ripening,Suvarnarekha/After ripening/20260514_111307.jpg,20260514_111307.jpg,.jpg,2483318,4608x2128,ok
Suvarnarekha,After ripening,Suvarnarekha/After ripening/20260514_111309.jpg,20260514_111309.jpg,.jpg,2402624,4608x2128,ok
Suvarnarekha,After ripening,Suvarnarekha/After ripening/20260514_111312.jpg,20260514_111312.jpg,.jpg,2494846,4608x2128,ok
Suvarnarekha,After ripening,Suvarnarekha/After ripening/20260514_111324.jpg,20260514_111324.jpg,.jpg,2513994,4608x2128,ok
Suvarnarekha,After ripening,Suvarnarekha/After ripening/20260514_111326.jpg,20260514_111326.jpg,.jpg,2434419,4608x2128,ok
Suvarnarekha,After ripening,Suvarnarekha/After ripening/20260514_111329.jpg,20260514_111329.jpg,.jpg,2663679,4608x2128,ok
Suvarnarekha,After ripening,Suvarnarekha/After ripening/20260514_111331.jpg,20260514_111331.jpg,.jpg,2724308,4608x2128,ok
Suvarnarekha,After ripening,Suvarnarekha/After ripening/20260514_111333.jpg,20260514_111333.jpg,.jpg,2738479,4608x2128,ok
Suvarnarekha,After ripening,Suvarnarekha/After ripening/20260514_111335.jpg,20260514_111335.jpg,.jpg,2626434,4608x2128,ok
Suvarnarekha,After ripening,Suvarnarekha/After ripening/20260514_111337.jpg,20260514_111337.jpg,.jpg,2718175,4608x2128,ok
Suvarnarekha,After ripening,Suvarnarekha/After ripening/20260514_111442.jpg,20260514_111442.jpg,.jpg,2434699,4608x2128,ok
Suvarnarekha,After ripening,Suvarnarekha/After ripening/20260514_111445.jpg,20260514_111445.jpg,.jpg,2531114,4608x2128,ok
Suvarnarekha,After ripening,Suvarnarekha/After ripening/20260514_111447.jpg,20260514_111447.jpg,.jpg,2573227,4608x2128,ok
Suvarnarekha,After ripening,Suvarnarekha/After ripening/20260514_111449.jpg,20260514_111449.jpg,.jpg,2631981,4608x2128,ok
Suvarnarekha,After ripening,Suvarnarekha/After ripening/20260514_111451.jpg,20260514_111451.jpg,.jpg,2619941,4608x2128,ok
Suvarnarekha,After ripening,Suvarnarekha/After ripening/20260514_111452.jpg,20260514_111452.jpg,.jpg,2656196,4608x2128,ok
Suvarnarekha,After ripening,Suvarnarekha/After ripening/20260514_111521.jpg,20260514_111521.jpg,.jpg,2512554,4608x2128,ok
Suvarnarekha,After ripening,Suvarnarekha/After ripening/20260514_111523.jpg,20260514_111523.jpg,.jpg,2566927,4608x2128,ok
Suvarnarekha,After ripening,Suvarnarekha/After ripening/20260514_111525.jpg,20260514_111525.jpg,.jpg,2550157,4608x2128,ok
Suvarnarekha,After ripening,Suvarnarekha/After ripening/20260514_111527.jpg,20260514_111527.jpg,.jpg,2585005,4608x2128,ok
Suvarnarekha,After ripening,Suvarnarekha/After ripening/20260514_111529.jpg,20260514_111529.jpg,.jpg,2554424,4608x2128,ok
Suvarnarekha,After ripening,Suvarnarekha/After ripening/20260514_111531.jpg,20260514_111531.jpg,.jpg,2551336,4608x2128,ok
Suvarnarekha,After ripening,Suvarnarekha/After ripening/20260514_111544.jpg,20260514_111544.jpg,.jpg,2532158,4608x2128,ok
Suvarnarekha,After ripening,Suvarnarekha/After ripening/20260514_111546.jpg,20260514_111546.jpg,.jpg,2581645,4608x2128,ok
Suvarnarekha,After ripening,Suvarnarekha/After ripening/20260514_111548.jpg,20260514_111548.jpg,.jpg,2620588,4608x2128,ok
Suvarnarekha,After ripening,Suvarnarekha/After ripening/20260514_111725.jpg,20260514_111725.jpg,.jpg,2620539,4608x2128,ok
Suvarnarekha,After ripening,Suvarnarekha/After ripening/20260514_111727.jpg,20260514_111727.jpg,.jpg,2595602,4608x2128,ok
Suvarnarekha,After ripening,Suvarnarekha/After ripening/20260514_111729.jpg,20260514_111729.jpg,.jpg,2600066,4608x2128,ok
Suvarnarekha,After ripening,Suvarnarekha/After ripening/20260514_111731.jpg,20260514_111731.jpg,.jpg,2641132,4608x2128,ok
Suvarnarekha,After ripening,Suvarnarekha/After ripening/20260514_111752.jpg,20260514_111752.jpg,.jpg,2722896,4608x2128,ok
Suvarnarekha,After ripening,Suvarnarekha/After ripening/20260514_111754.jpg,20260514_111754.jpg,.jpg,2750882,4608x2128,ok
Suvarnarekha,After ripening,Suvarnarekha/After ripening/20260514_111756.jpg,20260514_111756.jpg,.jpg,2623753,4608x2128,ok
Suvarnarekha,After ripening,Suvarnarekha/After ripening/20260514_111758.jpg,20260514_111758.jpg,.jpg,2574221,4608x2128,ok
Suvarnarekha,After ripening,Suvarnarekha/After ripening/20260514_111828.jpg,20260514_111828.jpg,.jpg,2323172,4608x2128,ok
Suvarnarekha,After ripening,Suvarnarekha/After ripening/20260514_111830.jpg,20260514_111830.jpg,.jpg,2427647,4608x2128,ok
Suvarnarekha,After ripening,Suvarnarekha/After ripening/20260514_111832.jpg,20260514_111832.jpg,.jpg,2467127,4608x2128,ok
Suvarnarekha,After ripening,Suvarnarekha/After ripening/20260514_111834.jpg,20260514_111834.jpg,.jpg,2466177,4608x2128,ok
Suvarnarekha,After ripening,Suvarnarekha/After ripening/20260514_111930.jpg,20260514_111930.jpg,.jpg,2523950,4608x2128,ok
Suvarnarekha,After ripening,Suvarnarekha/After ripening/20260514_111932.jpg,20260514_111932.jpg,.jpg,2528750,4608x2128,ok
Suvarnarekha,After ripening,Suvarnarekha/After ripening/20260514_111934.jpg,20260514_111934.jpg,.jpg,2579687,4608x2128,ok
Suvarnarekha,After ripening,Suvarnarekha/After ripening/20260514_111936.jpg,20260514_111936.jpg,.jpg,2573066,4608x2128,ok
Suvarnarekha,After ripening,Suvarnarekha/After ripening/20260514_111937.jpg,20260514_111937.jpg,.jpg,2584996,4608x2128,ok
Suvarnarekha,After ripening,Suvarnarekha/After ripening/20260514_111954.jpg,20260514_111954.jpg,.jpg,2408780,4608x2128,ok
Suvarnarekha,After ripening,Suvarnarekha/After ripening/20260514_111955.jpg,20260514_111955.jpg,.jpg,2339656,4608x2128,ok
Suvarnarekha,After ripening,Suvarnarekha/After ripening/20260514_111957.jpg,20260514_111957.jpg,.jpg,2452751,4608x2128,ok
Suvarnarekha,After ripening,Suvarnarekha/After ripening/20260514_112011.jpg,20260514_112011.jpg,.jpg,2471568,4608x2128,ok
Suvarnarekha,After ripening,Suvarnarekha/After ripening/20260514_112013.jpg,20260514_112013.jpg,.jpg,2360293,4608x2128,ok
Suvarnarekha,After ripening,Suvarnarekha/After ripening/20260514_112015.jpg,20260514_112015.jpg,.jpg,2441161,4608x2128,ok
Suvarnarekha,After ripening,Suvarnarekha/After ripening/20260514_112017.jpg,20260514_112017.jpg,.jpg,2172811,4608x2128,ok
Suvarnarekha,After ripening,Suvarnarekha/After ripening/20260514_112019.jpg,20260514_112019.jpg,.jpg,2437825,4608x2128,ok
Suvarnarekha,After ripening,Suvarnarekha/After ripening/20260514_112021.jpg,20260514_112021.jpg,.jpg,2448601,4608x2128,ok
Suvarnarekha,After ripening,Suvarnarekha/After ripening/20260514_112022.jpg,20260514_112022.jpg,.jpg,2343596,4608x2128,ok
Suvarnarekha,After ripening,Suvarnarekha/After ripening/20260514_112037.jpg,20260514_112037.jpg,.jpg,2368462,4608x2128,ok
Suvarnarekha,After ripening,Suvarnarekha/After ripening/20260514_112039.jpg,20260514_112039.jpg,.jpg,2454468,4608x2128,ok
Suvarnarekha,After ripening,Suvarnarekha/After ripening/20260514_112041.jpg,20260514_112041.jpg,.jpg,2423366,4608x2128,ok
Suvarnarekha,After ripening,Suvarnarekha/After ripening/20260514_112043.jpg,20260514_112043.jpg,.jpg,2423539,4608x2128,ok
Suvarnarekha,After ripening,Suvarnarekha/After ripening/20260514_112045.jpg,20260514_112045.jpg,.jpg,2449215,4608x2128,ok
Suvarnarekha,After ripening,Suvarnarekha/After ripening/20260514_112047.jpg,20260514_112047.jpg,.jpg,2490149,4608x2128,ok
Suvarnarekha,After ripening,Suvarnarekha/After ripening/20260514_112049.jpg,20260514_112049.jpg,.jpg,2516982,4608x2128,ok
Suvarnarekha,After ripening,Suvarnarekha/After ripening/20260514_112103.jpg,20260514_112103.jpg,.jpg,1968801,4608x2128,ok
Suvarnarekha,After ripening,Suvarnarekha/After ripening/20260514_112105.jpg,20260514_112105.jpg,.jpg,2332612,4608x2128,ok
Suvarnarekha,After ripening,Suvarnarekha/After ripening/20260514_112119.jpg,20260514_112119.jpg,.jpg,2680869,4608x2128,ok
Suvarnarekha,After ripening,Suvarnarekha/After ripening/20260514_112121.jpg,20260514_112121.jpg,.jpg,2688148,4608x2128,ok
Suvarnarekha,After ripening,Suvarnarekha/After ripening/20260514_112131.jpg,20260514_112131.jpg,.jpg,2659975,4608x2128,ok
Suvarnarekha,After ripening,Suvarnarekha/After ripening/20260514_112133.jpg,20260514_112133.jpg,.jpg,2648953,4608x2128,ok
Suvarnarekha,After ripening,Suvarnarekha/After ripening/20260514_112135.jpg,20260514_112135.jpg,.jpg,2686716,4608x2128,ok
Suvarnarekha,After ripening,Suvarnarekha/After ripening/20260514_112209.jpg,20260514_112209.jpg,.jpg,2504565,4608x2128,ok
Suvarnarekha,After ripening,Suvarnarekha/After ripening/20260514_112211.jpg,20260514_112211.jpg,.jpg,2543960,4608x2128,ok
Suvarnarekha,After ripening,Suvarnarekha/After ripening/20260514_112214.jpg,20260514_112214.jpg,.jpg,2551495,4608x2128,ok
Suvarnarekha,After ripening,Suvarnarekha/After ripening/20260514_112215.jpg,20260514_112215.jpg,.jpg,2576125,4608x2128,ok
Suvarnarekha,After ripening,Suvarnarekha/After ripening/20260514_112217.jpg,20260514_112217.jpg,.jpg,2591708,4608x2128,ok
Suvarnarekha,After ripening,Suvarnarekha/After ripening/20260514_112219.jpg,20260514_112219.jpg,.jpg,2597944,4608x2128,ok
Suvarnarekha,After ripening,Suvarnarekha/After ripening/20260514_112240.jpg,20260514_112240.jpg,.jpg,2348912,4608x2128,ok
Suvarnarekha,After ripening,Suvarnarekha/After ripening/20260514_112242.jpg,20260514_112242.jpg,.jpg,2498939,4608x2128,ok
Suvarnarekha,After ripening,Suvarnarekha/After ripening/20260514_112244.jpg,20260514_112244.jpg,.jpg,2547010,4608x2128,ok
Suvarnarekha,After ripening,Suvarnarekha/After ripening/20260514_112245.jpg,20260514_112245.jpg,.jpg,2496514,4608x2128,ok
Suvarnarekha,After ripening,Suvarnarekha/After ripening/20260514_112247.jpg,20260514_112247.jpg,.jpg,2497498,4608x2128,ok
Suvarnarekha,After ripening,Suvarnarekha/After ripening/20260514_112249.jpg,20260514_112249.jpg,.jpg,2534694,4608x2128,ok
Suvarnarekha,After ripening,Suvarnarekha/After ripening/20260514_112308.jpg,20260514_112308.jpg,.jpg,2221695,4608x2128,ok
Suvarnarekha,After ripening,Suvarnarekha/After ripening/20260514_112311.jpg,20260514_112311.jpg,.jpg,2581548,4608x2128,ok
Suvarnarekha,After ripening,Suvarnarekha/After ripening/20260514_112313.jpg,20260514_112313.jpg,.jpg,2518946,4608x2128,ok
Suvarnarekha,After ripening,Suvarnarekha/After ripening/20260514_112315.jpg,20260514_112315.jpg,.jpg,2525659,4608x2128,ok
Suvarnarekha,After ripening,Suvarnarekha/After ripening/20260514_112321.jpg,20260514_112321.jpg,.jpg,2507359,4608x2128,ok
Suvarnarekha,After ripening,Suvarnarekha/After ripening/20260514_112339.jpg,20260514_112339.jpg,.jpg,2715823,4608x2128,ok
Suvarnarekha,After ripening,Suvarnarekha/After ripening/20260514_112343.jpg,20260514_112343.jpg,.jpg,2678543,4608x2128,ok
Suvarnarekha,After ripening,Suvarnarekha/After ripening/20260514_112348.jpg,20260514_112348.jpg,.jpg,2579165,4608x2128,ok
Suvarnarekha,After ripening,Suvarnarekha/After ripening/20260514_112350.jpg,20260514_112350.jpg,.jpg,2643314,4608x2128,ok
Suvarnarekha,After ripening,Suvarnarekha/After ripening/20260514_112352.jpg,20260514_112352.jpg,.jpg,2663362,4608x2128,ok
Suvarnarekha,After ripening,Suvarnarekha/After ripening/20260514_112354.jpg,20260514_112354.jpg,.jpg,2570394,4608x2128,ok
Suvarnarekha,After ripening,Suvarnarekha/After ripening/20260514_112356.jpg,20260514_112356.jpg,.jpg,2621691,4608x2128,ok
Suvarnarekha,After ripening,Suvarnarekha/After ripening/20260515_221914.jpg,20260515_221914.jpg,.jpg,2581099,4608x2128,ok
Suvarnarekha,After ripening,Suvarnarekha/After ripening/20260515_221927.jpg,20260515_221927.jpg,.jpg,2543366,4608x2128,ok
Suvarnarekha,After ripening,Suvarnarekha/After ripening/20260515_221929.jpg,20260515_221929.jpg,.jpg,2571327,4608x2128,ok
Suvarnarekha,After ripening,Suvarnarekha/After ripening/20260515_221931.jpg,20260515_221931.jpg,.jpg,2430608,4608x2128,ok
Suvarnarekha,After ripening,Suvarnarekha/After ripening/20260515_221936.jpg,20260515_221936.jpg,.jpg,2502098,4608x2128,ok
Suvarnarekha,After ripening,Suvarnarekha/After ripening/20260515_221940.jpg,20260515_221940.jpg,.jpg,2502092,4608x2128,ok
Suvarnarekha,After ripening,Suvarnarekha/After ripening/20260515_221942.jpg,20260515_221942.jpg,.jpg,2516463,4608x2128,ok
Suvarnarekha,After ripening,Suvarnarekha/After ripening/20260519_120436.jpg,20260519_120436.jpg,.jpg,2565575,4608x2128,ok
Suvarnarekha,After ripening,Suvarnarekha/After ripening/20260519_120438.jpg,20260519_120438.jpg,.jpg,2593747,4608x2128,ok
Suvarnarekha,After ripening,Suvarnarekha/After ripening/20260519_120439.jpg,20260519_120439.jpg,.jpg,2605526,4608x2128,ok
Suvarnarekha,After ripening,Suvarnarekha/After ripening/20260519_120454.jpg,20260519_120454.jpg,.jpg,2390144,4608x2128,ok
Suvarnarekha,After ripening,Suvarnarekha/After ripening/20260519_120455.jpg,20260519_120455.jpg,.jpg,2512675,4608x2128,ok
Suvarnarekha,After ripening,Suvarnarekha/After ripening/20260519_120457.jpg,20260519_120457.jpg,.jpg,2551214,4608x2128,ok
Suvarnarekha,After ripening,Suvarnarekha/After ripening/20260519_120506.jpg,20260519_120506.jpg,.jpg,2578665,4608x2128,ok
Suvarnarekha,After ripening,Suvarnarekha/After ripening/20260519_120508.jpg,20260519_120508.jpg,.jpg,2732036,4608x2128,ok
Suvarnarekha,After ripening,Suvarnarekha/After ripening/20260519_120518.jpg,20260519_120518.jpg,.jpg,2409023,4608x2128,ok
Suvarnarekha,After ripening,Suvarnarekha/After ripening/20260519_120520.jpg,20260519_120520.jpg,.jpg,2420909,4608x2128,ok
Suvarnarekha,After ripening,Suvarnarekha/After ripening/20260519_120522.jpg,20260519_120522.jpg,.jpg,2528367,4608x2128,ok
Suvarnarekha,After ripening,Suvarnarekha/After ripening/20260519_120530.jpg,20260519_120530.jpg,.jpg,2506291,4608x2128,ok
Suvarnarekha,After ripening,Suvarnarekha/After ripening/20260519_120531.jpg,20260519_120531.jpg,.jpg,2577719,4608x2128,ok
Suvarnarekha,After ripening,Suvarnarekha/After ripening/20260519_120533.jpg,20260519_120533.jpg,.jpg,2583759,4608x2128,ok
Suvarnarekha,After ripening,Suvarnarekha/After ripening/20260519_120546.jpg,20260519_120546.jpg,.jpg,2472958,4608x2128,ok
Suvarnarekha,After ripening,Suvarnarekha/After ripening/20260519_120548.jpg,20260519_120548.jpg,.jpg,2638142,4608x2128,ok
Suvarnarekha,After ripening,Suvarnarekha/After ripening/20260519_120549.jpg,20260519_120549.jpg,.jpg,2568714,4608x2128,ok
Suvarnarekha,After ripening,Suvarnarekha/After ripening/20260519_120552.jpg,20260519_120552.jpg,.jpg,2578701,4608x2128,ok
Suvarnarekha,After ripening,Suvarnarekha/After ripening/20260519_120553.jpg,20260519_120553.jpg,.jpg,2457490,4608x2128,ok
Suvarnarekha,After ripening,Suvarnarekha/After ripening/20260519_120604.jpg,20260519_120604.jpg,.jpg,2330136,4608x2128,ok
Suvarnarekha,After ripening,Suvarnarekha/After ripening/20260519_120607.jpg,20260519_120607.jpg,.jpg,2502328,4608x2128,ok
Suvarnarekha,After ripening,Suvarnarekha/After ripening/20260519_120610.jpg,20260519_120610.jpg,.jpg,2490534,4608x2128,ok
Suvarnarekha,After ripening,Suvarnarekha/After ripening/20260519_120611.jpg,20260519_120611.jpg,.jpg,2469994,4608x2128,ok
Suvarnarekha,After ripening,Suvarnarekha/After ripening/20260519_120620.jpg,20260519_120620.jpg,.jpg,2479669,4608x2128,ok
Suvarnarekha,After ripening,Suvarnarekha/After ripening/20260519_120621.jpg,20260519_120621.jpg,.jpg,2574785,4608x2128,ok
Suvarnarekha,After ripening,Suvarnarekha/After ripening/20260519_120623.jpg,20260519_120623.jpg,.jpg,2546089,4608x2128,ok
Suvarnarekha,After ripening,Suvarnarekha/After ripening/20260519_120640.jpg,20260519_120640.jpg,.jpg,2632047,4608x2128,ok
Suvarnarekha,After ripening,Suvarnarekha/After ripening/20260519_120642.jpg,20260519_120642.jpg,.jpg,2600385,4608x2128,ok
Suvarnarekha,After ripening,Suvarnarekha/After ripening/20260519_120653.jpg,20260519_120653.jpg,.jpg,2763676,4608x2128,ok
Suvarnarekha,After ripening,Suvarnarekha/After ripening/20260519_120702.jpg,20260519_120702.jpg,.jpg,2522580,4608x2128,ok
Suvarnarekha,After ripening,Suvarnarekha/After ripening/20260519_120717.jpg,20260519_120717.jpg,.jpg,2478150,4608x2128,ok
Suvarnarekha,After ripening,Suvarnarekha/After ripening/20260519_120720.jpg,20260519_120720.jpg,.jpg,2448650,4608x2128,ok
Suvarnarekha,After ripening,Suvarnarekha/After ripening/20260519_120722.jpg,20260519_120722.jpg,.jpg,2480160,4608x2128,ok
Suvarnarekha,After ripening,Suvarnarekha/After ripening/20260519_120732.jpg,20260519_120732.jpg,.jpg,2612431,4608x2128,ok
Suvarnarekha,After ripening,Suvarnarekha/After ripening/20260519_120734.jpg,20260519_120734.jpg,.jpg,2600956,4608x2128,ok
Suvarnarekha,After ripening,Suvarnarekha/After ripening/20260519_120754.jpg,20260519_120754.jpg,.jpg,2829035,4608x2128,ok
Suvarnarekha,After ripening,Suvarnarekha/After ripening/20260519_120755.jpg,20260519_120755.jpg,.jpg,2495041,4608x2128,ok
Suvarnarekha,After ripening,Suvarnarekha/After ripening/20260519_120757.jpg,20260519_120757.jpg,.jpg,2844177,4608x2128,ok
Suvarnarekha,After ripening,Suvarnarekha/After ripening/20260519_120804.jpg,20260519_120804.jpg,.jpg,2565716,4608x2128,ok
Suvarnarekha,After ripening,Suvarnarekha/After ripening/20260519_120806.jpg,20260519_120806.jpg,.jpg,2542294,4608x2128,ok
Suvarnarekha,After ripening,Suvarnarekha/After ripening/20260519_120808.jpg,20260519_120808.jpg,.jpg,2641404,4608x2128,ok
Suvarnarekha,After ripening,Suvarnarekha/After ripening/20260519_120830.jpg,20260519_120830.jpg,.jpg,2379429,4608x2128,ok
Suvarnarekha,After ripening,Suvarnarekha/After ripening/20260519_120832.jpg,20260519_120832.jpg,.jpg,2330616,4608x2128,ok
Suvarnarekha,After ripening,Suvarnarekha/After ripening/20260519_120837.jpg,20260519_120837.jpg,.jpg,2485698,4608x2128,ok
Suvarnarekha,After ripening,Suvarnarekha/After ripening/20260519_120937.jpg,20260519_120937.jpg,.jpg,2359879,4608x2128,ok
Suvarnarekha,After ripening,Suvarnarekha/After ripening/20260519_120939.jpg,20260519_120939.jpg,.jpg,2475942,4608x2128,ok
Suvarnarekha,After ripening,Suvarnarekha/After ripening/20260519_120941.jpg,20260519_120941.jpg,.jpg,2503439,4608x2128,ok
Suvarnarekha,After ripening,Suvarnarekha/After ripening/20260519_120949.jpg,20260519_120949.jpg,.jpg,2490043,4608x2128,ok
Suvarnarekha,After ripening,Suvarnarekha/After ripening/20260519_120951.jpg,20260519_120951.jpg,.jpg,2508741,4608x2128,ok
Suvarnarekha,After ripening,Suvarnarekha/After ripening/20260519_120953.jpg,20260519_120953.jpg,.jpg,2499101,4608x2128,ok
Suvarnarekha,After ripening,Suvarnarekha/After ripening/20260519_121001.jpg,20260519_121001.jpg,.jpg,2620498,4608x2128,ok
Suvarnarekha,After ripening,Suvarnarekha/After ripening/20260519_121003.jpg,20260519_121003.jpg,.jpg,2478450,4608x2128,ok
Suvarnarekha,After ripening,Suvarnarekha/After ripening/20260519_121005.jpg,20260519_121005.jpg,.jpg,2491059,4608x2128,ok
Suvarnarekha,After ripening,Suvarnarekha/After ripening/20260519_121013.jpg,20260519_121013.jpg,.jpg,2586781,4608x2128,ok
Suvarnarekha,After ripening,Suvarnarekha/After ripening/20260519_121021.jpg,20260519_121021.jpg,.jpg,2407558,4608x2128,ok
Suvarnarekha,After ripening,Suvarnarekha/After ripening/20260519_121036.jpg,20260519_121036.jpg,.jpg,2574162,4608x2128,ok
Suvarnarekha,After ripening,Suvarnarekha/After ripening/20260519_121038.jpg,20260519_121038.jpg,.jpg,2526008,4608x2128,ok
Suvarnarekha,After ripening,Suvarnarekha/After ripening/20260519_121039.jpg,20260519_121039.jpg,.jpg,2594162,4608x2128,ok
Suvarnarekha,After ripening,Suvarnarekha/After ripening/20260519_121041.jpg,20260519_121041.jpg,.jpg,2632166,4608x2128,ok
Suvarnarekha,After ripening,Suvarnarekha/After ripening/20260519_121048.jpg,20260519_121048.jpg,.jpg,2554107,4608x2128,ok
Suvarnarekha,After ripening,Suvarnarekha/After ripening/20260519_121049.jpg,20260519_121049.jpg,.jpg,2614774,4608x2128,ok
Suvarnarekha,After ripening,Suvarnarekha/After ripening/20260519_121051.jpg,20260519_121051.jpg,.jpg,2642616,4608x2128,ok
Suvarnarekha,After ripening,Suvarnarekha/After ripening/20260519_121059.jpg,20260519_121059.jpg,.jpg,2750781,4608x2128,ok
Suvarnarekha,After ripening,Suvarnarekha/After ripening/20260519_121100.jpg,20260519_121100.jpg,.jpg,2780761,4608x2128,ok
Suvarnarekha,After ripening,Suvarnarekha/After ripening/20260519_121103.jpg,20260519_121103.jpg,.jpg,2827630,4608x2128,ok
Suvarnarekha,After ripening,Suvarnarekha/After ripening/20260519_121110.jpg,20260519_121110.jpg,.jpg,2650786,4608x2128,ok
Suvarnarekha,After ripening,Suvarnarekha/After ripening/20260519_121112.jpg,20260519_121112.jpg,.jpg,2723532,4608x2128,ok
Suvarnarekha,After ripening,Suvarnarekha/After ripening/20260519_121114.jpg,20260519_121114.jpg,.jpg,2708923,4608x2128,ok
Suvarnarekha,After ripening,Suvarnarekha/After ripening/20260519_121121.jpg,20260519_121121.jpg,.jpg,2552738,4608x2128,ok
Suvarnarekha,After ripening,Suvarnarekha/After ripening/20260519_121122.jpg,20260519_121122.jpg,.jpg,2611356,4608x2128,ok
Suvarnarekha,After ripening,Suvarnarekha/After ripening/20260519_121142.jpg,20260519_121142.jpg,.jpg,2544960,4608x2128,ok
Suvarnarekha,After ripening,Suvarnarekha/After ripening/20260519_121145.jpg,20260519_121145.jpg,.jpg,2577703,4608x2128,ok
Suvarnarekha,After ripening,Suvarnarekha/After ripening/20260519_121146.jpg,20260519_121146.jpg,.jpg,2604723,4608x2128,ok
Suvarnarekha,After ripening,Suvarnarekha/After ripening/20260519_121154.jpg,20260519_121154.jpg,.jpg,2700428,4608x2128,ok
Suvarnarekha,After ripening,Suvarnarekha/After ripening/20260519_121156.jpg,20260519_121156.jpg,.jpg,2607638,4608x2128,ok
Suvarnarekha,After ripening,Suvarnarekha/After ripening/20260519_121203.jpg,20260519_121203.jpg,.jpg,2573931,4608x2128,ok
Suvarnarekha,After ripening,Suvarnarekha/After ripening/20260519_121206.jpg,20260519_121206.jpg,.jpg,2568979,4608x2128,ok
Suvarnarekha,After ripening,Suvarnarekha/After ripening/20260519_121207.jpg,20260519_121207.jpg,.jpg,2790308,4608x2128,ok
Suvarnarekha,After ripening,Suvarnarekha/After ripening/20260519_121209.jpg,20260519_121209.jpg,.jpg,2804636,4608x2128,ok
Suvarnarekha,After ripening,Suvarnarekha/After ripening/20260519_121219.jpg,20260519_121219.jpg,.jpg,2461187,4608x2128,ok
Suvarnarekha,After ripening,Suvarnarekha/After ripening/20260519_121221.jpg,20260519_121221.jpg,.jpg,2519320,4608x2128,ok
Suvarnarekha,After ripening,Suvarnarekha/After ripening/20260519_121223.jpg,20260519_121223.jpg,.jpg,2582174,4608x2128,ok
Suvarnarekha,After ripening,Suvarnarekha/After ripening/20260519_121225.jpg,20260519_121225.jpg,.jpg,2576780,4608x2128,ok
Suvarnarekha,After ripening,Suvarnarekha/After ripening/20260519_121227.jpg,20260519_121227.jpg,.jpg,2488755,4608x2128,ok
Suvarnarekha,After ripening,Suvarnarekha/After ripening/20260519_121234.jpg,20260519_121234.jpg,.jpg,2521602,4608x2128,ok
Suvarnarekha,After ripening,Suvarnarekha/After ripening/20260519_121236.jpg,20260519_121236.jpg,.jpg,2476998,4608x2128,ok
Suvarnarekha,After ripening,Suvarnarekha/After ripening/20260519_121237.jpg,20260519_121237.jpg,.jpg,2557078,4608x2128,ok
Suvarnarekha,After ripening,Suvarnarekha/After ripening/20260519_121239.jpg,20260519_121239.jpg,.jpg,2577578,4608x2128,ok
Suvarnarekha,After ripening,Suvarnarekha/After ripening/20260519_121246.jpg,20260519_121246.jpg,.jpg,2670285,4608x2128,ok
Suvarnarekha,After ripening,Suvarnarekha/After ripening/20260519_121248.jpg,20260519_121248.jpg,.jpg,2444973,4608x2128,ok
Suvarnarekha,After ripening,Suvarnarekha/After ripening/20260519_121249.jpg,20260519_121249.jpg,.jpg,2658272,4608x2128,ok
Suvarnarekha,After ripening,Suvarnarekha/After ripening/20260519_121251.jpg,20260519_121251.jpg,.jpg,2643340,4608x2128,ok
Suvarnarekha,After ripening,Suvarnarekha/After ripening/20260519_121357.jpg,20260519_121357.jpg,.jpg,625361,2576x1188,ok
Suvarnarekha,After ripening,Suvarnarekha/After ripening/20260519_121412.jpg,20260519_121412.jpg,.jpg,2633565,4608x2128,ok
Suvarnarekha,After ripening,Suvarnarekha/After ripening/20260519_121413.jpg,20260519_121413.jpg,.jpg,2627202,4608x2128,ok
Suvarnarekha,After ripening,Suvarnarekha/After ripening/20260519_121415.jpg,20260519_121415.jpg,.jpg,2504631,4608x2128,ok
Suvarnarekha,After ripening,Suvarnarekha/After ripening/20260519_121422.jpg,20260519_121422.jpg,.jpg,2481978,4608x2128,ok
Suvarnarekha,After ripening,Suvarnarekha/After ripening/20260519_121423.jpg,20260519_121423.jpg,.jpg,2566047,4608x2128,ok
Suvarnarekha,After ripening,Suvarnarekha/After ripening/20260519_121429.jpg,20260519_121429.jpg,.jpg,2702887,4608x2128,ok
Suvarnarekha,After ripening,Suvarnarekha/After ripening/20260519_121431.jpg,20260519_121431.jpg,.jpg,2700833,4608x2128,ok
Suvarnarekha,After ripening,Suvarnarekha/After ripening/20260519_121439.jpg,20260519_121439.jpg,.jpg,2388506,4608x2128,ok
Suvarnarekha,After ripening,Suvarnarekha/After ripening/20260519_121442.jpg,20260519_121442.jpg,.jpg,2421323,4608x2128,ok
Suvarnarekha,After ripening,Suvarnarekha/After ripening/20260519_121444.jpg,20260519_121444.jpg,.jpg,2587526,4608x2128,ok
Suvarnarekha,After ripening,Suvarnarekha/After ripening/20260519_121446.jpg,20260519_121446.jpg,.jpg,2553551,4608x2128,ok
Suvarnarekha,After ripening,Suvarnarekha/After ripening/20260519_121451.jpg,20260519_121451.jpg,.jpg,2443339,4608x2128,ok
Suvarnarekha,After ripening,Suvarnarekha/After ripening/20260519_121452.jpg,20260519_121452.jpg,.jpg,2344287,4608x2128,ok
Suvarnarekha,After ripening,Suvarnarekha/After ripening/20260519_121458.jpg,20260519_121458.jpg,.jpg,2399826,4608x2128,ok
Suvarnarekha,After ripening,Suvarnarekha/After ripening/20260519_121459.jpg,20260519_121459.jpg,.jpg,2501110,4608x2128,ok
Suvarnarekha,After ripening,Suvarnarekha/After ripening/20260519_121505.jpg,20260519_121505.jpg,.jpg,2526300,4608x2128,ok
Suvarnarekha,After ripening,Suvarnarekha/After ripening/20260519_121506.jpg,20260519_121506.jpg,.jpg,2560930,4608x2128,ok
Suvarnarekha,After ripening,Suvarnarekha/After ripening/20260519_121508.jpg,20260519_121508.jpg,.jpg,2525689,4608x2128,ok
Suvarnarekha,After ripening,Suvarnarekha/After ripening/20260519_121510.jpg,20260519_121510.jpg,.jpg,2409352,4608x2128,ok
Suvarnarekha,After ripening,Suvarnarekha/After ripening/20260519_121514.jpg,20260519_121514.jpg,.jpg,2554560,4608x2128,ok
Suvarnarekha,After ripening,Suvarnarekha/After ripening/20260519_121516.jpg,20260519_121516.jpg,.jpg,2594656,4608x2128,ok
Suvarnarekha,After ripening,Suvarnarekha/After ripening/20260519_121523.jpg,20260519_121523.jpg,.jpg,2322803,4608x2128,ok
Suvarnarekha,After ripening,Suvarnarekha/After ripening/20260519_121525.jpg,20260519_121525.jpg,.jpg,2583430,4608x2128,ok
Suvarnarekha,After ripening,Suvarnarekha/After ripening/20260519_121527.jpg,20260519_121527.jpg,.jpg,2572554,4608x2128,ok
Suvarnarekha,After ripening,Suvarnarekha/After ripening/20260519_121529.jpg,20260519_121529.jpg,.jpg,2617757,4608x2128,ok
Suvarnarekha,After ripening,Suvarnarekha/After ripening/20260519_121530.jpg,20260519_121530.jpg,.jpg,2625745,4608x2128,ok
Suvarnarekha,After ripening,Suvarnarekha/After ripening/20260519_121532.jpg,20260519_121532.jpg,.jpg,2574646,4608x2128,ok
Suvarnarekha,After ripening,Suvarnarekha/After ripening/20260519_121534.jpg,20260519_121534.jpg,.jpg,2587228,4608x2128,ok
Suvarnarekha,After ripening,Suvarnarekha/After ripening/20260519_121536.jpg,20260519_121536.jpg,.jpg,2582419,4608x2128,ok
Suvarnarekha,After ripening,Suvarnarekha/After ripening/20260519_174204.jpg,20260519_174204.jpg,.jpg,2734289,4608x2128,ok
Suvarnarekha,After ripening,Suvarnarekha/After ripening/20260519_174209.jpg,20260519_174209.jpg,.jpg,2654031,4608x2128,ok
Suvarnarekha,After ripening,Suvarnarekha/After ripening/20260519_174211.jpg,20260519_174211.jpg,.jpg,2668520,4608x2128,ok
Suvarnarekha,After ripening,Suvarnarekha/After ripening/20260519_174214.jpg,20260519_174214.jpg,.jpg,2602249,4608x2128,ok
Suvarnarekha,After ripening,Suvarnarekha/After ripening/20260519_174215.jpg,20260519_174215.jpg,.jpg,2581280,4608x2128,ok
Suvarnarekha,After ripening,Suvarnarekha/After ripening/20260519_174224.jpg,20260519_174224.jpg,.jpg,2670437,4608x2128,ok
Suvarnarekha,After ripening,Suvarnarekha/After ripening/20260519_174225.jpg,20260519_174225.jpg,.jpg,2594568,4608x2128,ok
Suvarnarekha,After ripening,Suvarnarekha/After ripening/20260519_174226.jpg,20260519_174226.jpg,.jpg,2643995,4608x2128,ok
Suvarnarekha,After ripening,Suvarnarekha/After ripening/20260519_174228.jpg,20260519_174228.jpg,.jpg,2677670,4608x2128,ok
Suvarnarekha,After ripening,Suvarnarekha/After ripening/20260519_174258.jpg,20260519_174258.jpg,.jpg,2225753,4608x2128,ok
Suvarnarekha,After ripening,Suvarnarekha/After ripening/20260519_174301.jpg,20260519_174301.jpg,.jpg,2148924,4608x2128,ok
Suvarnarekha,After ripening,Suvarnarekha/After ripening/20260519_174305.jpg,20260519_174305.jpg,.jpg,2187058,4608x2128,ok
Suvarnarekha,After ripening,Suvarnarekha/After ripening/20260519_174324.jpg,20260519_174324.jpg,.jpg,2163560,4608x2128,ok
Suvarnarekha,After ripening,Suvarnarekha/After ripening/20260519_174328.jpg,20260519_174328.jpg,.jpg,2170044,4608x2128,ok
Suvarnarekha,After ripening,Suvarnarekha/After ripening/20260519_174342.jpg,20260519_174342.jpg,.jpg,3259580,4608x2128,ok
Suvarnarekha,After ripening,Suvarnarekha/After ripening/20260519_174343.jpg,20260519_174343.jpg,.jpg,3341231,4608x2128,ok
Suvarnarekha,After ripening,Suvarnarekha/After ripening/20260519_174345.jpg,20260519_174345.jpg,.jpg,3406700,4608x2128,ok
Suvarnarekha,After ripening,Suvarnarekha/After ripening/20260519_174405.jpg,20260519_174405.jpg,.jpg,2619586,4608x2128,ok
Suvarnarekha,After ripening,Suvarnarekha/After ripening/20260519_174423.jpg,20260519_174423.jpg,.jpg,3235091,4608x2128,ok
Suvarnarekha,After ripening,Suvarnarekha/After ripening/20260519_174450.jpg,20260519_174450.jpg,.jpg,2420533,4608x2128,ok
Suvarnarekha,After ripening,Suvarnarekha/After ripening/20260519_174452.jpg,20260519_174452.jpg,.jpg,2322222,4608x2128,ok
Suvarnarekha,After ripening,Suvarnarekha/After ripening/20260519_174505.jpg,20260519_174505.jpg,.jpg,2566293,4608x2128,ok
Suvarnarekha,After ripening,Suvarnarekha/After ripening/20260519_174509.jpg,20260519_174509.jpg,.jpg,2743003,4608x2128,ok
Suvarnarekha,After ripening,Suvarnarekha/After ripening/20260519_174537.jpg,20260519_174537.jpg,.jpg,2853501,4608x2128,ok
Suvarnarekha,After ripening,Suvarnarekha/After ripening/20260519_174539.jpg,20260519_174539.jpg,.jpg,2872530,4608x2128,ok
Suvarnarekha,After ripening,Suvarnarekha/After ripening/20260519_174557.jpg,20260519_174557.jpg,.jpg,2608163,4608x2128,ok
Suvarnarekha,After ripening,Suvarnarekha/After ripening/20260519_174633.jpg,20260519_174633.jpg,.jpg,2594583,4608x2128,ok
Suvarnarekha,After ripening,Suvarnarekha/After ripening/20260519_174636.jpg,20260519_174636.jpg,.jpg,2740222,4608x2128,ok
Suvarnarekha,After ripening,Suvarnarekha/After ripening/20260519_174640.jpg,20260519_174640.jpg,.jpg,2701156,4608x2128,ok
Suvarnarekha,After ripening,Suvarnarekha/After ripening/20260519_174658.jpg,20260519_174658.jpg,.jpg,2475365,4608x2128,ok
Suvarnarekha,After ripening,Suvarnarekha/After ripening/20260519_174703.jpg,20260519_174703.jpg,.jpg,2516345,4608x2128,ok
Suvarnarekha,After ripening,Suvarnarekha/After ripening/20260519_174705.jpg,20260519_174705.jpg,.jpg,2660117,4608x2128,ok
Suvarnarekha,After ripening,Suvarnarekha/After ripening/20260519_174717.jpg,20260519_174717.jpg,.jpg,1804715,4608x2128,ok
Suvarnarekha,After ripening,Suvarnarekha/After ripening/20260519_174719.jpg,20260519_174719.jpg,.jpg,1820951,4608x2128,ok
Suvarnarekha,After ripening,Suvarnarekha/After ripening/20260519_174722.jpg,20260519_174722.jpg,.jpg,1869892,4608x2128,ok
Suvarnarekha,After ripening,Suvarnarekha/After ripening/20260519_174724.jpg,20260519_174724.jpg,.jpg,1821470,4608x2128,ok
Suvarnarekha,After ripening,Suvarnarekha/After ripening/20260519_54801pmByGPSMapCamera.jpg,20260519_54801pmByGPSMapCamera.jpg,.jpg,8873477,3456x4608,ok
Suvarnarekha,After ripening,Suvarnarekha/After ripening/20260519_54826pmByGPSMapCamera.jpg,20260519_54826pmByGPSMapCamera.jpg,.jpg,9936807,3456x4608,ok
Suvarnarekha,After ripening,Suvarnarekha/After ripening/20260519_54839pmByGPSMapCamera.jpg,20260519_54839pmByGPSMapCamera.jpg,.jpg,8865754,3456x4608,ok
Suvarnarekha,After ripening,Suvarnarekha/After ripening/20260519_54844pmByGPSMapCamera.jpg,20260519_54844pmByGPSMapCamera.jpg,.jpg,8748437,3456x4608,ok
Suvarnarekha,After ripening,Suvarnarekha/After ripening/20260519_54923pmByGPSMapCamera.jpg,20260519_54923pmByGPSMapCamera.jpg,.jpg,8714474,3456x4608,ok
Suvarnarekha,After ripening,Suvarnarekha/After ripening/20260519_54926pmByGPSMapCamera.jpg,20260519_54926pmByGPSMapCamera.jpg,.jpg,8818561,3456x4608,ok
Suvarnarekha,After ripening,Suvarnarekha/After ripening/20260519_54937pmByGPSMapCamera.jpg,20260519_54937pmByGPSMapCamera.jpg,.jpg,9859373,3456x4608,ok
Suvarnarekha,After ripening,Suvarnarekha/After ripening/20260519_54941pmByGPSMapCamera.jpg,20260519_54941pmByGPSMapCamera.jpg,.jpg,10007010,3456x4608,ok
Suvarnarekha,After ripening,Suvarnarekha/After ripening/20260519_54943pmByGPSMapCamera.jpg,20260519_54943pmByGPSMapCamera.jpg,.jpg,9870532,3456x4608,ok
Suvarnarekha,After ripening,Suvarnarekha/After ripening/20260519_55340pmByGPSMapCamera.jpg,20260519_55340pmByGPSMapCamera.jpg,.jpg,8246134,3456x4608,ok
Suvarnarekha,After ripening,Suvarnarekha/After ripening/20260519_55351pmByGPSMapCamera.jpg,20260519_55351pmByGPSMapCamera.jpg,.jpg,8650219,3456x4608,ok
Suvarnarekha,After ripening,Suvarnarekha/After ripening/20260519_55408pmByGPSMapCamera.jpg,20260519_55408pmByGPSMapCamera.jpg,.jpg,8695467,3456x4608,ok
Suvarnarekha,After ripening,Suvarnarekha/After ripening/20260519_55419pmByGPSMapCamera.jpg,20260519_55419pmByGPSMapCamera.jpg,.jpg,8666123,3456x4608,ok
Suvarnarekha,After ripening,Suvarnarekha/After ripening/20260519_55433pmByGPSMapCamera.jpg,20260519_55433pmByGPSMapCamera.jpg,.jpg,10390988,3456x4608,ok
Suvarnarekha,After ripening,Suvarnarekha/After ripening/20260519_55436pmByGPSMapCamera.jpg,20260519_55436pmByGPSMapCamera.jpg,.jpg,10427369,3456x4608,ok
Suvarnarekha,After ripening,Suvarnarekha/After ripening/20260519_55449pmByGPSMapCamera.jpg,20260519_55449pmByGPSMapCamera.jpg,.jpg,8030713,3456x4608,ok
Suvarnarekha,After ripening,Suvarnarekha/After ripening/20260519_55451pmByGPSMapCamera.jpg,20260519_55451pmByGPSMapCamera.jpg,.jpg,8577746,3456x4608,ok
Suvarnarekha,After ripening,Suvarnarekha/After ripening/20260519_55458pmByGPSMapCamera.jpg,20260519_55458pmByGPSMapCamera.jpg,.jpg,8788330,3456x4608,ok
Suvarnarekha,After ripening,Suvarnarekha/After ripening/20260519_55513pmByGPSMapCamera.jpg,20260519_55513pmByGPSMapCamera.jpg,.jpg,9378454,3456x4608,ok
Suvarnarekha,After ripening,Suvarnarekha/After ripening/20260519_55531pmByGPSMapCamera.jpg,20260519_55531pmByGPSMapCamera.jpg,.jpg,9079824,3456x4608,ok
Suvarnarekha,After ripening,Suvarnarekha/After ripening/20260519_55602pmByGPSMapCamera.jpg,20260519_55602pmByGPSMapCamera.jpg,.jpg,8138021,3456x4608,ok
Suvarnarekha,After ripening,Suvarnarekha/After ripening/20260519_55617pmByGPSMapCamera.jpg,20260519_55617pmByGPSMapCamera.jpg,.jpg,9679779,3456x4608,ok
Suvarnarekha,After ripening,Suvarnarekha/After ripening/20260522_42323pmByGPSMapCamera.jpg,20260522_42323pmByGPSMapCamera.jpg,.jpg,9320132,3456x4608,ok
Suvarnarekha,After ripening,Suvarnarekha/After ripening/20260522_42334pmByGPSMapCamera.jpg,20260522_42334pmByGPSMapCamera.jpg,.jpg,8708078,3456x4608,ok
Suvarnarekha,After ripening,Suvarnarekha/After ripening/20260522_42338pmByGPSMapCamera.jpg,20260522_42338pmByGPSMapCamera.jpg,.jpg,8881531,3456x4608,ok
Suvarnarekha,After ripening,Suvarnarekha/After ripening/20260522_42351pmByGPSMapCamera.jpg,20260522_42351pmByGPSMapCamera.jpg,.jpg,8998120,3456x4608,ok
Suvarnarekha,After ripening,Suvarnarekha/After ripening/20260522_42400pmByGPSMapCamera.jpg,20260522_42400pmByGPSMapCamera.jpg,.jpg,9287680,3456x4608,ok
Suvarnarekha,After ripening,Suvarnarekha/After ripening/20260522_42412pmByGPSMapCamera.jpg,20260522_42412pmByGPSMapCamera.jpg,.jpg,9329681,3456x4608,ok
Suvarnarekha,After ripening,Suvarnarekha/After ripening/20260522_42427pmByGPSMapCamera.jpg,20260522_42427pmByGPSMapCamera.jpg,.jpg,9473769,3456x4608,ok
Suvarnarekha,After ripening,Suvarnarekha/After ripening/20260522_42430pmByGPSMapCamera.jpg,20260522_42430pmByGPSMapCamera.jpg,.jpg,9531515,3456x4608,ok
Suvarnarekha,After ripening,Suvarnarekha/After ripening/20260522_42438pmByGPSMapCamera.jpg,20260522_42438pmByGPSMapCamera.jpg,.jpg,9770793,3456x4608,ok
Suvarnarekha,After ripening,Suvarnarekha/After ripening/20260522_42439pmByGPSMapCamera.jpg,20260522_42439pmByGPSMapCamera.jpg,.jpg,9044470,3456x4608,ok
Suvarnarekha,After ripening,Suvarnarekha/After ripening/20260522_42445pmByGPSMapCamera.jpg,20260522_42445pmByGPSMapCamera.jpg,.jpg,9201752,3456x4608,ok
Suvarnarekha,After ripening,Suvarnarekha/After ripening/20260522_42505pmByGPSMapCamera.jpg,20260522_42505pmByGPSMapCamera.jpg,.jpg,9129649,3456x4608,ok
Suvarnarekha,After ripening,Suvarnarekha/After ripening/20260522_42520pmByGPSMapCamera.jpg,20260522_42520pmByGPSMapCamera.jpg,.jpg,8634114,3456x4608,ok
Suvarnarekha,After ripening,Suvarnarekha/After ripening/20260522_42532pmByGPSMapCamera.jpg,20260522_42532pmByGPSMapCamera.jpg,.jpg,11932374,3456x4608,ok
Suvarnarekha,After ripening,Suvarnarekha/After ripening/20260522_42541pmByGPSMapCamera.jpg,20260522_42541pmByGPSMapCamera.jpg,.jpg,9525425,3456x4608,ok
Suvarnarekha,After ripening,Suvarnarekha/After ripening/20260522_42645pmByGPSMapCamera.jpg,20260522_42645pmByGPSMapCamera.jpg,.jpg,9502400,3456x4608,ok
Suvarnarekha,After ripening,Suvarnarekha/After ripening/20260522_42647pmByGPSMapCamera.jpg,20260522_42647pmByGPSMapCamera.jpg,.jpg,9465564,3456x4608,ok
Suvarnarekha,After ripening,Suvarnarekha/After ripening/20260522_42702pmByGPSMapCamera.jpg,20260522_42702pmByGPSMapCamera.jpg,.jpg,8923264,3456x4608,ok
Suvarnarekha,After ripening,Suvarnarekha/After ripening/20260522_42705pmByGPSMapCamera.jpg,20260522_42705pmByGPSMapCamera.jpg,.jpg,9000739,3456x4608,ok
Suvarnarekha,After ripening,Suvarnarekha/After ripening/20260522_42720pmByGPSMapCamera.jpg,20260522_42720pmByGPSMapCamera.jpg,.jpg,9122335,3456x4608,ok
Suvarnarekha,After ripening,Suvarnarekha/After ripening/20260522_42724pmByGPSMapCamera.jpg,20260522_42724pmByGPSMapCamera.jpg,.jpg,9021088,3456x4608,ok
Suvarnarekha,After ripening,Suvarnarekha/After ripening/20260522_42915pmByGPSMapCamera.jpg,20260522_42915pmByGPSMapCamera.jpg,.jpg,8775469,3456x4608,ok
Suvarnarekha,After ripening,Suvarnarekha/After ripening/20260522_42927pmByGPSMapCamera.jpg,20260522_42927pmByGPSMapCamera.jpg,.jpg,8984215,3456x4608,ok
Suvarnarekha,After ripening,Suvarnarekha/After ripening/20260522_42944pmByGPSMapCamera.jpg,20260522_42944pmByGPSMapCamera.jpg,.jpg,9412586,3456x4608,ok
Suvarnarekha,After ripening,Suvarnarekha/After ripening/20260522_42950pmByGPSMapCamera.jpg,20260522_42950pmByGPSMapCamera.jpg,.jpg,9344526,3456x4608,ok
Suvarnarekha,After ripening,Suvarnarekha/After ripening/20260522_43004pmByGPSMapCamera.jpg,20260522_43004pmByGPSMapCamera.jpg,.jpg,11512054,3456x4608,ok
Suvarnarekha,After ripening,Suvarnarekha/After ripening/20260522_43007pmByGPSMapCamera.jpg,20260522_43007pmByGPSMapCamera.jpg,.jpg,11594031,3456x4608,ok
Suvarnarekha,After ripening,Suvarnarekha/After ripening/20260523_130308.jpg,20260523_130308.jpg,.jpg,2500317,4608x2128,ok
Suvarnarekha,After ripening,Suvarnarekha/After ripening/20260523_130311.jpg,20260523_130311.jpg,.jpg,2453931,4608x2128,ok
Suvarnarekha,After ripening,Suvarnarekha/After ripening/20260523_130313.jpg,20260523_130313.jpg,.jpg,2520517,4608x2128,ok
Suvarnarekha,After ripening,Suvarnarekha/After ripening/20260523_130315.jpg,20260523_130315.jpg,.jpg,2503837,4608x2128,ok
Suvarnarekha,After ripening,Suvarnarekha/After ripening/20260523_130322.jpg,20260523_130322.jpg,.jpg,2430353,4608x2128,ok
Suvarnarekha,After ripening,Suvarnarekha/After ripening/20260523_130324.jpg,20260523_130324.jpg,.jpg,2484008,4608x2128,ok
Suvarnarekha,After ripening,Suvarnarekha/After ripening/20260523_130326.jpg,20260523_130326.jpg,.jpg,2501438,4608x2128,ok
Suvarnarekha,After ripening,Suvarnarekha/After ripening/20260523_130328.jpg,20260523_130328.jpg,.jpg,2461334,4608x2128,ok
Suvarnarekha,After ripening,Suvarnarekha/After ripening/20260523_130339.jpg,20260523_130339.jpg,.jpg,2480235,4608x2128,ok
Suvarnarekha,After ripening,Suvarnarekha/After ripening/20260523_130341.jpg,20260523_130341.jpg,.jpg,2511879,4608x2128,ok
Suvarnarekha,After ripening,Suvarnarekha/After ripening/20260523_130343.jpg,20260523_130343.jpg,.jpg,2511827,4608x2128,ok
Suvarnarekha,After ripening,Suvarnarekha/After ripening/20260523_130344.jpg,20260523_130344.jpg,.jpg,2519046,4608x2128,ok
Suvarnarekha,After ripening,Suvarnarekha/After ripening/20260523_130346.jpg,20260523_130346.jpg,.jpg,2542117,4608x2128,ok
Suvarnarekha,After ripening,Suvarnarekha/After ripening/20260523_130348.jpg,20260523_130348.jpg,.jpg,2526545,4608x2128,ok
Suvarnarekha,After ripening,Suvarnarekha/After ripening/20260523_130401.jpg,20260523_130401.jpg,.jpg,2531719,4608x2128,ok
Suvarnarekha,After ripening,Suvarnarekha/After ripening/20260523_130403.jpg,20260523_130403.jpg,.jpg,2547374,4608x2128,ok
Suvarnarekha,After ripening,Suvarnarekha/After ripening/20260523_130413.jpg,20260523_130413.jpg,.jpg,2339153,4608x2128,ok
Suvarnarekha,After ripening,Suvarnarekha/After ripening/20260523_130415.jpg,20260523_130415.jpg,.jpg,2457670,4608x2128,ok
Suvarnarekha,After ripening,Suvarnarekha/After ripening/20260523_130416.jpg,20260523_130416.jpg,.jpg,2460511,4608x2128,ok
Suvarnarekha,After ripening,Suvarnarekha/After ripening/20260523_130427.jpg,20260523_130427.jpg,.jpg,2267856,4608x2128,ok
Suvarnarekha,After ripening,Suvarnarekha/After ripening/20260523_130429.jpg,20260523_130429.jpg,.jpg,2387919,4608x2128,ok
Suvarnarekha,After ripening,Suvarnarekha/After ripening/20260523_130430.jpg,20260523_130430.jpg,.jpg,2378808,4608x2128,ok
Suvarnarekha,After ripening,Suvarnarekha/After ripening/20260523_130432.jpg,20260523_130432.jpg,.jpg,2355036,4608x2128,ok
Suvarnarekha,After ripening,Suvarnarekha/After ripening/20260523_130445.jpg,20260523_130445.jpg,.jpg,2327369,4608x2128,ok
Suvarnarekha,After ripening,Suvarnarekha/After ripening/20260523_130446.jpg,20260523_130446.jpg,.jpg,2394663,4608x2128,ok
Suvarnarekha,After ripening,Suvarnarekha/After ripening/20260523_130448.jpg,20260523_130448.jpg,.jpg,2394910,4608x2128,ok
Suvarnarekha,After ripening,Suvarnarekha/After ripening/20260523_130449.jpg,20260523_130449.jpg,.jpg,2340364,4608x2128,ok
Suvarnarekha,After ripening,Suvarnarekha/After ripening/20260523_130502.jpg,20260523_130502.jpg,.jpg,2472500,4608x2128,ok
Suvarnarekha,After ripening,Suvarnarekha/After ripening/20260523_130504.jpg,20260523_130504.jpg,.jpg,2536360,4608x2128,ok
Suvarnarekha,After ripening,Suvarnarekha/After ripening/20260523_130505.jpg,20260523_130505.jpg,.jpg,2531093,4608x2128,ok
Suvarnarekha,After ripening,Suvarnarekha/After ripening/20260523_130519.jpg,20260523_130519.jpg,.jpg,2388738,4608x2128,ok
Suvarnarekha,After ripening,Suvarnarekha/After ripening/20260523_130521.jpg,20260523_130521.jpg,.jpg,2419278,4608x2128,ok
Suvarnarekha,After ripening,Suvarnarekha/After ripening/20260523_130525.jpg,20260523_130525.jpg,.jpg,2406037,4608x2128,ok
Suvarnarekha,After ripening,Suvarnarekha/After ripening/20260523_130526.jpg,20260523_130526.jpg,.jpg,2427266,4608x2128,ok
Suvarnarekha,After ripening,Suvarnarekha/After ripening/20260523_130528.jpg,20260523_130528.jpg,.jpg,2401739,4608x2128,ok
Suvarnarekha,After ripening,Suvarnarekha/After ripening/20260523_130530.jpg,20260523_130530.jpg,.jpg,2443959,4608x2128,ok
Suvarnarekha,After ripening,Suvarnarekha/After ripening/20260523_130542.jpg,20260523_130542.jpg,.jpg,2445172,4608x2128,ok
Suvarnarekha,After ripening,Suvarnarekha/After ripening/20260523_130544.jpg,20260523_130544.jpg,.jpg,2426938,4608x2128,ok
Suvarnarekha,After ripening,Suvarnarekha/After ripening/20260523_130545.jpg,20260523_130545.jpg,.jpg,2430879,4608x2128,ok
Suvarnarekha,After ripening,Suvarnarekha/After ripening/20260523_130556.jpg,20260523_130556.jpg,.jpg,2439804,4608x2128,ok
Suvarnarekha,After ripening,Suvarnarekha/After ripening/20260523_130557.jpg,20260523_130557.jpg,.jpg,2492431,4608x2128,ok
Suvarnarekha,After ripening,Suvarnarekha/After ripening/20260523_130559.jpg,20260523_130559.jpg,.jpg,2464001,4608x2128,ok
Suvarnarekha,After ripening,Suvarnarekha/After ripening/20260523_130601.jpg,20260523_130601.jpg,.jpg,2387907,4608x2128,ok
Suvarnarekha,After ripening,Suvarnarekha/After ripening/20260523_130612.jpg,20260523_130612.jpg,.jpg,2374336,4608x2128,ok
Suvarnarekha,After ripening,Suvarnarekha/After ripening/20260523_130614.jpg,20260523_130614.jpg,.jpg,2405515,4608x2128,ok
Suvarnarekha,After ripening,Suvarnarekha/After ripening/20260523_130622.jpg,20260523_130622.jpg,.jpg,2402431,4608x2128,ok
Suvarnarekha,After ripening,Suvarnarekha/After ripening/20260523_130624.jpg,20260523_130624.jpg,.jpg,2442343,4608x2128,ok
Suvarnarekha,After ripening,Suvarnarekha/After ripening/20260523_130625.jpg,20260523_130625.jpg,.jpg,2476280,4608x2128,ok
Suvarnarekha,After ripening,Suvarnarekha/After ripening/20260523_130653.jpg,20260523_130653.jpg,.jpg,2360501,4608x2128,ok
Suvarnarekha,After ripening,Suvarnarekha/After ripening/20260523_130655.jpg,20260523_130655.jpg,.jpg,2395765,4608x2128,ok
Suvarnarekha,After ripening,Suvarnarekha/After ripening/20260523_130657.jpg,20260523_130657.jpg,.jpg,2420411,4608x2128,ok
Suvarnarekha,After ripening,Suvarnarekha/After ripening/20260523_130659.jpg,20260523_130659.jpg,.jpg,2370425,4608x2128,ok
Suvarnarekha,After ripening,Suvarnarekha/After ripening/20260523_130707.jpg,20260523_130707.jpg,.jpg,2368213,4608x2128,ok
Suvarnarekha,After ripening,Suvarnarekha/After ripening/20260523_130710.jpg,20260523_130710.jpg,.jpg,2439530,4608x2128,ok
Suvarnarekha,After ripening,Suvarnarekha/After ripening/20260523_130713.jpg,20260523_130713.jpg,.jpg,2417764,4608x2128,ok
Suvarnarekha,After ripening,Suvarnarekha/After ripening/20260523_130715.jpg,20260523_130715.jpg,.jpg,2461363,4608x2128,ok
Suvarnarekha,After ripening,Suvarnarekha/After ripening/20260523_130724.jpg,20260523_130724.jpg,.jpg,2460999,4608x2128,ok
Suvarnarekha,After ripening,Suvarnarekha/After ripening/20260523_130726.jpg,20260523_130726.jpg,.jpg,2459511,4608x2128,ok
Suvarnarekha,After ripening,Suvarnarekha/After ripening/20260523_130728.jpg,20260523_130728.jpg,.jpg,2489434,4608x2128,ok
Suvarnarekha,After ripening,Suvarnarekha/After ripening/20260523_130742.jpg,20260523_130742.jpg,.jpg,2463803,4608x2128,ok
Suvarnarekha,After ripening,Suvarnarekha/After ripening/20260523_130744.jpg,20260523_130744.jpg,.jpg,2452815,4608x2128,ok
Suvarnarekha,After ripening,Suvarnarekha/After ripening/20260523_130755.jpg,20260523_130755.jpg,.jpg,2452423,4608x2128,ok
Suvarnarekha,After ripening,Suvarnarekha/After ripening/20260523_130757.jpg,20260523_130757.jpg,.jpg,2504945,4608x2128,ok
Suvarnarekha,After ripening,Suvarnarekha/After ripening/20260523_130759.jpg,20260523_130759.jpg,.jpg,2425673,4608x2128,ok
Suvarnarekha,After ripening,Suvarnarekha/After ripening/20260523_130801.jpg,20260523_130801.jpg,.jpg,2401595,4608x2128,ok
Suvarnarekha,After ripening,Suvarnarekha/After ripening/20260523_130802.jpg,20260523_130802.jpg,.jpg,2426355,4608x2128,ok
Suvarnarekha,After ripening,Suvarnarekha/After ripening/20260523_130823.jpg,20260523_130823.jpg,.jpg,2428638,4608x2128,ok
Suvarnarekha,After ripening,Suvarnarekha/After ripening/20260523_130825.jpg,20260523_130825.jpg,.jpg,2397698,4608x2128,ok
Suvarnarekha,After ripening,Suvarnarekha/After ripening/20260523_130827.jpg,20260523_130827.jpg,.jpg,2522160,4608x2128,ok
Suvarnarekha,After ripening,Suvarnarekha/After ripening/20260523_130828.jpg,20260523_130828.jpg,.jpg,2467946,4608x2128,ok
Suvarnarekha,After ripening,Suvarnarekha/After ripening/20260523_130830.jpg,20260523_130830.jpg,.jpg,2353958,4608x2128,ok
Suvarnarekha,After ripening,Suvarnarekha/After ripening/20260523_130841.jpg,20260523_130841.jpg,.jpg,2473820,4608x2128,ok
Suvarnarekha,After ripening,Suvarnarekha/After ripening/20260523_130842.jpg,20260523_130842.jpg,.jpg,2550336,4608x2128,ok
Suvarnarekha,After ripening,Suvarnarekha/After ripening/20260523_130844.jpg,20260523_130844.jpg,.jpg,2555293,4608x2128,ok
Suvarnarekha,After ripening,Suvarnarekha/After ripening/20260523_130845.jpg,20260523_130845.jpg,.jpg,2577814,4608x2128,ok
Suvarnarekha,After ripening,Suvarnarekha/After ripening/20260523_130849.jpg,20260523_130849.jpg,.jpg,2488200,4608x2128,ok
Suvarnarekha,After ripening,Suvarnarekha/After ripening/20260523_130851.jpg,20260523_130851.jpg,.jpg,2553575,4608x2128,ok
Suvarnarekha,After ripening,Suvarnarekha/After ripening/20260523_130859.jpg,20260523_130859.jpg,.jpg,2538935,4608x2128,ok
Suvarnarekha,After ripening,Suvarnarekha/After ripening/20260523_130901.jpg,20260523_130901.jpg,.jpg,2490906,4608x2128,ok
Suvarnarekha,After ripening,Suvarnarekha/After ripening/20260523_130902.jpg,20260523_130902.jpg,.jpg,2513002,4608x2128,ok
Suvarnarekha,After ripening,Suvarnarekha/After ripening/20260523_130904.jpg,20260523_130904.jpg,.jpg,2507552,4608x2128,ok
Suvarnarekha,After ripening,Suvarnarekha/After ripening/20260523_130913.jpg,20260523_130913.jpg,.jpg,2627779,4608x2128,ok
Suvarnarekha,After ripening,Suvarnarekha/After ripening/20260523_130915.jpg,20260523_130915.jpg,.jpg,2690356,4608x2128,ok
Suvarnarekha,After ripening,Suvarnarekha/After ripening/20260523_130917.jpg,20260523_130917.jpg,.jpg,2664926,4608x2128,ok
Suvarnarekha,After ripening,Suvarnarekha/After ripening/20260523_130919.jpg,20260523_130919.jpg,.jpg,2668284,4608x2128,ok
Suvarnarekha,After ripening,Suvarnarekha/After ripening/20260523_130920.jpg,20260523_130920.jpg,.jpg,2655090,4608x2128,ok
Suvarnarekha,After ripening,Suvarnarekha/After ripening/20260523_131020.jpg,20260523_131020.jpg,.jpg,2433912,4608x2128,ok
Suvarnarekha,After ripening,Suvarnarekha/After ripening/20260523_131023.jpg,20260523_131023.jpg,.jpg,2528091,4608x2128,ok
Suvarnarekha,After ripening,Suvarnarekha/After ripening/20260523_131032.jpg,20260523_131032.jpg,.jpg,2621068,4608x2128,ok
Suvarnarekha,After ripening,Suvarnarekha/After ripening/20260523_131034.jpg,20260523_131034.jpg,.jpg,2764554,4608x2128,ok
Suvarnarekha,After ripening,Suvarnarekha/After ripening/20260523_131043.jpg,20260523_131043.jpg,.jpg,2424714,4608x2128,ok
Suvarnarekha,After ripening,Suvarnarekha/After ripening/20260523_131046.jpg,20260523_131046.jpg,.jpg,2447327,4608x2128,ok
Suvarnarekha,After ripening,Suvarnarekha/After ripening/20260523_131102.jpg,20260523_131102.jpg,.jpg,2547218,4608x2128,ok
Suvarnarekha,After ripening,Suvarnarekha/After ripening/20260523_131104.jpg,20260523_131104.jpg,.jpg,2522269,4608x2128,ok
Suvarnarekha,After ripening,Suvarnarekha/After ripening/20260523_131105.jpg,20260523_131105.jpg,.jpg,2558851,4608x2128,ok
Suvarnarekha,After ripening,Suvarnarekha/After ripening/20260523_131107.jpg,20260523_131107.jpg,.jpg,2545102,4608x2128,ok
Suvarnarekha,After ripening,Suvarnarekha/After ripening/20260523_131115.jpg,20260523_131115.jpg,.jpg,2359239,4608x2128,ok
Suvarnarekha,After ripening,Suvarnarekha/After ripening/20260523_131117.jpg,20260523_131117.jpg,.jpg,2361817,4608x2128,ok
Suvarnarekha,After ripening,Suvarnarekha/After ripening/20260523_131119.jpg,20260523_131119.jpg,.jpg,2406340,4608x2128,ok
Suvarnarekha,After ripening,Suvarnarekha/After ripening/20260523_131127.jpg,20260523_131127.jpg,.jpg,2669279,4608x2128,ok
Suvarnarekha,After ripening,Suvarnarekha/After ripening/20260523_131128.jpg,20260523_131128.jpg,.jpg,2628359,4608x2128,ok
Suvarnarekha,After ripening,Suvarnarekha/After ripening/20260523_131130.jpg,20260523_131130.jpg,.jpg,2710383,4608x2128,ok
Suvarnarekha,After ripening,Suvarnarekha/After ripening/20260523_131147.jpg,20260523_131147.jpg,.jpg,2611071,4608x2128,ok
Suvarnarekha,After ripening,Suvarnarekha/After ripening/20260523_131149.jpg,20260523_131149.jpg,.jpg,2572552,4608x2128,ok
Suvarnarekha,After ripening,Suvarnarekha/After ripening/20260523_131202.jpg,20260523_131202.jpg,.jpg,2415250,4608x2128,ok
Suvarnarekha,After ripening,Suvarnarekha/After ripening/20260523_131204.jpg,20260523_131204.jpg,.jpg,2415540,4608x2128,ok
Suvarnarekha,After ripening,Suvarnarekha/After ripening/20260523_131206.jpg,20260523_131206.jpg,.jpg,2425096,4608x2128,ok
Suvarnarekha,After ripening,Suvarnarekha/After ripening/20260523_131207.jpg,20260523_131207.jpg,.jpg,2405854,4608x2128,ok
Suvarnarekha,After ripening,Suvarnarekha/After ripening/20260523_131218.jpg,20260523_131218.jpg,.jpg,2410277,4608x2128,ok
Suvarnarekha,After ripening,Suvarnarekha/After ripening/20260523_131220.jpg,20260523_131220.jpg,.jpg,2454808,4608x2128,ok
Suvarnarekha,After ripening,Suvarnarekha/After ripening/20260523_131221.jpg,20260523_131221.jpg,.jpg,2460193,4608x2128,ok
Suvarnarekha,After ripening,Suvarnarekha/After ripening/20260523_131223.jpg,20260523_131223.jpg,.jpg,2438328,4608x2128,ok
Suvarnarekha,After ripening,Suvarnarekha/After ripening/20260523_131231.jpg,20260523_131231.jpg,.jpg,2527137,4608x2128,ok
Suvarnarekha,After ripening,Suvarnarekha/After ripening/20260523_131233.jpg,20260523_131233.jpg,.jpg,2454285,4608x2128,ok
Suvarnarekha,After ripening,Suvarnarekha/After ripening/20260523_131234.jpg,20260523_131234.jpg,.jpg,2481754,4608x2128,ok
Suvarnarekha,After ripening,Suvarnarekha/After ripening/20260523_131236.jpg,20260523_131236.jpg,.jpg,2458916,4608x2128,ok
Suvarnarekha,After ripening,Suvarnarekha/After ripening/20260523_131238.jpg,20260523_131238.jpg,.jpg,2478292,4608x2128,ok
Suvarnarekha,After ripening,Suvarnarekha/After ripening/20260523_131239.jpg,20260523_131239.jpg,.jpg,2441874,4608x2128,ok
Suvarnarekha,After ripening,Suvarnarekha/After ripening/20260523_131249.jpg,20260523_131249.jpg,.jpg,2410007,4608x2128,ok
Suvarnarekha,After ripening,Suvarnarekha/After ripening/20260523_131251.jpg,20260523_131251.jpg,.jpg,2377211,4608x2128,ok
Suvarnarekha,After ripening,Suvarnarekha/After ripening/20260523_131253.jpg,20260523_131253.jpg,.jpg,2351506,4608x2128,ok
Suvarnarekha,After ripening,Suvarnarekha/After ripening/20260523_131302.jpg,20260523_131302.jpg,.jpg,2434989,4608x2128,ok
Suvarnarekha,After ripening,Suvarnarekha/After ripening/20260523_131303.jpg,20260523_131303.jpg,.jpg,2457283,4608x2128,ok
Suvarnarekha,After ripening,Suvarnarekha/After ripening/20260523_131305.jpg,20260523_131305.jpg,.jpg,2471597,4608x2128,ok
Suvarnarekha,After ripening,Suvarnarekha/After ripening/20260523_131326.jpg,20260523_131326.jpg,.jpg,2433578,4608x2128,ok
Suvarnarekha,After ripening,Suvarnarekha/After ripening/20260523_131327.jpg,20260523_131327.jpg,.jpg,2404373,4608x2128,ok
Suvarnarekha,After ripening,Suvarnarekha/After ripening/20260523_131329.jpg,20260523_131329.jpg,.jpg,2404717,4608x2128,ok
Suvarnarekha,After ripening,Suvarnarekha/After ripening/20260523_131331.jpg,20260523_131331.jpg,.jpg,2392016,4608x2128,ok
Suvarnarekha,After ripening,Suvarnarekha/After ripening/20260523_131332.jpg,20260523_131332.jpg,.jpg,2383409,4608x2128,ok
Suvarnarekha,After ripening,Suvarnarekha/After ripening/20260523_131351.jpg,20260523_131351.jpg,.jpg,2379048,4608x2128,ok
Suvarnarekha,After ripening,Suvarnarekha/After ripening/20260523_131353.jpg,20260523_131353.jpg,.jpg,2346446,4608x2128,ok
Suvarnarekha,After ripening,Suvarnarekha/After ripening/20260523_131354.jpg,20260523_131354.jpg,.jpg,2219684,4608x2128,ok
Suvarnarekha,After ripening,Suvarnarekha/After ripening/20260523_131356.jpg,20260523_131356.jpg,.jpg,2356369,4608x2128,ok
Suvarnarekha,After ripening,Suvarnarekha/After ripening/20260523_131358.jpg,20260523_131358.jpg,.jpg,2387855,4608x2128,ok
Suvarnarekha,After ripening,Suvarnarekha/After ripening/20260523_131405.jpg,20260523_131405.jpg,.jpg,2400229,4608x2128,ok
Suvarnarekha,After ripening,Suvarnarekha/After ripening/20260523_131420.jpg,20260523_131420.jpg,.jpg,2386863,4608x2128,ok
Suvarnarekha,After ripening,Suvarnarekha/After ripening/20260523_131422.jpg,20260523_131422.jpg,.jpg,2375802,4608x2128,ok
Suvarnarekha,After ripening,Suvarnarekha/After ripening/20260523_131423.jpg,20260523_131423.jpg,.jpg,2405932,4608x2128,ok
Suvarnarekha,After ripening,Suvarnarekha/After ripening/20260523_131427.jpg,20260523_131427.jpg,.jpg,2395253,4608x2128,ok
Suvarnarekha,After ripening,Suvarnarekha/After ripening/20260523_131429.jpg,20260523_131429.jpg,.jpg,2408775,4608x2128,ok
Suvarnarekha,After ripening,Suvarnarekha/After ripening/20260523_131431.jpg,20260523_131431.jpg,.jpg,2361838,4608x2128,ok
Suvarnarekha,After ripening,Suvarnarekha/After ripening/20260523_131451.jpg,20260523_131451.jpg,.jpg,2413633,4608x2128,ok
Suvarnarekha,After ripening,Suvarnarekha/After ripening/20260523_131453.jpg,20260523_131453.jpg,.jpg,2427737,4608x2128,ok
Suvarnarekha,After ripening,Suvarnarekha/After ripening/20260523_131454.jpg,20260523_131454.jpg,.jpg,2461414,4608x2128,ok
Suvarnarekha,After ripening,Suvarnarekha/After ripening/20260523_131537.jpg,20260523_131537.jpg,.jpg,2359733,4608x2128,ok
Suvarnarekha,After ripening,Suvarnarekha/After ripening/20260523_131549.jpg,20260523_131549.jpg,.jpg,2430402,4608x2128,ok
Suvarnarekha,After ripening,Suvarnarekha/After ripening/20260523_131550.jpg,20260523_131550.jpg,.jpg,2375044,4608x2128,ok
Suvarnarekha,After ripening,Suvarnarekha/After ripening/20260523_131553.jpg,20260523_131553.jpg,.jpg,2368606,4608x2128,ok
Suvarnarekha,After ripening,Suvarnarekha/After ripening/20260523_131555.jpg,20260523_131555.jpg,.jpg,2381889,4608x2128,ok
Suvarnarekha,After ripening,Suvarnarekha/After ripening/20260523_131557.jpg,20260523_131557.jpg,.jpg,2364317,4608x2128,ok
Suvarnarekha,After ripening,Suvarnarekha/After ripening/20260523_131558.jpg,20260523_131558.jpg,.jpg,2381869,4608x2128,ok
Suvarnarekha,After ripening,Suvarnarekha/After ripening/20260523_131600.jpg,20260523_131600.jpg,.jpg,2407243,4608x2128,ok
Suvarnarekha,After ripening,Suvarnarekha/After ripening/20260523_131613.jpg,20260523_131613.jpg,.jpg,2507743,4608x2128,ok
Suvarnarekha,After ripening,Suvarnarekha/After ripening/20260523_131615.jpg,20260523_131615.jpg,.jpg,2475159,4608x2128,ok
Suvarnarekha,After ripening,Suvarnarekha/After ripening/20260523_131616.jpg,20260523_131616.jpg,.jpg,2437992,4608x2128,ok
Suvarnarekha,After ripening,Suvarnarekha/After ripening/20260523_131618.jpg,20260523_131618.jpg,.jpg,2436639,4608x2128,ok
Suvarnarekha,After ripening,Suvarnarekha/After ripening/20260523_131620.jpg,20260523_131620.jpg,.jpg,2358407,4608x2128,ok
Suvarnarekha,After ripening,Suvarnarekha/After ripening/20260523_131621.jpg,20260523_131621.jpg,.jpg,2419452,4608x2128,ok
Suvarnarekha,After ripening,Suvarnarekha/After ripening/20260523_131636.jpg,20260523_131636.jpg,.jpg,2431786,4608x2128,ok
Suvarnarekha,After ripening,Suvarnarekha/After ripening/20260523_131638.jpg,20260523_131638.jpg,.jpg,2425096,4608x2128,ok
Suvarnarekha,After ripening,Suvarnarekha/After ripening/20260523_131640.jpg,20260523_131640.jpg,.jpg,2441636,4608x2128,ok
Suvarnarekha,After ripening,Suvarnarekha/After ripening/20260523_131641.jpg,20260523_131641.jpg,.jpg,2428051,4608x2128,ok
Suvarnarekha,After ripening,Suvarnarekha/After ripening/20260523_131643.jpg,20260523_131643.jpg,.jpg,2374681,4608x2128,ok
Suvarnarekha,After ripening,Suvarnarekha/After ripening/20260523_131645.jpg,20260523_131645.jpg,.jpg,2383719,4608x2128,ok
Suvarnarekha,After ripening,Suvarnarekha/After ripening/20260523_131647.jpg,20260523_131647.jpg,.jpg,2423075,4608x2128,ok
Suvarnarekha,After ripening,Suvarnarekha/After ripening/20260523_131657.jpg,20260523_131657.jpg,.jpg,2431293,4608x2128,ok
Suvarnarekha,After ripening,Suvarnarekha/After ripening/20260523_131658.jpg,20260523_131658.jpg,.jpg,2405449,4608x2128,ok
Suvarnarekha,After ripening,Suvarnarekha/After ripening/20260523_131700.jpg,20260523_131700.jpg,.jpg,2422035,4608x2128,ok
Suvarnarekha,After ripening,Suvarnarekha/After ripening/20260523_131710.jpg,20260523_131710.jpg,.jpg,2182944,4608x2128,ok
Suvarnarekha,After ripening,Suvarnarekha/After ripening/20260523_131717.jpg,20260523_131717.jpg,.jpg,2472938,4608x2128,ok
Suvarnarekha,After ripening,Suvarnarekha/After ripening/20260523_131719.jpg,20260523_131719.jpg,.jpg,2400270,4608x2128,ok
Suvarnarekha,After ripening,Suvarnarekha/After ripening/20260523_131732.jpg,20260523_131732.jpg,.jpg,2388636,4608x2128,ok
Suvarnarekha,After ripening,Suvarnarekha/After ripening/20260523_131733.jpg,20260523_131733.jpg,.jpg,2406865,4608x2128,ok
Suvarnarekha,After ripening,Suvarnarekha/After ripening/20260523_131735.jpg,20260523_131735.jpg,.jpg,2401513,4608x2128,ok
Suvarnarekha,After ripening,Suvarnarekha/After ripening/20260601_165838.jpg,20260601_165838.jpg,.jpg,2312560,4608x2128,ok
Suvarnarekha,After ripening,Suvarnarekha/After ripening/20260601_165840.jpg,20260601_165840.jpg,.jpg,2368203,4608x2128,ok
Suvarnarekha,After ripening,Suvarnarekha/After ripening/20260601_165842.jpg,20260601_165842.jpg,.jpg,2372675,4608x2128,ok
Suvarnarekha,After ripening,Suvarnarekha/After ripening/20260601_165902.jpg,20260601_165902.jpg,.jpg,2362398,4608x2128,ok
Suvarnarekha,After ripening,Suvarnarekha/After ripening/20260601_165904.jpg,20260601_165904.jpg,.jpg,2410683,4608x2128,ok
Suvarnarekha,After ripening,Suvarnarekha/After ripening/20260601_165912.jpg,20260601_165912.jpg,.jpg,2407676,4608x2128,ok
Suvarnarekha,After ripening,Suvarnarekha/After ripening/20260601_165913.jpg,20260601_165913.jpg,.jpg,2420247,4608x2128,ok
Suvarnarekha,After ripening,Suvarnarekha/After ripening/20260601_165920.jpg,20260601_165920.jpg,.jpg,2339490,4608x2128,ok
Suvarnarekha,After ripening,Suvarnarekha/After ripening/20260601_165923.jpg,20260601_165923.jpg,.jpg,2409569,4608x2128,ok
Suvarnarekha,After ripening,Suvarnarekha/After ripening/20260601_165925.jpg,20260601_165925.jpg,.jpg,2453322,4608x2128,ok
Suvarnarekha,After ripening,Suvarnarekha/After ripening/20260601_165936.jpg,20260601_165936.jpg,.jpg,2323465,4608x2128,ok
Suvarnarekha,After ripening,Suvarnarekha/After ripening/20260601_165937.jpg,20260601_165937.jpg,.jpg,2374847,4608x2128,ok
Suvarnarekha,After ripening,Suvarnarekha/After ripening/20260601_165944.jpg,20260601_165944.jpg,.jpg,2356122,4608x2128,ok
Suvarnarekha,After ripening,Suvarnarekha/After ripening/20260601_165954.jpg,20260601_165954.jpg,.jpg,2216899,4608x2128,ok
Suvarnarekha,After ripening,Suvarnarekha/After ripening/20260601_165956.jpg,20260601_165956.jpg,.jpg,2262699,4608x2128,ok
Suvarnarekha,After ripening,Suvarnarekha/After ripening/20260601_165957.jpg,20260601_165957.jpg,.jpg,2259074,4608x2128,ok
Suvarnarekha,After ripening,Suvarnarekha/After ripening/20260601_170011.jpg,20260601_170011.jpg,.jpg,2214744,4608x2128,ok
Suvarnarekha,After ripening,Suvarnarekha/After ripening/20260601_170015.jpg,20260601_170015.jpg,.jpg,2238194,4608x2128,ok
Suvarnarekha,After ripening,Suvarnarekha/After ripening/20260601_170016.jpg,20260601_170016.jpg,.jpg,2231243,4608x2128,ok
Suvarnarekha,After ripening,Suvarnarekha/After ripening/20260601_170149.jpg,20260601_170149.jpg,.jpg,2520452,4608x2128,ok
Suvarnarekha,After ripening,Suvarnarekha/After ripening/20260601_170151.jpg,20260601_170151.jpg,.jpg,2549467,4608x2128,ok
Suvarnarekha,After ripening,Suvarnarekha/After ripening/20260601_170152.jpg,20260601_170152.jpg,.jpg,2543719,4608x2128,ok
Suvarnarekha,After ripening,Suvarnarekha/After ripening/20260601_170154.jpg,20260601_170154.jpg,.jpg,2551854,4608x2128,ok
Suvarnarekha,After ripening,Suvarnarekha/After ripening/20260601_170202.jpg,20260601_170202.jpg,.jpg,2502234,4608x2128,ok
Suvarnarekha,After ripening,Suvarnarekha/After ripening/20260601_170204.jpg,20260601_170204.jpg,.jpg,2531031,4608x2128,ok
Suvarnarekha,After ripening,Suvarnarekha/After ripening/20260601_170206.jpg,20260601_170206.jpg,.jpg,2524905,4608x2128,ok
Suvarnarekha,After ripening,Suvarnarekha/After ripening/20260601_170207.jpg,20260601_170207.jpg,.jpg,2509290,4608x2128,ok
Suvarnarekha,After ripening,Suvarnarekha/After ripening/20260601_170210.jpg,20260601_170210.jpg,.jpg,2476794,4608x2128,ok
Suvarnarekha,After ripening,Suvarnarekha/After ripening/20260601_170222.jpg,20260601_170222.jpg,.jpg,2545602,4608x2128,ok
Suvarnarekha,After ripening,Suvarnarekha/After ripening/20260601_170223.jpg,20260601_170223.jpg,.jpg,2514477,4608x2128,ok
Suvarnarekha,After ripening,Suvarnarekha/After ripening/20260601_170225.jpg,20260601_170225.jpg,.jpg,2598358,4608x2128,ok
Suvarnarekha,After ripening,Suvarnarekha/After ripening/20260601_170226.jpg,20260601_170226.jpg,.jpg,2555415,4608x2128,ok
Suvarnarekha,After ripening,Suvarnarekha/After ripening/20260601_170239.jpg,20260601_170239.jpg,.jpg,2502635,4608x2128,ok
Suvarnarekha,After ripening,Suvarnarekha/After ripening/20260601_170241.jpg,20260601_170241.jpg,.jpg,2500769,4608x2128,ok
Suvarnarekha,After ripening,Suvarnarekha/After ripening/20260601_170242.jpg,20260601_170242.jpg,.jpg,2536671,4608x2128,ok
Suvarnarekha,After ripening,Suvarnarekha/After ripening/20260601_170248.jpg,20260601_170248.jpg,.jpg,2537726,4608x2128,ok
Suvarnarekha,After ripening,Suvarnarekha/After ripening/20260601_170249.jpg,20260601_170249.jpg,.jpg,2563374,4608x2128,ok
Suvarnarekha,After ripening,Suvarnarekha/After ripening/20260601_170251.jpg,20260601_170251.jpg,.jpg,2537919,4608x2128,ok
Suvarnarekha,After ripening,Suvarnarekha/After ripening/20260601_170300.jpg,20260601_170300.jpg,.jpg,2554018,4608x2128,ok
Suvarnarekha,After ripening,Suvarnarekha/After ripening/20260601_170302.jpg,20260601_170302.jpg,.jpg,2558470,4608x2128,ok
Suvarnarekha,After ripening,Suvarnarekha/After ripening/20260601_170303.jpg,20260601_170303.jpg,.jpg,2546925,4608x2128,ok
Suvarnarekha,After ripening,Suvarnarekha/After ripening/20260601_170305.jpg,20260601_170305.jpg,.jpg,2543566,4608x2128,ok
Suvarnarekha,After ripening,Suvarnarekha/After ripening/20260601_170308.jpg,20260601_170308.jpg,.jpg,2549549,4608x2128,ok
Suvarnarekha,After ripening,Suvarnarekha/After ripening/20260601_170345.jpg,20260601_170345.jpg,.jpg,2587006,4608x2128,ok
Suvarnarekha,After ripening,Suvarnarekha/After ripening/20260601_170347.jpg,20260601_170347.jpg,.jpg,2631225,4608x2128,ok
Suvarnarekha,After ripening,Suvarnarekha/After ripening/20260601_170349.jpg,20260601_170349.jpg,.jpg,2606913,4608x2128,ok
Suvarnarekha,After ripening,Suvarnarekha/After ripening/20260601_170350.jpg,20260601_170350.jpg,.jpg,2596936,4608x2128,ok
Suvarnarekha,After ripening,Suvarnarekha/After ripening/20260601_170405.jpg,20260601_170405.jpg,.jpg,2629853,4608x2128,ok
Suvarnarekha,After ripening,Suvarnarekha/After ripening/20260601_170406.jpg,20260601_170406.jpg,.jpg,2633527,4608x2128,ok
Suvarnarekha,After ripening,Suvarnarekha/After ripening/20260601_170408.jpg,20260601_170408.jpg,.jpg,2608330,4608x2128,ok
Suvarnarekha,After ripening,Suvarnarekha/After ripening/20260601_170409.jpg,20260601_170409.jpg,.jpg,2570719,4608x2128,ok
Suvarnarekha,After ripening,Suvarnarekha/After ripening/20260601_170422.jpg,20260601_170422.jpg,.jpg,2660604,4608x2128,ok
Suvarnarekha,After ripening,Suvarnarekha/After ripening/20260601_170424.jpg,20260601_170424.jpg,.jpg,2667174,4608x2128,ok
Suvarnarekha,After ripening,Suvarnarekha/After ripening/20260601_170425.jpg,20260601_170425.jpg,.jpg,2650982,4608x2128,ok
Suvarnarekha,After ripening,Suvarnarekha/After ripening/20260601_170426.jpg,20260601_170426.jpg,.jpg,2666487,4608x2128,ok
Suvarnarekha,After ripening,Suvarnarekha/After ripening/20260601_170443.jpg,20260601_170443.jpg,.jpg,2520477,4608x2128,ok
Suvarnarekha,After ripening,Suvarnarekha/After ripening/20260601_170444.jpg,20260601_170444.jpg,.jpg,2537594,4608x2128,ok
Suvarnarekha,After ripening,Suvarnarekha/After ripening/20260601_170446.jpg,20260601_170446.jpg,.jpg,2571932,4608x2128,ok
Suvarnarekha,After ripening,Suvarnarekha/After ripening/20260601_170448.jpg,20260601_170448.jpg,.jpg,2573780,4608x2128,ok
Suvarnarekha,After ripening,Suvarnarekha/After ripening/20260601_170457.jpg,20260601_170457.jpg,.jpg,2346240,4608x2128,ok
Suvarnarekha,After ripening,Suvarnarekha/After ripening/20260601_170459.jpg,20260601_170459.jpg,.jpg,2375285,4608x2128,ok
Suvarnarekha,After ripening,Suvarnarekha/After ripening/20260601_170501.jpg,20260601_170501.jpg,.jpg,2398147,4608x2128,ok
Suvarnarekha,After ripening,Suvarnarekha/After ripening/20260601_170509.jpg,20260601_170509.jpg,.jpg,2350498,4608x2128,ok
Suvarnarekha,After ripening,Suvarnarekha/After ripening/20260601_170511.jpg,20260601_170511.jpg,.jpg,2340435,4608x2128,ok
Suvarnarekha,After ripening,Suvarnarekha/After ripening/20260601_170512.jpg,20260601_170512.jpg,.jpg,2361685,4608x2128,ok
Suvarnarekha,After ripening,Suvarnarekha/After ripening/20260601_170514.jpg,20260601_170514.jpg,.jpg,2330293,4608x2128,ok
Suvarnarekha,After ripening,Suvarnarekha/After ripening/20260601_170516.jpg,20260601_170516.jpg,.jpg,2346465,4608x2128,ok
Suvarnarekha,After ripening,Suvarnarekha/After ripening/20260601_170517.jpg,20260601_170517.jpg,.jpg,2340422,4608x2128,ok
Suvarnarekha,After ripening,Suvarnarekha/After ripening/20260601_170527.jpg,20260601_170527.jpg,.jpg,2086867,4608x2128,ok
Suvarnarekha,After ripening,Suvarnarekha/After ripening/20260601_170530.jpg,20260601_170530.jpg,.jpg,2090649,4608x2128,ok
Suvarnarekha,After ripening,Suvarnarekha/After ripening/20260601_170532.jpg,20260601_170532.jpg,.jpg,2077989,4608x2128,ok
Suvarnarekha,After ripening,Suvarnarekha/After ripening/20260601_170533.jpg,20260601_170533.jpg,.jpg,2065087,4608x2128,ok
Suvarnarekha,After ripening,Suvarnarekha/After ripening/20260601_170536.jpg,20260601_170536.jpg,.jpg,2057429,4608x2128,ok
Suvarnarekha,After ripening,Suvarnarekha/After ripening/20260601_170818.jpg,20260601_170818.jpg,.jpg,1921826,4608x2128,ok
Suvarnarekha,After ripening,Suvarnarekha/After ripening/20260601_170820.jpg,20260601_170820.jpg,.jpg,1918064,4608x2128,ok
Suvarnarekha,After ripening,Suvarnarekha/After ripening/20260601_170827.jpg,20260601_170827.jpg,.jpg,1972560,4608x2128,ok
Suvarnarekha,After ripening,Suvarnarekha/After ripening/20260601_170829.jpg,20260601_170829.jpg,.jpg,1960321,4608x2128,ok
Suvarnarekha,After ripening,Suvarnarekha/After ripening/20260601_170832.jpg,20260601_170832.jpg,.jpg,2112334,4608x2128,ok
Suvarnarekha,After ripening,Suvarnarekha/After ripening/20260601_170840.jpg,20260601_170840.jpg,.jpg,1984202,4608x2128,ok
Suvarnarekha,After ripening,Suvarnarekha/After ripening/20260601_170842.jpg,20260601_170842.jpg,.jpg,1972939,4608x2128,ok
Suvarnarekha,After ripening,Suvarnarekha/After ripening/20260601_170843.jpg,20260601_170843.jpg,.jpg,1983358,4608x2128,ok
Suvarnarekha,After ripening,Suvarnarekha/After ripening/20260601_170850.jpg,20260601_170850.jpg,.jpg,1921226,4608x2128,ok
Suvarnarekha,After ripening,Suvarnarekha/After ripening/20260601_170851.jpg,20260601_170851.jpg,.jpg,1912462,4608x2128,ok
Suvarnarekha,After ripening,Suvarnarekha/After ripening/20260601_170853.jpg,20260601_170853.jpg,.jpg,1923226,4608x2128,ok
Suvarnarekha,After ripening,Suvarnarekha/After ripening/20260601_170858.jpg,20260601_170858.jpg,.jpg,1968285,4608x2128,ok
Suvarnarekha,After ripening,Suvarnarekha/After ripening/20260601_170900.jpg,20260601_170900.jpg,.jpg,1965993,4608x2128,ok
Suvarnarekha,After ripening,Suvarnarekha/After ripening/20260601_170903.jpg,20260601_170903.jpg,.jpg,1923763,4608x2128,ok
Suvarnarekha,After ripening,Suvarnarekha/After ripening/20260601_170906.jpg,20260601_170906.jpg,.jpg,2068099,4608x2128,ok
Suvarnarekha,After ripening,Suvarnarekha/After ripening/20260601_170913.jpg,20260601_170913.jpg,.jpg,2062021,4608x2128,ok
Suvarnarekha,After ripening,Suvarnarekha/After ripening/20260601_170914.jpg,20260601_170914.jpg,.jpg,2019842,4608x2128,ok
Suvarnarekha,After ripening,Suvarnarekha/After ripening/20260601_170916.jpg,20260601_170916.jpg,.jpg,2052895,4608x2128,ok
Suvarnarekha,After ripening,Suvarnarekha/After ripening/20260601_170933.jpg,20260601_170933.jpg,.jpg,2080987,4608x2128,ok
Suvarnarekha,After ripening,Suvarnarekha/After ripening/20260601_170934.jpg,20260601_170934.jpg,.jpg,2060508,4608x2128,ok
Suvarnarekha,After ripening,Suvarnarekha/After ripening/20260601_170936.jpg,20260601_170936.jpg,.jpg,2039524,4608x2128,ok
Suvarnarekha,After ripening,Suvarnarekha/After ripening/20260601_170943.jpg,20260601_170943.jpg,.jpg,2107818,4608x2128,ok
Suvarnarekha,After ripening,Suvarnarekha/After ripening/20260601_170944.jpg,20260601_170944.jpg,.jpg,2114791,4608x2128,ok
Suvarnarekha,After ripening,Suvarnarekha/After ripening/20260601_170950.jpg,20260601_170950.jpg,.jpg,2213042,4608x2128,ok
Suvarnarekha,After ripening,Suvarnarekha/After ripening/20260601_170953.jpg,20260601_170953.jpg,.jpg,2139534,4608x2128,ok
Suvarnarekha,After ripening,Suvarnarekha/After ripening/20260601_171002.jpg,20260601_171002.jpg,.jpg,1938021,4608x2128,ok
Suvarnarekha,After ripening,Suvarnarekha/After ripening/20260601_171003.jpg,20260601_171003.jpg,.jpg,1932113,4608x2128,ok
Suvarnarekha,After ripening,Suvarnarekha/After ripening/20260601_171005.jpg,20260601_171005.jpg,.jpg,1921668,4608x2128,ok
Suvarnarekha,After ripening,Suvarnarekha/After ripening/20260601_171007.jpg,20260601_171007.jpg,.jpg,1943054,4608x2128,ok
Suvarnarekha,After ripening,Suvarnarekha/After ripening/20260601_171015.jpg,20260601_171015.jpg,.jpg,1965487,4608x2128,ok
Suvarnarekha,After ripening,Suvarnarekha/After ripening/20260601_171017.jpg,20260601_171017.jpg,.jpg,2071736,4608x2128,ok
Suvarnarekha,After ripening,Suvarnarekha/After ripening/20260601_171024.jpg,20260601_171024.jpg,.jpg,2060947,4608x2128,ok
Suvarnarekha,After ripening,Suvarnarekha/After ripening/20260601_171026.jpg,20260601_171026.jpg,.jpg,2036235,4608x2128,ok
Suvarnarekha,After ripening,Suvarnarekha/After ripening/20260601_171031.jpg,20260601_171031.jpg,.jpg,2009710,4608x2128,ok
Suvarnarekha,After ripening,Suvarnarekha/After ripening/20260601_171101.jpg,20260601_171101.jpg,.jpg,2071242,4608x2128,ok
Suvarnarekha,After ripening,Suvarnarekha/After ripening/20260601_171103.jpg,20260601_171103.jpg,.jpg,2055854,4608x2128,ok
Suvarnarekha,After ripening,Suvarnarekha/After ripening/20260601_171104.jpg,20260601_171104.jpg,.jpg,2062490,4608x2128,ok
Suvarnarekha,After ripening,Suvarnarekha/After ripening/20260601_171113.jpg,20260601_171113.jpg,.jpg,2142440,4608x2128,ok
Suvarnarekha,After ripening,Suvarnarekha/After ripening/20260601_171114.jpg,20260601_171114.jpg,.jpg,2179418,4608x2128,ok
Suvarnarekha,After ripening,Suvarnarekha/After ripening/20260601_171116.jpg,20260601_171116.jpg,.jpg,2155407,4608x2128,ok
Suvarnarekha,After ripening,Suvarnarekha/After ripening/20260601_171124.jpg,20260601_171124.jpg,.jpg,2056310,4608x2128,ok
Suvarnarekha,After ripening,Suvarnarekha/After ripening/20260601_171125.jpg,20260601_171125.jpg,.jpg,2046300,4608x2128,ok
Suvarnarekha,After ripening,Suvarnarekha/After ripening/20260601_171127.jpg,20260601_171127.jpg,.jpg,2043104,4608x2128,ok
Suvarnarekha,After ripening,Suvarnarekha/After ripening/20260601_171136.jpg,20260601_171136.jpg,.jpg,1950437,4608x2128,ok
Suvarnarekha,After ripening,Suvarnarekha/After ripening/20260601_171137.jpg,20260601_171137.jpg,.jpg,1943467,4608x2128,ok
Suvarnarekha,After ripening,Suvarnarekha/After ripening/20260601_171148.jpg,20260601_171148.jpg,.jpg,2010888,4608x2128,ok
Suvarnarekha,After ripening,Suvarnarekha/After ripening/20260601_171150.jpg,20260601_171150.jpg,.jpg,2045578,4608x2128,ok
Suvarnarekha,After ripening,Suvarnarekha/After ripening/20260601_171158.jpg,20260601_171158.jpg,.jpg,1963493,4608x2128,ok
Suvarnarekha,After ripening,Suvarnarekha/After ripening/20260601_171201.jpg,20260601_171201.jpg,.jpg,2049712,4608x2128,ok
Suvarnarekha,After ripening,Suvarnarekha/After ripening/20260601_171216.jpg,20260601_171216.jpg,.jpg,2119026,4608x2128,ok
Suvarnarekha,After ripening,Suvarnarekha/After ripening/20260601_171218.jpg,20260601_171218.jpg,.jpg,2115208,4608x2128,ok
Suvarnarekha,After ripening,Suvarnarekha/After ripening/20260601_171220.jpg,20260601_171220.jpg,.jpg,2168056,4608x2128,ok
Suvarnarekha,After ripening,Suvarnarekha/After ripening/20260601_171228.jpg,20260601_171228.jpg,.jpg,2253985,4608x2128,ok
Suvarnarekha,After ripening,Suvarnarekha/After ripening/20260601_171230.jpg,20260601_171230.jpg,.jpg,2246111,4608x2128,ok
Suvarnarekha,After ripening,Suvarnarekha/After ripening/20260601_171231.jpg,20260601_171231.jpg,.jpg,2257340,4608x2128,ok
Suvarnarekha,After ripening,Suvarnarekha/After ripening/20260601_171241.jpg,20260601_171241.jpg,.jpg,2399750,4608x2128,ok
Suvarnarekha,After ripening,Suvarnarekha/After ripening/20260601_171243.jpg,20260601_171243.jpg,.jpg,2426291,4608x2128,ok
Suvarnarekha,After ripening,Suvarnarekha/After ripening/20260601_171245.jpg,20260601_171245.jpg,.jpg,2428273,4608x2128,ok
Suvarnarekha,After ripening,Suvarnarekha/After ripening/20260601_171420.jpg,20260601_171420.jpg,.jpg,1968387,4608x2128,ok
Suvarnarekha,After ripening,Suvarnarekha/After ripening/20260601_171422.jpg,20260601_171422.jpg,.jpg,1965151,4608x2128,ok
Suvarnarekha,After ripening,Suvarnarekha/After ripening/20260601_171423.jpg,20260601_171423.jpg,.jpg,1928163,4608x2128,ok
Suvarnarekha,After ripening,Suvarnarekha/After ripening/20260601_171425.jpg,20260601_171425.jpg,.jpg,1921435,4608x2128,ok
Suvarnarekha,After ripening,Suvarnarekha/After ripening/20260601_171435.jpg,20260601_171435.jpg,.jpg,2099132,4608x2128,ok
Suvarnarekha,After ripening,Suvarnarekha/After ripening/20260601_171437.jpg,20260601_171437.jpg,.jpg,2117330,4608x2128,ok
Suvarnarekha,After ripening,Suvarnarekha/After ripening/20260601_171439.jpg,20260601_171439.jpg,.jpg,2110427,4608x2128,ok
Suvarnarekha,After ripening,Suvarnarekha/After ripening/20260601_171441.jpg,20260601_171441.jpg,.jpg,2089606,4608x2128,ok
Suvarnarekha,After ripening,Suvarnarekha/After ripening/20260601_171453.jpg,20260601_171453.jpg,.jpg,2096620,4608x2128,ok
Suvarnarekha,After ripening,Suvarnarekha/After ripening/20260601_171456.jpg,20260601_171456.jpg,.jpg,2135952,4608x2128,ok
Suvarnarekha,After ripening,Suvarnarekha/After ripening/20260601_171458.jpg,20260601_171458.jpg,.jpg,2139698,4608x2128,ok
Suvarnarekha,After ripening,Suvarnarekha/After ripening/20260601_171459.jpg,20260601_171459.jpg,.jpg,2159093,4608x2128,ok
Suvarnarekha,After ripening,Suvarnarekha/After ripening/20260601_171501.jpg,20260601_171501.jpg,.jpg,2120157,4608x2128,ok
Suvarnarekha,After ripening,Suvarnarekha/After ripening/20260601_171630.jpg,20260601_171630.jpg,.jpg,2038200,4608x2128,ok
Suvarnarekha,After ripening,Suvarnarekha/After ripening/20260601_171631.jpg,20260601_171631.jpg,.jpg,2040355,4608x2128,ok
Suvarnarekha,After ripening,Suvarnarekha/After ripening/20260601_171633.jpg,20260601_171633.jpg,.jpg,2027386,4608x2128,ok
Suvarnarekha,After ripening,Suvarnarekha/After ripening/20260601_171640.jpg,20260601_171640.jpg,.jpg,1942053,4608x2128,ok
Suvarnarekha,After ripening,Suvarnarekha/After ripening/20260601_171642.jpg,20260601_171642.jpg,.jpg,2159100,4608x2128,ok
Suvarnarekha,After ripening,Suvarnarekha/After ripening/20260601_171643.jpg,20260601_171643.jpg,.jpg,2206401,4608x2128,ok
Suvarnarekha,After ripening,Suvarnarekha/After ripening/20260601_171653.jpg,20260601_171653.jpg,.jpg,1973368,4608x2128,ok
Suvarnarekha,After ripening,Suvarnarekha/After ripening/20260601_171655.jpg,20260601_171655.jpg,.jpg,1972102,4608x2128,ok
Suvarnarekha,After ripening,Suvarnarekha/After ripening/20260601_171656.jpg,20260601_171656.jpg,.jpg,2024181,4608x2128,ok
Suvarnarekha,After ripening,Suvarnarekha/After ripening/20260601_171658.jpg,20260601_171658.jpg,.jpg,2022287,4608x2128,ok
Suvarnarekha,After ripening,Suvarnarekha/After ripening/20260601_171717.jpg,20260601_171717.jpg,.jpg,2011149,4608x2128,ok
Suvarnarekha,After ripening,Suvarnarekha/After ripening/20260601_171719.jpg,20260601_171719.jpg,.jpg,2052536,4608x2128,ok
Suvarnarekha,After ripening,Suvarnarekha/After ripening/20260601_171722.jpg,20260601_171722.jpg,.jpg,2049605,4608x2128,ok
Suvarnarekha,After ripening,Suvarnarekha/After ripening/20260601_171723.jpg,20260601_171723.jpg,.jpg,2058314,4608x2128,ok
Suvarnarekha,After ripening,Suvarnarekha/After ripening/20260601_171725.jpg,20260601_171725.jpg,.jpg,2057352,4608x2128,ok
Suvarnarekha,After ripening,Suvarnarekha/After ripening/20260601_171736.jpg,20260601_171736.jpg,.jpg,2261948,4608x2128,ok
Suvarnarekha,After ripening,Suvarnarekha/After ripening/20260601_171738.jpg,20260601_171738.jpg,.jpg,2232701,4608x2128,ok
Suvarnarekha,After ripening,Suvarnarekha/After ripening/20260601_171740.jpg,20260601_171740.jpg,.jpg,2263591,4608x2128,ok
Suvarnarekha,After ripening,Suvarnarekha/After ripening/20260601_171752.jpg,20260601_171752.jpg,.jpg,2191726,4608x2128,ok
Suvarnarekha,After ripening,Suvarnarekha/After ripening/20260601_171754.jpg,20260601_171754.jpg,.jpg,2203834,4608x2128,ok
Suvarnarekha,After ripening,Suvarnarekha/After ripening/20260601_171755.jpg,20260601_171755.jpg,.jpg,2190944,4608x2128,ok
Suvarnarekha,After ripening,Suvarnarekha/After ripening/20260601_171815.jpg,20260601_171815.jpg,.jpg,1945830,4608x2128,ok
Suvarnarekha,After ripening,Suvarnarekha/After ripening/20260601_171816.jpg,20260601_171816.jpg,.jpg,1946126,4608x2128,ok
Suvarnarekha,After ripening,Suvarnarekha/After ripening/20260601_171825.jpg,20260601_171825.jpg,.jpg,1894318,4608x2128,ok
Suvarnarekha,After ripening,Suvarnarekha/After ripening/20260601_171827.jpg,20260601_171827.jpg,.jpg,1891319,4608x2128,ok
Suvarnarekha,After ripening,Suvarnarekha/After ripening/20260601_171829.jpg,20260601_171829.jpg,.jpg,1937028,4608x2128,ok
Suvarnarekha,After ripening,Suvarnarekha/After ripening/20260601_171836.jpg,20260601_171836.jpg,.jpg,1926358,4608x2128,ok
Suvarnarekha,After ripening,Suvarnarekha/After ripening/20260601_171837.jpg,20260601_171837.jpg,.jpg,1968830,4608x2128,ok
Suvarnarekha,After ripening,Suvarnarekha/After ripening/20260601_171846.jpg,20260601_171846.jpg,.jpg,1944502,4608x2128,ok
Suvarnarekha,After ripening,Suvarnarekha/After ripening/20260601_171910.jpg,20260601_171910.jpg,.jpg,2053921,4608x2128,ok
Suvarnarekha,After ripening,Suvarnarekha/After ripening/20260601_171912.jpg,20260601_171912.jpg,.jpg,2096250,4608x2128,ok
Suvarnarekha,After ripening,Suvarnarekha/After ripening/20260601_171920.jpg,20260601_171920.jpg,.jpg,2358356,4608x2128,ok
Suvarnarekha,After ripening,Suvarnarekha/After ripening/20260601_171921.jpg,20260601_171921.jpg,.jpg,2397589,4608x2128,ok
Suvarnarekha,After ripening,Suvarnarekha/After ripening/20260601_171928.jpg,20260601_171928.jpg,.jpg,2601738,4608x2128,ok
Suvarnarekha,After ripening,Suvarnarekha/After ripening/20260601_171930.jpg,20260601_171930.jpg,.jpg,2573334,4608x2128,ok
Suvarnarekha,After ripening,Suvarnarekha/After ripening/20260601_171943.jpg,20260601_171943.jpg,.jpg,2052771,4608x2128,ok
Suvarnarekha,After ripening,Suvarnarekha/After ripening/20260601_171944.jpg,20260601_171944.jpg,.jpg,2136066,4608x2128,ok
Suvarnarekha,After ripening,Suvarnarekha/After ripening/20260601_171946.jpg,20260601_171946.jpg,.jpg,2142168,4608x2128,ok
Suvarnarekha,After ripening,Suvarnarekha/After ripening/20260601_171948.jpg,20260601_171948.jpg,.jpg,2119388,4608x2128,ok
Suvarnarekha,After ripening,Suvarnarekha/After ripening/20260601_171953.jpg,20260601_171953.jpg,.jpg,2111309,4608x2128,ok
Suvarnarekha,After ripening,Suvarnarekha/After ripening/20260601_171955.jpg,20260601_171955.jpg,.jpg,2146728,4608x2128,ok
Suvarnarekha,After ripening,Suvarnarekha/After ripening/20260601_172002.jpg,20260601_172002.jpg,.jpg,2148647,4608x2128,ok
Suvarnarekha,After ripening,Suvarnarekha/After ripening/20260601_172003.jpg,20260601_172003.jpg,.jpg,2107603,4608x2128,ok
Suvarnarekha,After ripening,Suvarnarekha/After ripening/20260601_172014.jpg,20260601_172014.jpg,.jpg,2131424,4608x2128,ok
Suvarnarekha,After ripening,Suvarnarekha/After ripening/20260601_172016.jpg,20260601_172016.jpg,.jpg,2211188,4608x2128,ok
Suvarnarekha,After ripening,Suvarnarekha/After ripening/20260601_172021.jpg,20260601_172021.jpg,.jpg,2289829,4608x2128,ok
Suvarnarekha,After ripening,Suvarnarekha/After ripening/20260601_172022.jpg,20260601_172022.jpg,.jpg,2316728,4608x2128,ok
Suvarnarekha,After ripening,Suvarnarekha/After ripening/20260601_172024.jpg,20260601_172024.jpg,.jpg,2343207,4608x2128,ok
Suvarnarekha,After ripening,Suvarnarekha/After ripening/20260601_172029.jpg,20260601_172029.jpg,.jpg,2336726,4608x2128,ok
Suvarnarekha,After ripening,Suvarnarekha/After ripening/20260601_172031.jpg,20260601_172031.jpg,.jpg,2329087,4608x2128,ok
Suvarnarekha,After ripening,Suvarnarekha/After ripening/20260601_172033.jpg,20260601_172033.jpg,.jpg,2507122,4608x2128,ok
Suvarnarekha,After ripening,Suvarnarekha/After ripening/20260601_172045.jpg,20260601_172045.jpg,.jpg,2143096,4608x2128,ok
Suvarnarekha,After ripening,Suvarnarekha/After ripening/20260601_172047.jpg,20260601_172047.jpg,.jpg,2231270,4608x2128,ok
Suvarnarekha,After ripening,Suvarnarekha/After ripening/20260601_172049.jpg,20260601_172049.jpg,.jpg,2194740,4608x2128,ok
Suvarnarekha,After ripening,Suvarnarekha/After ripening/20260601_172052.jpg,20260601_172052.jpg,.jpg,2225630,4608x2128,ok
Suvarnarekha,After ripening,Suvarnarekha/After ripening/20260601_172056.jpg,20260601_172056.jpg,.jpg,2184194,4608x2128,ok
Suvarnarekha,After ripening,Suvarnarekha/After ripening/20260601_172058.jpg,20260601_172058.jpg,.jpg,2241871,4608x2128,ok
Suvarnarekha,After ripening,Suvarnarekha/After ripening/20260601_172059.jpg,20260601_172059.jpg,.jpg,2224730,4608x2128,ok
Suvarnarekha,After ripening,Suvarnarekha/After ripening/20260601_172101.jpg,20260601_172101.jpg,.jpg,2255639,4608x2128,ok
Suvarnarekha,After ripening,Suvarnarekha/After ripening/20260601_172158.jpg,20260601_172158.jpg,.jpg,2667641,4608x2128,ok
Suvarnarekha,After ripening,Suvarnarekha/After ripening/20260601_172201.jpg,20260601_172201.jpg,.jpg,2697663,4608x2128,ok
Suvarnarekha,After ripening,Suvarnarekha/After ripening/20260601_172246.jpg,20260601_172246.jpg,.jpg,2285151,4608x2128,ok
Suvarnarekha,After ripening,Suvarnarekha/After ripening/20260601_172247.jpg,20260601_172247.jpg,.jpg,2282445,4608x2128,ok
Suvarnarekha,After ripening,Suvarnarekha/After ripening/20260601_172249.jpg,20260601_172249.jpg,.jpg,2278582,4608x2128,ok
Suvarnarekha,After ripening,Suvarnarekha/After ripening/20260601_172251.jpg,20260601_172251.jpg,.jpg,2274347,4608x2128,ok
Suvarnarekha,After ripening,Suvarnarekha/After ripening/20260601_172325.jpg,20260601_172325.jpg,.jpg,2135291,4608x2128,ok
Suvarnarekha,After ripening,Suvarnarekha/After ripening/20260601_172327.jpg,20260601_172327.jpg,.jpg,2155965,4608x2128,ok
Suvarnarekha,After ripening,Suvarnarekha/After ripening/20260601_172332.jpg,20260601_172332.jpg,.jpg,2261894,4608x2128,ok
Suvarnarekha,After ripening,Suvarnarekha/After ripening/20260601_172333.jpg,20260601_172333.jpg,.jpg,2230036,4608x2128,ok
Suvarnarekha,After ripening,Suvarnarekha/After ripening/20260601_172335.jpg,20260601_172335.jpg,.jpg,2226796,4608x2128,ok
Suvarnarekha,After ripening,Suvarnarekha/After ripening/20260601_172341.jpg,20260601_172341.jpg,.jpg,2327137,4608x2128,ok
Suvarnarekha,After ripening,Suvarnarekha/After ripening/20260601_172342.jpg,20260601_172342.jpg,.jpg,2302593,4608x2128,ok
Suvarnarekha,After ripening,Suvarnarekha/After ripening/20260601_172346.jpg,20260601_172346.jpg,.jpg,2297376,4608x2128,ok
Suvarnarekha,After ripening,Suvarnarekha/After ripening/20260601_172354.jpg,20260601_172354.jpg,.jpg,2133418,4608x2128,ok
Suvarnarekha,After ripening,Suvarnarekha/After ripening/20260601_172355.jpg,20260601_172355.jpg,.jpg,2145784,4608x2128,ok
Suvarnarekha,After ripening,Suvarnarekha/After ripening/20260601_172357.jpg,20260601_172357.jpg,.jpg,2167666,4608x2128,ok
Suvarnarekha,After ripening,Suvarnarekha/After ripening/20260601_172358.jpg,20260601_172358.jpg,.jpg,2147632,4608x2128,ok
Suvarnarekha,After ripening,Suvarnarekha/After ripening/20260601_172403.jpg,20260601_172403.jpg,.jpg,2217233,4608x2128,ok
Suvarnarekha,After ripening,Suvarnarekha/After ripening/20260601_172404.jpg,20260601_172404.jpg,.jpg,2193670,4608x2128,ok
Suvarnarekha,After ripening,Suvarnarekha/After ripening/20260601_172406.jpg,20260601_172406.jpg,.jpg,2164605,4608x2128,ok
Suvarnarekha,After ripening,Suvarnarekha/After ripening/20260601_172411.jpg,20260601_172411.jpg,.jpg,2133978,4608x2128,ok
Suvarnarekha,After ripening,Suvarnarekha/After ripening/20260601_172412.jpg,20260601_172412.jpg,.jpg,2146369,4608x2128,ok
Suvarnarekha,After ripening,Suvarnarekha/After ripening/20260601_172414.jpg,20260601_172414.jpg,.jpg,2146754,4608x2128,ok
Suvarnarekha,After ripening,Suvarnarekha/After ripening/20260601_172523.jpg,20260601_172523.jpg,.jpg,2772389,4608x2128,ok
Suvarnarekha,After ripening,Suvarnarekha/After ripening/20260601_172525.jpg,20260601_172525.jpg,.jpg,2963160,4608x2128,ok
Suvarnarekha,After ripening,Suvarnarekha/After ripening/20260601_172528.jpg,20260601_172528.jpg,.jpg,4154851,4608x2128,ok
Suvarnarekha,After ripening,Suvarnarekha/After ripening/20260601_172637.jpg,20260601_172637.jpg,.jpg,2131657,4608x2128,ok
Suvarnarekha,After ripening,Suvarnarekha/After ripening/20260601_172639.jpg,20260601_172639.jpg,.jpg,2206018,4608x2128,ok
Suvarnarekha,After ripening,Suvarnarekha/After ripening/20260601_172640.jpg,20260601_172640.jpg,.jpg,2216962,4608x2128,ok
Suvarnarekha,After ripening,Suvarnarekha/After ripening/20260601_172647.jpg,20260601_172647.jpg,.jpg,2186249,4608x2128,ok
Suvarnarekha,After ripening,Suvarnarekha/After ripening/20260601_172649.jpg,20260601_172649.jpg,.jpg,2702180,4608x2128,ok
Suvarnarekha,After ripening,Suvarnarekha/After ripening/20260601_172652.jpg,20260601_172652.jpg,.jpg,2264623,4608x2128,ok
Suvarnarekha,After ripening,Suvarnarekha/After ripening/20260601_172658.jpg,20260601_172658.jpg,.jpg,2012017,4608x2128,ok
Suvarnarekha,After ripening,Suvarnarekha/After ripening/20260601_172700.jpg,20260601_172700.jpg,.jpg,2087850,4608x2128,ok
Suvarnarekha,After ripening,Suvarnarekha/After ripening/20260601_172709.jpg,20260601_172709.jpg,.jpg,1995126,4608x2128,ok
Suvarnarekha,After ripening,Suvarnarekha/After ripening/20260601_172711.jpg,20260601_172711.jpg,.jpg,2012269,4608x2128,ok
Suvarnarekha,After ripening,Suvarnarekha/After ripening/20260601_172712.jpg,20260601_172712.jpg,.jpg,1988442,4608x2128,ok
Suvarnarekha,After ripening,Suvarnarekha/After ripening/20260601_172721.jpg,20260601_172721.jpg,.jpg,2173039,4608x2128,ok
Suvarnarekha,After ripening,Suvarnarekha/After ripening/20260601_172722.jpg,20260601_172722.jpg,.jpg,2217655,4608x2128,ok
Suvarnarekha,After ripening,Suvarnarekha/After ripening/20260601_172734.jpg,20260601_172734.jpg,.jpg,2025430,4608x2128,ok
Suvarnarekha,After ripening,Suvarnarekha/After ripening/20260601_172737.jpg,20260601_172737.jpg,.jpg,2119826,4608x2128,ok
Suvarnarekha,After ripening,Suvarnarekha/After ripening/20260601_172745.jpg,20260601_172745.jpg,.jpg,2074854,4608x2128,ok
Suvarnarekha,After ripening,Suvarnarekha/After ripening/20260601_172751.jpg,20260601_172751.jpg,.jpg,2042386,4608x2128,ok
Suvarnarekha,After ripening,Suvarnarekha/After ripening/20260601_172753.jpg,20260601_172753.jpg,.jpg,2088745,4608x2128,ok
Suvarnarekha,After ripening,Suvarnarekha/After ripening/20260601_172802.jpg,20260601_172802.jpg,.jpg,2071348,4608x2128,ok
Suvarnarekha,After ripening,Suvarnarekha/After ripening/20260601_172804.jpg,20260601_172804.jpg,.jpg,2101531,4608x2128,ok
Suvarnarekha,After ripening,Suvarnarekha/After ripening/20260601_172807.jpg,20260601_172807.jpg,.jpg,2177808,4608x2128,ok
Suvarnarekha,After ripening,Suvarnarekha/After ripening/20260601_173003.jpg,20260601_173003.jpg,.jpg,2029801,4608x2128,ok
Suvarnarekha,After ripening,Suvarnarekha/After ripening/20260601_173005.jpg,20260601_173005.jpg,.jpg,1995753,4608x2128,ok
Suvarnarekha,After ripening,Suvarnarekha/After ripening/20260601_173006.jpg,20260601_173006.jpg,.jpg,2075962,4608x2128,ok
Suvarnarekha,After ripening,Suvarnarekha/After ripening/20260601_173008.jpg,20260601_173008.jpg,.jpg,2049311,4608x2128,ok
Suvarnarekha,After ripening,Suvarnarekha/After ripening/20260601_173013.jpg,20260601_173013.jpg,.jpg,2050298,4608x2128,ok
Suvarnarekha,After ripening,Suvarnarekha/After ripening/20260601_173015.jpg,20260601_173015.jpg,.jpg,2015280,4608x2128,ok
Suvarnarekha,After ripening,Suvarnarekha/After ripening/20260601_173017.jpg,20260601_173017.jpg,.jpg,2055243,4608x2128,ok
Suvarnarekha,After ripening,Suvarnarekha/After ripening/20260601_173024.jpg,20260601_173024.jpg,.jpg,2172474,4608x2128,ok
Suvarnarekha,After ripening,Suvarnarekha/After ripening/20260601_173025.jpg,20260601_173025.jpg,.jpg,2130391,4608x2128,ok
Suvarnarekha,After ripening,Suvarnarekha/After ripening/20260601_173027.jpg,20260601_173027.jpg,.jpg,2093910,4608x2128,ok
Suvarnarekha,After ripening,Suvarnarekha/After ripening/20260601_173028.jpg,20260601_173028.jpg,.jpg,2091739,4608x2128,ok
Suvarnarekha,After ripening,Suvarnarekha/After ripening/20260601_173038.jpg,20260601_173038.jpg,.jpg,2044755,4608x2128,ok
Suvarnarekha,After ripening,Suvarnarekha/After ripening/20260601_173040.jpg,20260601_173040.jpg,.jpg,2159284,4608x2128,ok
Suvarnarekha,After ripening,Suvarnarekha/After ripening/20260601_173041.jpg,20260601_173041.jpg,.jpg,2190967,4608x2128,ok
Suvarnarekha,After ripening,Suvarnarekha/After ripening/20260601_173055.jpg,20260601_173055.jpg,.jpg,2112820,4608x2128,ok
Suvarnarekha,After ripening,Suvarnarekha/After ripening/20260601_173057.jpg,20260601_173057.jpg,.jpg,2168404,4608x2128,ok
Suvarnarekha,After ripening,Suvarnarekha/After ripening/20260601_173058.jpg,20260601_173058.jpg,.jpg,2193998,4608x2128,ok
Suvarnarekha,After ripening,Suvarnarekha/After ripening/20260601_173100.jpg,20260601_173100.jpg,.jpg,2150381,4608x2128,ok
Suvarnarekha,After ripening,Suvarnarekha/After ripening/20260601_173107.jpg,20260601_173107.jpg,.jpg,2135879,4608x2128,ok
Suvarnarekha,After ripening,Suvarnarekha/After ripening/20260601_173111.jpg,20260601_173111.jpg,.jpg,2073833,4608x2128,ok
Suvarnarekha,After ripening,Suvarnarekha/After ripening/20260601_173113.jpg,20260601_173113.jpg,.jpg,2078158,4608x2128,ok
Suvarnarekha,After ripening,Suvarnarekha/After ripening/20260601_173114.jpg,20260601_173114.jpg,.jpg,2067766,4608x2128,ok
Suvarnarekha,After ripening,Suvarnarekha/After ripening/20260601_173116.jpg,20260601_173116.jpg,.jpg,2077961,4608x2128,ok
Suvarnarekha,After ripening,Suvarnarekha/After ripening/20260601_173250.jpg,20260601_173250.jpg,.jpg,2051534,4608x2128,ok
Suvarnarekha,After ripening,Suvarnarekha/After ripening/20260601_173252.jpg,20260601_173252.jpg,.jpg,2080070,4608x2128,ok
Suvarnarekha,After ripening,Suvarnarekha/After ripening/20260601_173253.jpg,20260601_173253.jpg,.jpg,2174527,4608x2128,ok
Suvarnarekha,After ripening,Suvarnarekha/After ripening/20260601_173303.jpg,20260601_173303.jpg,.jpg,2218877,4608x2128,ok
Suvarnarekha,After ripening,Suvarnarekha/After ripening/20260601_173305.jpg,20260601_173305.jpg,.jpg,2173470,4608x2128,ok
Suvarnarekha,After ripening,Suvarnarekha/After ripening/20260601_173307.jpg,20260601_173307.jpg,.jpg,2171007,4608x2128,ok
Suvarnarekha,After ripening,Suvarnarekha/After ripening/20260601_173315.jpg,20260601_173315.jpg,.jpg,2050245,4608x2128,ok
Suvarnarekha,After ripening,Suvarnarekha/After ripening/20260601_173317.jpg,20260601_173317.jpg,.jpg,2026412,4608x2128,ok
Suvarnarekha,After ripening,Suvarnarekha/After ripening/20260601_173320.jpg,20260601_173320.jpg,.jpg,2039573,4608x2128,ok
Suvarnarekha,After ripening,Suvarnarekha/After ripening/20260601_173321.jpg,20260601_173321.jpg,.jpg,1987440,4608x2128,ok
Suvarnarekha,After ripening,Suvarnarekha/After ripening/20260601_173329.jpg,20260601_173329.jpg,.jpg,2025103,4608x2128,ok
Suvarnarekha,After ripening,Suvarnarekha/After ripening/20260601_173334.jpg,20260601_173334.jpg,.jpg,2038740,4608x2128,ok
Suvarnarekha,After ripening,Suvarnarekha/After ripening/20260601_173336.jpg,20260601_173336.jpg,.jpg,2180343,4608x2128,ok
Suvarnarekha,After ripening,Suvarnarekha/After ripening/20260601_173337.jpg,20260601_173337.jpg,.jpg,2118392,4608x2128,ok
Suvarnarekha,After ripening,Suvarnarekha/After ripening/20260601_173354.jpg,20260601_173354.jpg,.jpg,2137900,4608x2128,ok
Suvarnarekha,After ripening,Suvarnarekha/After ripening/20260601_173356.jpg,20260601_173356.jpg,.jpg,2173150,4608x2128,ok
Suvarnarekha,After ripening,Suvarnarekha/After ripening/20260601_173358.jpg,20260601_173358.jpg,.jpg,2169876,4608x2128,ok
Suvarnarekha,After ripening,Suvarnarekha/After ripening/20260601_173400.jpg,20260601_173400.jpg,.jpg,2157332,4608x2128,ok
Suvarnarekha,After ripening,Suvarnarekha/After ripening/20260601_173408.jpg,20260601_173408.jpg,.jpg,2272683,4608x2128,ok
Suvarnarekha,After ripening,Suvarnarekha/After ripening/20260601_173410.jpg,20260601_173410.jpg,.jpg,2030965,4608x2128,ok
Suvarnarekha,After ripening,Suvarnarekha/After ripening/20260601_173416.jpg,20260601_173416.jpg,.jpg,2288228,4608x2128,ok
Suvarnarekha,After ripening,Suvarnarekha/After ripening/20260601_173418.jpg,20260601_173418.jpg,.jpg,2269455,4608x2128,ok
Suvarnarekha,After ripening,Suvarnarekha/After ripening/20260601_173428.jpg,20260601_173428.jpg,.jpg,2278715,4608x2128,ok
Suvarnarekha,After ripening,Suvarnarekha/After ripening/20260601_173431.jpg,20260601_173431.jpg,.jpg,2302729,4608x2128,ok
Suvarnarekha,After ripening,Suvarnarekha/After ripening/20260601_173433.jpg,20260601_173433.jpg,.jpg,2318881,4608x2128,ok
Suvarnarekha,After ripening,Suvarnarekha/After ripening/20260601_173438.jpg,20260601_173438.jpg,.jpg,2465236,4608x2128,ok
Suvarnarekha,After ripening,Suvarnarekha/After ripening/20260601_173440.jpg,20260601_173440.jpg,.jpg,2438373,4608x2128,ok
Suvarnarekha,After ripening,Suvarnarekha/After ripening/20260601_173442.jpg,20260601_173442.jpg,.jpg,2450681,4608x2128,ok
Suvarnarekha,After ripening,Suvarnarekha/After ripening/20260601_173449.jpg,20260601_173449.jpg,.jpg,2249272,4608x2128,ok
Suvarnarekha,After ripening,Suvarnarekha/After ripening/20260601_173450.jpg,20260601_173450.jpg,.jpg,2268960,4608x2128,ok
Suvarnarekha,After ripening,Suvarnarekha/After ripening/20260601_173452.jpg,20260601_173452.jpg,.jpg,2271972,4608x2128,ok
Suvarnarekha,After ripening,Suvarnarekha/After ripening/20260601_173703.jpg,20260601_173703.jpg,.jpg,2318212,4608x2128,ok
Suvarnarekha,After ripening,Suvarnarekha/After ripening/20260601_173705.jpg,20260601_173705.jpg,.jpg,2480091,4608x2128,ok
Suvarnarekha,After ripening,Suvarnarekha/After ripening/20260601_173710.jpg,20260601_173710.jpg,.jpg,2082329,4608x2128,ok
Suvarnarekha,After ripening,Suvarnarekha/After ripening/20260601_173712.jpg,20260601_173712.jpg,.jpg,1997601,4608x2128,ok
Suvarnarekha,After ripening,Suvarnarekha/After ripening/20260601_173717.jpg,20260601_173717.jpg,.jpg,2304522,4608x2128,ok
Suvarnarekha,After ripening,Suvarnarekha/After ripening/20260601_173718.jpg,20260601_173718.jpg,.jpg,2326465,4608x2128,ok
Suvarnarekha,After ripening,Suvarnarekha/After ripening/20260601_173726.jpg,20260601_173726.jpg,.jpg,2044387,4608x2128,ok
Suvarnarekha,After ripening,Suvarnarekha/After ripening/20260601_173731.jpg,20260601_173731.jpg,.jpg,2020016,4608x2128,ok
Suvarnarekha,After ripening,Suvarnarekha/After ripening/20260601_173735.jpg,20260601_173735.jpg,.jpg,1945859,4608x2128,ok
Suvarnarekha,After ripening,Suvarnarekha/After ripening/20260601_173746.jpg,20260601_173746.jpg,.jpg,2112563,4608x2128,ok
Suvarnarekha,After ripening,Suvarnarekha/After ripening/20260601_173747.jpg,20260601_173747.jpg,.jpg,2091544,4608x2128,ok
Suvarnarekha,After ripening,Suvarnarekha/After ripening/20260601_173749.jpg,20260601_173749.jpg,.jpg,2105869,4608x2128,ok
Suvarnarekha,After ripening,Suvarnarekha/After ripening/20260601_173753.jpg,20260601_173753.jpg,.jpg,2378191,4608x2128,ok
Suvarnarekha,After ripening,Suvarnarekha/After ripening/20260601_173755.jpg,20260601_173755.jpg,.jpg,2295307,4608x2128,ok
Suvarnarekha,After ripening,Suvarnarekha/After ripening/20260601_173757.jpg,20260601_173757.jpg,.jpg,2413689,4608x2128,ok
Suvarnarekha,After ripening,Suvarnarekha/After ripening/20260601_173802.jpg,20260601_173802.jpg,.jpg,2581807,4608x2128,ok
Suvarnarekha,After ripening,Suvarnarekha/After ripening/20260601_173804.jpg,20260601_173804.jpg,.jpg,2275800,4608x2128,ok
Suvarnarekha,After ripening,Suvarnarekha/After ripening/20260601_173805.jpg,20260601_173805.jpg,.jpg,2322178,4608x2128,ok
Suvarnarekha,After ripening,Suvarnarekha/After ripening/20260601_173811.jpg,20260601_173811.jpg,.jpg,1965691,4608x2128,ok
Suvarnarekha,After ripening,Suvarnarekha/After ripening/20260601_173812.jpg,20260601_173812.jpg,.jpg,1968101,4608x2128,ok
Suvarnarekha,After ripening,Suvarnarekha/After ripening/20260601_173815.jpg,20260601_173815.jpg,.jpg,2054948,4608x2128,ok
Suvarnarekha,After ripening,Suvarnarekha/After ripening/20260601_173821.jpg,20260601_173821.jpg,.jpg,2289676,4608x2128,ok
Suvarnarekha,After ripening,Suvarnarekha/After ripening/20260601_173823.jpg,20260601_173823.jpg,.jpg,2376637,4608x2128,ok
Suvarnarekha,After ripening,Suvarnarekha/After ripening/20260601_173828.jpg,20260601_173828.jpg,.jpg,2433824,4608x2128,ok
Suvarnarekha,After ripening,Suvarnarekha/After ripening/20260601_173830.jpg,20260601_173830.jpg,.jpg,2247141,4608x2128,ok
Suvarnarekha,After ripening,Suvarnarekha/After ripening/20260601_174221.jpg,20260601_174221.jpg,.jpg,2552976,4608x2128,ok
Suvarnarekha,After ripening,Suvarnarekha/After ripening/20260601_174223.jpg,20260601_174223.jpg,.jpg,2633807,4608x2128,ok
Suvarnarekha,After ripening,Suvarnarekha/After ripening/20260601_174247.jpg,20260601_174247.jpg,.jpg,2548727,4608x2128,ok
Suvarnarekha,After ripening,Suvarnarekha/After ripening/20260601_174249.jpg,20260601_174249.jpg,.jpg,2560442,4608x2128,ok
Suvarnarekha,After ripening,Suvarnarekha/After ripening/20260601_174250.jpg,20260601_174250.jpg,.jpg,2559188,4608x2128,ok
Suvarnarekha,After ripening,Suvarnarekha/After ripening/20260601_174300.jpg,20260601_174300.jpg,.jpg,3018046,4608x2128,ok
Suvarnarekha,After ripening,Suvarnarekha/After ripening/20260601_174302.jpg,20260601_174302.jpg,.jpg,2965241,4608x2128,ok
Suvarnarekha,After ripening,Suvarnarekha/After ripening/20260601_174303.jpg,20260601_174303.jpg,.jpg,2903353,4608x2128,ok
Suvarnarekha,After ripening,Suvarnarekha/After ripening/20260601_174309.jpg,20260601_174309.jpg,.jpg,2862759,4608x2128,ok
Suvarnarekha,After ripening,Suvarnarekha/After ripening/20260601_174311.jpg,20260601_174311.jpg,.jpg,2889253,4608x2128,ok
Suvarnarekha,After ripening,Suvarnarekha/After ripening/20260601_174313.jpg,20260601_174313.jpg,.jpg,2872757,4608x2128,ok
Suvarnarekha,After ripening,Suvarnarekha/After ripening/20260601_174330.jpg,20260601_174330.jpg,.jpg,2799874,4608x2128,ok
Suvarnarekha,After ripening,Suvarnarekha/After ripening/20260601_174336.jpg,20260601_174336.jpg,.jpg,2842991,4608x2128,ok
Suvarnarekha,After ripening,Suvarnarekha/After ripening/20260601_174342.jpg,20260601_174342.jpg,.jpg,2577918,4608x2128,ok
Suvarnarekha,After ripening,Suvarnarekha/After ripening/20260601_174344.jpg,20260601_174344.jpg,.jpg,2721755,4608x2128,ok
Suvarnarekha,After ripening,Suvarnarekha/After ripening/20260601_174346.jpg,20260601_174346.jpg,.jpg,2718936,4608x2128,ok
Suvarnarekha,After ripening,Suvarnarekha/After ripening/20260601_174347.jpg,20260601_174347.jpg,.jpg,2652855,4608x2128,ok
Suvarnarekha,After ripening,Suvarnarekha/After ripening/20260601_174400.jpg,20260601_174400.jpg,.jpg,2597363,4608x2128,ok
Suvarnarekha,After ripening,Suvarnarekha/After ripening/20260601_174401.jpg,20260601_174401.jpg,.jpg,2594783,4608x2128,ok
Suvarnarekha,After ripening,Suvarnarekha/After ripening/20260601_174403.jpg,20260601_174403.jpg,.jpg,2610551,4608x2128,ok
Suvarnarekha,After ripening,Suvarnarekha/After ripening/20260601_174414.jpg,20260601_174414.jpg,.jpg,2642012,4608x2128,ok
Suvarnarekha,After ripening,Suvarnarekha/After ripening/20260601_174416.jpg,20260601_174416.jpg,.jpg,2612205,4608x2128,ok
Suvarnarekha,After ripening,Suvarnarekha/After ripening/20260601_174418.jpg,20260601_174418.jpg,.jpg,2585138,4608x2128,ok
Suvarnarekha,After ripening,Suvarnarekha/After ripening/20260601_174420.jpg,20260601_174420.jpg,.jpg,2626428,4608x2128,ok
Suvarnarekha,After ripening,Suvarnarekha/After ripening/20260601_174428.jpg,20260601_174428.jpg,.jpg,2663394,4608x2128,ok
Suvarnarekha,After ripening,Suvarnarekha/After ripening/20260601_174434.jpg,20260601_174434.jpg,.jpg,2677411,4608x2128,ok
Suvarnarekha,After ripening,Suvarnarekha/After ripening/20260601_174439.jpg,20260601_174439.jpg,.jpg,2727371,4608x2128,ok
Suvarnarekha,After ripening,Suvarnarekha/After ripening/20260601_174443.jpg,20260601_174443.jpg,.jpg,2662334,4608x2128,ok
Suvarnarekha,After ripening,Suvarnarekha/After ripening/20260601_174449.jpg,20260601_174449.jpg,.jpg,2686343,4608x2128,ok
Suvarnarekha,After ripening,Suvarnarekha/After ripening/20260601_174451.jpg,20260601_174451.jpg,.jpg,2690476,4608x2128,ok
Suvarnarekha,After ripening,Suvarnarekha/After ripening/20260601_174453.jpg,20260601_174453.jpg,.jpg,2639470,4608x2128,ok
Suvarnarekha,After ripening,Suvarnarekha/After ripening/20260601_174816.jpg,20260601_174816.jpg,.jpg,2309180,4608x2128,ok
Suvarnarekha,After ripening,Suvarnarekha/After ripening/20260601_174819.jpg,20260601_174819.jpg,.jpg,2457574,4608x2128,ok
Suvarnarekha,After ripening,Suvarnarekha/After ripening/20260601_174822.jpg,20260601_174822.jpg,.jpg,2558494,4608x2128,ok
Suvarnarekha,After ripening,Suvarnarekha/After ripening/20260601_45405pmByGPSMapCamera.jpg,20260601_45405pmByGPSMapCamera.jpg,.jpg,9012860,3456x4608,ok
Suvarnarekha,After ripening,Suvarnarekha/After ripening/20260601_45408pmByGPSMapCamera.jpg,20260601_45408pmByGPSMapCamera.jpg,.jpg,9009184,3456x4608,ok
Suvarnarekha,After ripening,Suvarnarekha/After ripening/20260601_45409pmByGPSMapCamera.jpg,20260601_45409pmByGPSMapCamera.jpg,.jpg,9011646,3456x4608,ok
Suvarnarekha,After ripening,Suvarnarekha/After ripening/20260601_45423pmByGPSMapCamera.jpg,20260601_45423pmByGPSMapCamera.jpg,.jpg,9053372,3456x4608,ok
Suvarnarekha,After ripening,Suvarnarekha/After ripening/20260601_45426pmByGPSMapCamera.jpg,20260601_45426pmByGPSMapCamera.jpg,.jpg,9048261,3456x4608,ok
Suvarnarekha,After ripening,Suvarnarekha/After ripening/20260601_45447pmByGPSMapCamera.jpg,20260601_45447pmByGPSMapCamera.jpg,.jpg,8904744,3456x4608,ok
Suvarnarekha,After ripening,Suvarnarekha/After ripening/20260601_45452pmByGPSMapCamera.jpg,20260601_45452pmByGPSMapCamera.jpg,.jpg,9047307,3456x4608,ok
Suvarnarekha,After ripening,Suvarnarekha/After ripening/20260601_45459pmByGPSMapCamera.jpg,20260601_45459pmByGPSMapCamera.jpg,.jpg,9075701,3456x4608,ok
Suvarnarekha,After ripening,Suvarnarekha/After ripening/20260609_45739pmByGPSMapCamera.jpg,20260609_45739pmByGPSMapCamera.jpg,.jpg,6972769,3456x4608,ok
Suvarnarekha,After ripening,Suvarnarekha/After ripening/20260609_45741pmByGPSMapCamera.jpg,20260609_45741pmByGPSMapCamera.jpg,.jpg,6869371,3456x4608,ok
Suvarnarekha,After ripening,Suvarnarekha/After ripening/20260609_45742pmByGPSMapCamera.jpg,20260609_45742pmByGPSMapCamera.jpg,.jpg,6851527,3456x4608,ok
Suvarnarekha,After ripening,Suvarnarekha/After ripening/20260609_45747pmByGPSMapCamera.jpg,20260609_45747pmByGPSMapCamera.jpg,.jpg,6971804,3456x4608,ok
Suvarnarekha,After ripening,Suvarnarekha/After ripening/20260609_45822pmByGPSMapCamera.jpg,20260609_45822pmByGPSMapCamera.jpg,.jpg,4989349,3456x4608,ok
Suvarnarekha,After ripening,Suvarnarekha/After ripening/20260609_45827pmByGPSMapCamera.jpg,20260609_45827pmByGPSMapCamera.jpg,.jpg,5047510,3456x4608,ok
Suvarnarekha,After ripening,Suvarnarekha/After ripening/20260609_45829pmByGPSMapCamera.jpg,20260609_45829pmByGPSMapCamera.jpg,.jpg,3844164,3456x4608,ok
Suvarnarekha,After ripening,Suvarnarekha/After ripening/20260610_51041pmByGPSMapCamera.jpg,20260610_51041pmByGPSMapCamera.jpg,.jpg,9696317,3456x4608,ok
Suvarnarekha,After ripening,Suvarnarekha/After ripening/20260610_51045pmByGPSMapCamera.jpg,20260610_51045pmByGPSMapCamera.jpg,.jpg,9640310,3456x4608,ok
Suvarnarekha,After ripening,Suvarnarekha/After ripening/20260610_51058pmByGPSMapCamera.jpg,20260610_51058pmByGPSMapCamera.jpg,.jpg,6362745,3456x4608,ok
Suvarnarekha,After ripening,Suvarnarekha/After ripening/20260610_51100pmByGPSMapCamera.jpg,20260610_51100pmByGPSMapCamera.jpg,.jpg,6562747,3456x4608,ok
Suvarnarekha,After ripening,Suvarnarekha/After ripening/20260610_51110pmByGPSMapCamera.jpg,20260610_51110pmByGPSMapCamera.jpg,.jpg,6341653,3456x4608,ok
Suvarnarekha,After ripening,Suvarnarekha/After ripening/20260610_51114pmByGPSMapCamera.jpg,20260610_51114pmByGPSMapCamera.jpg,.jpg,6282535,3456x4608,ok
Suvarnarekha,After ripening,Suvarnarekha/After ripening/20260610_51123pmByGPSMapCamera.jpg,20260610_51123pmByGPSMapCamera.jpg,.jpg,6684065,3456x4608,ok
Suvarnarekha,After ripening,Suvarnarekha/After ripening/20260610_51223pmByGPSMapCamera.jpg,20260610_51223pmByGPSMapCamera.jpg,.jpg,6503306,3456x4608,ok
Suvarnarekha,After ripening,Suvarnarekha/After ripening/20260610_51227pmByGPSMapCamera.jpg,20260610_51227pmByGPSMapCamera.jpg,.jpg,6575403,3456x4608,ok
Suvarnarekha,After ripening,Suvarnarekha/After ripening/20260610_51246pmByGPSMapCamera.jpg,20260610_51246pmByGPSMapCamera.jpg,.jpg,6686528,3456x4608,ok
Suvarnarekha,After ripening,Suvarnarekha/After ripening/20260610_51248pmByGPSMapCamera.jpg,20260610_51248pmByGPSMapCamera.jpg,.jpg,6542685,3456x4608,ok
Suvarnarekha,After ripening,Suvarnarekha/After ripening/20260610_51257pmByGPSMapCamera.jpg,20260610_51257pmByGPSMapCamera.jpg,.jpg,6400310,3456x4608,ok
Suvarnarekha,After ripening,Suvarnarekha/After ripening/20260610_51300pmByGPSMapCamera.jpg,20260610_51300pmByGPSMapCamera.jpg,.jpg,6537870,3456x4608,ok
Suvarnarekha,After ripening,Suvarnarekha/After ripening/20260610_51317pmByGPSMapCamera.jpg,20260610_51317pmByGPSMapCamera.jpg,.jpg,9571072,3456x4608,ok
Suvarnarekha,After ripening,Suvarnarekha/After ripening/20260610_51415pmByGPSMapCamera.jpg,20260610_51415pmByGPSMapCamera.jpg,.jpg,11353128,3456x4608,ok
Suvarnarekha,After ripening,Suvarnarekha/After ripening/20260610_51417pmByGPSMapCamera.jpg,20260610_51417pmByGPSMapCamera.jpg,.jpg,9328665,3456x4608,ok
Suvarnarekha,After ripening,Suvarnarekha/After ripening/20260610_51421pmByGPSMapCamera.jpg,20260610_51421pmByGPSMapCamera.jpg,.jpg,9626781,3456x4608,ok
Suvarnarekha,After ripening,Suvarnarekha/After ripening/20260610_51431pmByGPSMapCamera.jpg,20260610_51431pmByGPSMapCamera.jpg,.jpg,9224526,3456x4608,ok
Suvarnarekha,After ripening,Suvarnarekha/After ripening/20260610_51435pmByGPSMapCamera.jpg,20260610_51435pmByGPSMapCamera.jpg,.jpg,9575801,3456x4608,ok
Suvarnarekha,After ripening,Suvarnarekha/After ripening/20260610_51436pmByGPSMapCamera.jpg,20260610_51436pmByGPSMapCamera.jpg,.jpg,9530340,3456x4608,ok
Suvarnarekha,After ripening,Suvarnarekha/After ripening/20260610_51455pmByGPSMapCamera.jpg,20260610_51455pmByGPSMapCamera.jpg,.jpg,5476674,3456x4608,ok
Suvarnarekha,After ripening,Suvarnarekha/After ripening/20260610_51457pmByGPSMapCamera.jpg,20260610_51457pmByGPSMapCamera.jpg,.jpg,5910293,3456x4608,ok
Suvarnarekha,After ripening,Suvarnarekha/After ripening/20260610_51500pmByGPSMapCamera.jpg,20260610_51500pmByGPSMapCamera.jpg,.jpg,5114008,3456x4608,ok
Suvarnarekha,After ripening,Suvarnarekha/After ripening/20260610_51516pmByGPSMapCamera.jpg,20260610_51516pmByGPSMapCamera.jpg,.jpg,6494065,3456x4608,ok
Suvarnarekha,After ripening,Suvarnarekha/After ripening/20260610_51518pmByGPSMapCamera.jpg,20260610_51518pmByGPSMapCamera.jpg,.jpg,6446141,3456x4608,ok
Suvarnarekha,After ripening,Suvarnarekha/After ripening/20260610_51647pmByGPSMapCamera.jpg,20260610_51647pmByGPSMapCamera.jpg,.jpg,4644239,3456x4608,ok
Suvarnarekha,After ripening,Suvarnarekha/After ripening/20260610_51650pmByGPSMapCamera.jpg,20260610_51650pmByGPSMapCamera.jpg,.jpg,4358037,3456x4608,ok
Suvarnarekha,After ripening,Suvarnarekha/After ripening/20260610_51707pmByGPSMapCamera.jpg,20260610_51707pmByGPSMapCamera.jpg,.jpg,11623780,3456x4608,ok
Suvarnarekha,After ripening,Suvarnarekha/After ripening/20260610_51709pmByGPSMapCamera.jpg,20260610_51709pmByGPSMapCamera.jpg,.jpg,11845565,3456x4608,ok
Suvarnarekha,After ripening,Suvarnarekha/After ripening/20260610_51713pmByGPSMapCamera.jpg,20260610_51713pmByGPSMapCamera.jpg,.jpg,12013707,3456x4608,ok
Suvarnarekha,After ripening,Suvarnarekha/After ripening/20260610_51720pmByGPSMapCamera.jpg,20260610_51720pmByGPSMapCamera.jpg,.jpg,7538882,3456x4608,ok
Suvarnarekha,After ripening,Suvarnarekha/After ripening/20260610_51723pmByGPSMapCamera.jpg,20260610_51723pmByGPSMapCamera.jpg,.jpg,7350683,3456x4608,ok
Suvarnarekha,After ripening,Suvarnarekha/After ripening/20260610_51739pmByGPSMapCamera.jpg,20260610_51739pmByGPSMapCamera.jpg,.jpg,6294669,3456x4608,ok
Suvarnarekha,After ripening,Suvarnarekha/After ripening/20260610_51741pmByGPSMapCamera.jpg,20260610_51741pmByGPSMapCamera.jpg,.jpg,6256462,3456x4608,ok
Suvarnarekha,After ripening,Suvarnarekha/After ripening/20260610_51751pmByGPSMapCamera.jpg,20260610_51751pmByGPSMapCamera.jpg,.jpg,6843725,3456x4608,ok
Suvarnarekha,After ripening,Suvarnarekha/After ripening/20260610_51754pmByGPSMapCamera.jpg,20260610_51754pmByGPSMapCamera.jpg,.jpg,6992331,3456x4608,ok
Suvarnarekha,After ripening,Suvarnarekha/After ripening/20260610_51757pmByGPSMapCamera.jpg,20260610_51757pmByGPSMapCamera.jpg,.jpg,7134822,3456x4608,ok
Suvarnarekha,After ripening,Suvarnarekha/After ripening/20260610_51813pmByGPSMapCamera.jpg,20260610_51813pmByGPSMapCamera.jpg,.jpg,9770985,3456x4608,ok
Suvarnarekha,After ripening,Suvarnarekha/After ripening/20260610_51815pmByGPSMapCamera.jpg,20260610_51815pmByGPSMapCamera.jpg,.jpg,9679538,3456x4608,ok
Suvarnarekha,After ripening,Suvarnarekha/After ripening/20260610_52039pmByGPSMapCamera.jpg,20260610_52039pmByGPSMapCamera.jpg,.jpg,8898842,3456x4608,ok
Suvarnarekha,After ripening,Suvarnarekha/After ripening/20260610_52042pmByGPSMapCamera.jpg,20260610_52042pmByGPSMapCamera.jpg,.jpg,8749463,3456x4608,ok
Suvarnarekha,After ripening,Suvarnarekha/After ripening/20260610_52044pmByGPSMapCamera.jpg,20260610_52044pmByGPSMapCamera.jpg,.jpg,8917568,3456x4608,ok
Suvarnarekha,After ripening,Suvarnarekha/After ripening/20260610_53030pmByGPSMapCamera.jpg,20260610_53030pmByGPSMapCamera.jpg,.jpg,5463658,3456x4608,ok
Suvarnarekha,After ripening,Suvarnarekha/After ripening/20260610_53041pmByGPSMapCamera.jpg,20260610_53041pmByGPSMapCamera.jpg,.jpg,6634558,3456x4608,ok
Suvarnarekha,After ripening,Suvarnarekha/After ripening/20260610_53044pmByGPSMapCamera.jpg,20260610_53044pmByGPSMapCamera.jpg,.jpg,6435941,3456x4608,ok
Suvarnarekha,After ripening,Suvarnarekha/After ripening/20260610_53055pmByGPSMapCamera.jpg,20260610_53055pmByGPSMapCamera.jpg,.jpg,5937646,3456x4608,ok
Suvarnarekha,After ripening,Suvarnarekha/After ripening/20260610_53057pmByGPSMapCamera.jpg,20260610_53057pmByGPSMapCamera.jpg,.jpg,5709610,3456x4608,ok
Suvarnarekha,After ripening,Suvarnarekha/After ripening/20260610_53110pmByGPSMapCamera.jpg,20260610_53110pmByGPSMapCamera.jpg,.jpg,5385385,3456x4608,ok
Suvarnarekha,After ripening,Suvarnarekha/After ripening/20260610_53112pmByGPSMapCamera.jpg,20260610_53112pmByGPSMapCamera.jpg,.jpg,5287319,3456x4608,ok
Suvarnarekha,After ripening,Suvarnarekha/After ripening/20260610_53130pmByGPSMapCamera.jpg,20260610_53130pmByGPSMapCamera.jpg,.jpg,6520913,3456x4608,ok
Suvarnarekha,After ripening,Suvarnarekha/After ripening/20260610_53133pmByGPSMapCamera.jpg,20260610_53133pmByGPSMapCamera.jpg,.jpg,6331487,3456x4608,ok
Suvarnarekha,After ripening,Suvarnarekha/After ripening/20260610_53150pmByGPSMapCamera.jpg,20260610_53150pmByGPSMapCamera.jpg,.jpg,6443387,3456x4608,ok
Suvarnarekha,After ripening,Suvarnarekha/After ripening/20260610_53152pmByGPSMapCamera.jpg,20260610_53152pmByGPSMapCamera.jpg,.jpg,6438399,3456x4608,ok
Suvarnarekha,After ripening,Suvarnarekha/After ripening/20260610_53156pmByGPSMapCamera.jpg,20260610_53156pmByGPSMapCamera.jpg,.jpg,6239066,3456x4608,ok
Suvarnarekha,After ripening,Suvarnarekha/After ripening/20260610_53158pmByGPSMapCamera.jpg,20260610_53158pmByGPSMapCamera.jpg,.jpg,6339304,3456x4608,ok
Suvarnarekha,After ripening,Suvarnarekha/After ripening/20260610_53225pmByGPSMapCamera.jpg,20260610_53225pmByGPSMapCamera.jpg,.jpg,6286254,3456x4608,ok
Suvarnarekha,After ripening,Suvarnarekha/After ripening/20260610_53227pmByGPSMapCamera.jpg,20260610_53227pmByGPSMapCamera.jpg,.jpg,6328358,3456x4608,ok
Suvarnarekha,After ripening,Suvarnarekha/After ripening/20260610_53239pmByGPSMapCamera.jpg,20260610_53239pmByGPSMapCamera.jpg,.jpg,6309069,3456x4608,ok
Suvarnarekha,After ripening,Suvarnarekha/After ripening/20260610_53242pmByGPSMapCamera.jpg,20260610_53242pmByGPSMapCamera.jpg,.jpg,6107391,3456x4608,ok
Suvarnarekha,After ripening,Suvarnarekha/After ripening/20260610_53245pmByGPSMapCamera.jpg,20260610_53245pmByGPSMapCamera.jpg,.jpg,5983874,3456x4608,ok
Suvarnarekha,After ripening,Suvarnarekha/After ripening/20260610_53256pmByGPSMapCamera.jpg,20260610_53256pmByGPSMapCamera.jpg,.jpg,5699668,3456x4608,ok
Suvarnarekha,After ripening,Suvarnarekha/After ripening/20260610_53258pmByGPSMapCamera.jpg,20260610_53258pmByGPSMapCamera.jpg,.jpg,5770807,3456x4608,ok
Suvarnarekha,After ripening,Suvarnarekha/After ripening/20260610_53302pmByGPSMapCamera.jpg,20260610_53302pmByGPSMapCamera.jpg,.jpg,5477157,3456x4608,ok
Suvarnarekha,After ripening,Suvarnarekha/After ripening/20260610_53324pmByGPSMapCamera.jpg,20260610_53324pmByGPSMapCamera.jpg,.jpg,5715514,3456x4608,ok
Suvarnarekha,After ripening,Suvarnarekha/After ripening/20260610_53327pmByGPSMapCamera.jpg,20260610_53327pmByGPSMapCamera.jpg,.jpg,5739320,3456x4608,ok
Suvarnarekha,After ripening,Suvarnarekha/After ripening/20260610_53328pmByGPSMapCamera.jpg,20260610_53328pmByGPSMapCamera.jpg,.jpg,5566453,3456x4608,ok
Suvarnarekha,After ripening,Suvarnarekha/After ripening/20260610_53410pmByGPSMapCamera.jpg,20260610_53410pmByGPSMapCamera.jpg,.jpg,4206178,3456x4608,ok
Suvarnarekha,After ripening,Suvarnarekha/After ripening/20260610_53413pmByGPSMapCamera.jpg,20260610_53413pmByGPSMapCamera.jpg,.jpg,3753072,3456x4608,ok
Suvarnarekha,After ripening,Suvarnarekha/After ripening/20260611_44452pmByGPSMapCamera.jpg,20260611_44452pmByGPSMapCamera.jpg,.jpg,9399915,3456x4608,ok
Suvarnarekha,After ripening,Suvarnarekha/After ripening/20260611_44455pmByGPSMapCamera.jpg,20260611_44455pmByGPSMapCamera.jpg,.jpg,8971970,3456x4608,ok
Suvarnarekha,After ripening,Suvarnarekha/After ripening/20260611_44529pmByGPSMapCamera.jpg,20260611_44529pmByGPSMapCamera.jpg,.jpg,6588397,3456x4608,ok
Suvarnarekha,After ripening,Suvarnarekha/After ripening/20260611_44532pmByGPSMapCamera.jpg,20260611_44532pmByGPSMapCamera.jpg,.jpg,6702373,3456x4608,ok
Suvarnarekha,After ripening,Suvarnarekha/After ripening/20260611_44535pmByGPSMapCamera.jpg,20260611_44535pmByGPSMapCamera.jpg,.jpg,6551242,3456x4608,ok
Suvarnarekha,After ripening,Suvarnarekha/After ripening/20260611_44604pmByGPSMapCamera.jpg,20260611_44604pmByGPSMapCamera.jpg,.jpg,5977637,3456x4608,ok
Suvarnarekha,After ripening,Suvarnarekha/After ripening/20260611_44608pmByGPSMapCamera.jpg,20260611_44608pmByGPSMapCamera.jpg,.jpg,6096649,3456x4608,ok
Suvarnarekha,After ripening,Suvarnarekha/After ripening/20260611_44612pmByGPSMapCamera.jpg,20260611_44612pmByGPSMapCamera.jpg,.jpg,6167996,3456x4608,ok
Suvarnarekha,After ripening,Suvarnarekha/After ripening/20260611_44630pmByGPSMapCamera.jpg,20260611_44630pmByGPSMapCamera.jpg,.jpg,6064611,3456x4608,ok
Suvarnarekha,After ripening,Suvarnarekha/After ripening/20260611_44633pmByGPSMapCamera.jpg,20260611_44633pmByGPSMapCamera.jpg,.jpg,6285210,3456x4608,ok
Suvarnarekha,After ripening,Suvarnarekha/After ripening/20260611_44638pmByGPSMapCamera.jpg,20260611_44638pmByGPSMapCamera.jpg,.jpg,6263993,3456x4608,ok
Suvarnarekha,After ripening,Suvarnarekha/After ripening/20260611_44642pmByGPSMapCamera.jpg,20260611_44642pmByGPSMapCamera.jpg,.jpg,6292752,3456x4608,ok
Suvarnarekha,After ripening,Suvarnarekha/After ripening/20260611_44740pmByGPSMapCamera.jpg,20260611_44740pmByGPSMapCamera.jpg,.jpg,5217705,3456x4608,ok
Suvarnarekha,After ripening,Suvarnarekha/After ripening/20260611_44742pmByGPSMapCamera.jpg,20260611_44742pmByGPSMapCamera.jpg,.jpg,5038571,3456x4608,ok
Suvarnarekha,After ripening,Suvarnarekha/After ripening/20260611_44746pmByGPSMapCamera.jpg,20260611_44746pmByGPSMapCamera.jpg,.jpg,5205097,3456x4608,ok
Suvarnarekha,After ripening,Suvarnarekha/After ripening/20260611_44754pmByGPSMapCamera.jpg,20260611_44754pmByGPSMapCamera.jpg,.jpg,5291122,3456x4608,ok
Suvarnarekha,After ripening,Suvarnarekha/After ripening/20260611_45001pmByGPSMapCamera.jpg,20260611_45001pmByGPSMapCamera.jpg,.jpg,8320927,3456x4608,ok
Suvarnarekha,After ripening,Suvarnarekha/After ripening/20260611_45003pmByGPSMapCamera.jpg,20260611_45003pmByGPSMapCamera.jpg,.jpg,8105287,3456x4608,ok
Suvarnarekha,After ripening,Suvarnarekha/After ripening/20260611_45007pmByGPSMapCamera.jpg,20260611_45007pmByGPSMapCamera.jpg,.jpg,8346282,3456x4608,ok
Suvarnarekha,After ripening,Suvarnarekha/After ripening/20260611_45018pmByGPSMapCamera.jpg,20260611_45018pmByGPSMapCamera.jpg,.jpg,9163992,3456x4608,ok
Suvarnarekha,After ripening,Suvarnarekha/After ripening/20260611_45020pmByGPSMapCamera.jpg,20260611_45020pmByGPSMapCamera.jpg,.jpg,9122519,3456x4608,ok
Suvarnarekha,After ripening,Suvarnarekha/After ripening/20260611_45032pmByGPSMapCamera.jpg,20260611_45032pmByGPSMapCamera.jpg,.jpg,9627569,3456x4608,ok
Suvarnarekha,After ripening,Suvarnarekha/After ripening/20260611_45038pmByGPSMapCamera.jpg,20260611_45038pmByGPSMapCamera.jpg,.jpg,9852376,3456x4608,ok
Suvarnarekha,After ripening,Suvarnarekha/After ripening/20260611_45039pmByGPSMapCamera.jpg,20260611_45039pmByGPSMapCamera.jpg,.jpg,9899692,3456x4608,ok
Suvarnarekha,After ripening,Suvarnarekha/After ripening/20260611_45109pmByGPSMapCamera.jpg,20260611_45109pmByGPSMapCamera.jpg,.jpg,9364596,3456x4608,ok
Suvarnarekha,After ripening,Suvarnarekha/After ripening/20260611_45112pmByGPSMapCamera.jpg,20260611_45112pmByGPSMapCamera.jpg,.jpg,9459880,3456x4608,ok
Suvarnarekha,After ripening,Suvarnarekha/After ripening/20260611_45124pmByGPSMapCamera.jpg,20260611_45124pmByGPSMapCamera.jpg,.jpg,9775862,3456x4608,ok
Suvarnarekha,After ripening,Suvarnarekha/After ripening/20260611_45127pmByGPSMapCamera.jpg,20260611_45127pmByGPSMapCamera.jpg,.jpg,9243804,3456x4608,ok
Suvarnarekha,After ripening,Suvarnarekha/After ripening/20260611_45131pmByGPSMapCamera.jpg,20260611_45131pmByGPSMapCamera.jpg,.jpg,9507404,3456x4608,ok
Suvarnarekha,After ripening,Suvarnarekha/After ripening/20260611_45132pmByGPSMapCamera.jpg,20260611_45132pmByGPSMapCamera.jpg,.jpg,9739391,3456x4608,ok
Suvarnarekha,After ripening,Suvarnarekha/After ripening/20260611_45151pmByGPSMapCamera.jpg,20260611_45151pmByGPSMapCamera.jpg,.jpg,9417303,3456x4608,ok
Suvarnarekha,After ripening,Suvarnarekha/After ripening/20260611_45153pmByGPSMapCamera.jpg,20260611_45153pmByGPSMapCamera.jpg,.jpg,9518167,3456x4608,ok
Suvarnarekha,After ripening,Suvarnarekha/After ripening/20260611_45203pmByGPSMapCamera.jpg,20260611_45203pmByGPSMapCamera.jpg,.jpg,6152073,3456x4608,ok
Suvarnarekha,After ripening,Suvarnarekha/After ripening/20260611_45206pmByGPSMapCamera.jpg,20260611_45206pmByGPSMapCamera.jpg,.jpg,6082985,3456x4608,ok
Suvarnarekha,After ripening,Suvarnarekha/After ripening/20260611_45225pmByGPSMapCamera.jpg,20260611_45225pmByGPSMapCamera.jpg,.jpg,4604868,3456x4608,ok
Suvarnarekha,After ripening,Suvarnarekha/After ripening/20260611_45227pmByGPSMapCamera.jpg,20260611_45227pmByGPSMapCamera.jpg,.jpg,3903011,3456x4608,ok
Suvarnarekha,After ripening,Suvarnarekha/After ripening/20260611_45251pmByGPSMapCamera.jpg,20260611_45251pmByGPSMapCamera.jpg,.jpg,9167088,3456x4608,ok
Suvarnarekha,After ripening,Suvarnarekha/After ripening/20260611_45252pmByGPSMapCamera.jpg,20260611_45252pmByGPSMapCamera.jpg,.jpg,8940062,3456x4608,ok
Suvarnarekha,After ripening,Suvarnarekha/After ripening/20260611_45256pmByGPSMapCamera.jpg,20260611_45256pmByGPSMapCamera.jpg,.jpg,9164002,3456x4608,ok
Suvarnarekha,After ripening,Suvarnarekha/After ripening/20260611_45342pmByGPSMapCamera.jpg,20260611_45342pmByGPSMapCamera.jpg,.jpg,9929151,3456x4608,ok
Suvarnarekha,After ripening,Suvarnarekha/After ripening/20260611_45352pmByGPSMapCamera.jpg,20260611_45352pmByGPSMapCamera.jpg,.jpg,10509629,3456x4608,ok
Suvarnarekha,After ripening,Suvarnarekha/After ripening/20260611_45414pmByGPSMapCamera.jpg,20260611_45414pmByGPSMapCamera.jpg,.jpg,10052973,3456x4608,ok
Suvarnarekha,After ripening,Suvarnarekha/After ripening/20260611_45417pmByGPSMapCamera.jpg,20260611_45417pmByGPSMapCamera.jpg,.jpg,9977891,3456x4608,ok
Suvarnarekha,After ripening,Suvarnarekha/After ripening/20260611_45426pmByGPSMapCamera.jpg,20260611_45426pmByGPSMapCamera.jpg,.jpg,9631709,3456x4608,ok
Suvarnarekha,After ripening,Suvarnarekha/After ripening/20260611_45430pmByGPSMapCamera.jpg,20260611_45430pmByGPSMapCamera.jpg,.jpg,9322784,3456x4608,ok
Suvarnarekha,After ripening,Suvarnarekha/After ripening/20260611_45434pmByGPSMapCamera.jpg,20260611_45434pmByGPSMapCamera.jpg,.jpg,9326047,3456x4608,ok
Suvarnarekha,After ripening,Suvarnarekha/After ripening/20260611_45453pmByGPSMapCamera.jpg,20260611_45453pmByGPSMapCamera.jpg,.jpg,9100640,3456x4608,ok
Suvarnarekha,After ripening,Suvarnarekha/After ripening/20260611_45458pmByGPSMapCamera.jpg,20260611_45458pmByGPSMapCamera.jpg,.jpg,8906111,3456x4608,ok
Suvarnarekha,After ripening,Suvarnarekha/After ripening/20260611_45459pmByGPSMapCamera.jpg,20260611_45459pmByGPSMapCamera.jpg,.jpg,9257639,3456x4608,ok
Suvarnarekha,After ripening,Suvarnarekha/After ripening/20260611_45505pmByGPSMapCamera.jpg,20260611_45505pmByGPSMapCamera.jpg,.jpg,10099333,3456x4608,ok
Suvarnarekha,After ripening,Suvarnarekha/After ripening/20260611_45520pmByGPSMapCamera.jpg,20260611_45520pmByGPSMapCamera.jpg,.jpg,9499396,3456x4608,ok
Suvarnarekha,After ripening,Suvarnarekha/After ripening/20260611_45524pmByGPSMapCamera.jpg,20260611_45524pmByGPSMapCamera.jpg,.jpg,8785728,3456x4608,ok
Suvarnarekha,After ripening,Suvarnarekha/After ripening/20260611_45527pmByGPSMapCamera.jpg,20260611_45527pmByGPSMapCamera.jpg,.jpg,8814639,3456x4608,ok
Suvarnarekha,After ripening,Suvarnarekha/After ripening/20260611_45532pmByGPSMapCamera.jpg,20260611_45532pmByGPSMapCamera.jpg,.jpg,9244557,3456x4608,ok
Suvarnarekha,After ripening,Suvarnarekha/After ripening/20260611_45543pmByGPSMapCamera.jpg,20260611_45543pmByGPSMapCamera.jpg,.jpg,5764733,3456x4608,ok
Suvarnarekha,After ripening,Suvarnarekha/After ripening/20260611_45559pmByGPSMapCamera.jpg,20260611_45559pmByGPSMapCamera.jpg,.jpg,5363906,3456x4608,ok
Suvarnarekha,After ripening,Suvarnarekha/After ripening/20260611_45602pmByGPSMapCamera.jpg,20260611_45602pmByGPSMapCamera.jpg,.jpg,5011755,3456x4608,ok
Suvarnarekha,After ripening,Suvarnarekha/After ripening/20260611_45604pmByGPSMapCamera.jpg,20260611_45604pmByGPSMapCamera.jpg,.jpg,5250585,3456x4608,ok
Suvarnarekha,After ripening,Suvarnarekha/After ripening/20260611_45608pmByGPSMapCamera.jpg,20260611_45608pmByGPSMapCamera.jpg,.jpg,5294583,3456x4608,ok
Suvarnarekha,After ripening,Suvarnarekha/After ripening/20260611_45700pmByGPSMapCamera.jpg,20260611_45700pmByGPSMapCamera.jpg,.jpg,3828622,3456x4608,ok
Suvarnarekha,After ripening,Suvarnarekha/After ripening/20260611_45702pmByGPSMapCamera.jpg,20260611_45702pmByGPSMapCamera.jpg,.jpg,3913416,3456x4608,ok
Suvarnarekha,After ripening,Suvarnarekha/After ripening/20260611_45819pmByGPSMapCamera.jpg,20260611_45819pmByGPSMapCamera.jpg,.jpg,4765533,3456x4608,ok
Suvarnarekha,After ripening,Suvarnarekha/After ripening/20260611_45822pmByGPSMapCamera.jpg,20260611_45822pmByGPSMapCamera.jpg,.jpg,4815607,3456x4608,ok
Suvarnarekha,After ripening,Suvarnarekha/After ripening/20260611_45825pmByGPSMapCamera.jpg,20260611_45825pmByGPSMapCamera.jpg,.jpg,4796729,3456x4608,ok
Suvarnarekha,After ripening,Suvarnarekha/After ripening/20260611_45903pmByGPSMapCamera.jpg,20260611_45903pmByGPSMapCamera.jpg,.jpg,8925904,3456x4608,ok
Suvarnarekha,After ripening,Suvarnarekha/After ripening/20260611_45905pmByGPSMapCamera.jpg,20260611_45905pmByGPSMapCamera.jpg,.jpg,9195304,3456x4608,ok
Suvarnarekha,After ripening,Suvarnarekha/After ripening/20260611_45923pmByGPSMapCamera.jpg,20260611_45923pmByGPSMapCamera.jpg,.jpg,8907274,3456x4608,ok
Suvarnarekha,After ripening,Suvarnarekha/After ripening/20260611_45927pmByGPSMapCamera.jpg,20260611_45927pmByGPSMapCamera.jpg,.jpg,8211748,3456x4608,ok
Suvarnarekha,After ripening,Suvarnarekha/After ripening/20260611_50230pmByGPSMapCamera.jpg,20260611_50230pmByGPSMapCamera.jpg,.jpg,8837820,3456x4608,ok
Suvarnarekha,After ripening,Suvarnarekha/After ripening/20260611_50233pmByGPSMapCamera.jpg,20260611_50233pmByGPSMapCamera.jpg,.jpg,9078767,3456x4608,ok
Suvarnarekha,After ripening,Suvarnarekha/After ripening/20260611_50236pmByGPSMapCamera.jpg,20260611_50236pmByGPSMapCamera.jpg,.jpg,9047293,3456x4608,ok
Suvarnarekha,After ripening,Suvarnarekha/After ripening/20260611_50240pmByGPSMapCamera.jpg,20260611_50240pmByGPSMapCamera.jpg,.jpg,8853160,3456x4608,ok
Suvarnarekha,After ripening,Suvarnarekha/After ripening/20260611_50242pmByGPSMapCamera.jpg,20260611_50242pmByGPSMapCamera.jpg,.jpg,8885328,3456x4608,ok
Suvarnarekha,After ripening,Suvarnarekha/After ripening/20260611_50250pmByGPSMapCamera.jpg,20260611_50250pmByGPSMapCamera.jpg,.jpg,6391638,3456x4608,ok
Suvarnarekha,After ripening,Suvarnarekha/After ripening/20260611_50253pmByGPSMapCamera.jpg,20260611_50253pmByGPSMapCamera.jpg,.jpg,6560873,3456x4608,ok
Suvarnarekha,After ripening,Suvarnarekha/After ripening/20260611_50303pmByGPSMapCamera.jpg,20260611_50303pmByGPSMapCamera.jpg,.jpg,6427497,3456x4608,ok
Suvarnarekha,After ripening,Suvarnarekha/After ripening/20260611_50305pmByGPSMapCamera.jpg,20260611_50305pmByGPSMapCamera.jpg,.jpg,6479957,3456x4608,ok
Suvarnarekha,After ripening,Suvarnarekha/After ripening/20260611_50306pmByGPSMapCamera.jpg,20260611_50306pmByGPSMapCamera.jpg,.jpg,6455958,3456x4608,ok
Suvarnarekha,After ripening,Suvarnarekha/After ripening/20260611_50313pmByGPSMapCamera.jpg,20260611_50313pmByGPSMapCamera.jpg,.jpg,6339341,3456x4608,ok
Suvarnarekha,After ripening,Suvarnarekha/After ripening/20260611_50314pmByGPSMapCamera.jpg,20260611_50314pmByGPSMapCamera.jpg,.jpg,6293253,3456x4608,ok
Suvarnarekha,After ripening,Suvarnarekha/After ripening/20260611_50316pmByGPSMapCamera.jpg,20260611_50316pmByGPSMapCamera.jpg,.jpg,6368802,3456x4608,ok
Suvarnarekha,After ripening,Suvarnarekha/After ripening/20260611_50322pmByGPSMapCamera.jpg,20260611_50322pmByGPSMapCamera.jpg,.jpg,6297142,3456x4608,ok
Suvarnarekha,After ripening,Suvarnarekha/After ripening/20260611_50325pmByGPSMapCamera.jpg,20260611_50325pmByGPSMapCamera.jpg,.jpg,6039338,3456x4608,ok
Suvarnarekha,After ripening,Suvarnarekha/After ripening/20260611_50339pmByGPSMapCamera.jpg,20260611_50339pmByGPSMapCamera.jpg,.jpg,6036332,3456x4608,ok
Suvarnarekha,After ripening,Suvarnarekha/After ripening/20260611_50343pmByGPSMapCamera.jpg,20260611_50343pmByGPSMapCamera.jpg,.jpg,5998927,3456x4608,ok
Suvarnarekha,After ripening,Suvarnarekha/After ripening/20260611_50345pmByGPSMapCamera.jpg,20260611_50345pmByGPSMapCamera.jpg,.jpg,5756760,3456x4608,ok
Suvarnarekha,After ripening,Suvarnarekha/After ripening/20260611_50346pmByGPSMapCamera.jpg,20260611_50346pmByGPSMapCamera.jpg,.jpg,6221718,3456x4608,ok
Suvarnarekha,After ripening,Suvarnarekha/After ripening/20260611_50454pmByGPSMapCamera.jpg,20260611_50454pmByGPSMapCamera.jpg,.jpg,6282493,3456x4608,ok
Suvarnarekha,After ripening,Suvarnarekha/After ripening/20260611_50458pmByGPSMapCamera.jpg,20260611_50458pmByGPSMapCamera.jpg,.jpg,6230030,3456x4608,ok
Suvarnarekha,After ripening,Suvarnarekha/After ripening/20260611_50500pmByGPSMapCamera.jpg,20260611_50500pmByGPSMapCamera.jpg,.jpg,6154729,3456x4608,ok
Suvarnarekha,After ripening,Suvarnarekha/After ripening/20260611_50503pmByGPSMapCamera.jpg,20260611_50503pmByGPSMapCamera.jpg,.jpg,6168181,3456x4608,ok
Suvarnarekha,After ripening,Suvarnarekha/After ripening/20260611_50509pmByGPSMapCamera.jpg,20260611_50509pmByGPSMapCamera.jpg,.jpg,6550300,3456x4608,ok
Suvarnarekha,After ripening,Suvarnarekha/After ripening/20260611_50532pmByGPSMapCamera.jpg,20260611_50532pmByGPSMapCamera.jpg,.jpg,6340536,3456x4608,ok
Suvarnarekha,After ripening,Suvarnarekha/After ripening/20260611_50534pmByGPSMapCamera.jpg,20260611_50534pmByGPSMapCamera.jpg,.jpg,6346797,3456x4608,ok
Suvarnarekha,After ripening,Suvarnarekha/After ripening/20260611_51127pmByGPSMapCamera.jpg,20260611_51127pmByGPSMapCamera.jpg,.jpg,9439128,3456x4608,ok
Suvarnarekha,After ripening,Suvarnarekha/After ripening/20260611_51129pmByGPSMapCamera.jpg,20260611_51129pmByGPSMapCamera.jpg,.jpg,9345802,3456x4608,ok
Suvarnarekha,After ripening,Suvarnarekha/After ripening/20260611_51135pmByGPSMapCamera.jpg,20260611_51135pmByGPSMapCamera.jpg,.jpg,9724838,3456x4608,ok
Suvarnarekha,After ripening,Suvarnarekha/After ripening/20260611_51140pmByGPSMapCamera.jpg,20260611_51140pmByGPSMapCamera.jpg,.jpg,9615534,3456x4608,ok
Suvarnarekha,After ripening,Suvarnarekha/After ripening/20260611_51153pmByGPSMapCamera.jpg,20260611_51153pmByGPSMapCamera.jpg,.jpg,8544471,3456x4608,ok
Suvarnarekha,After ripening,Suvarnarekha/After ripening/20260611_51230pmByGPSMapCamera.jpg,20260611_51230pmByGPSMapCamera.jpg,.jpg,8875033,3456x4608,ok
Suvarnarekha,After ripening,Suvarnarekha/After ripening/20260611_51232pmByGPSMapCamera.jpg,20260611_51232pmByGPSMapCamera.jpg,.jpg,8799796,3456x4608,ok
Suvarnarekha,After ripening,Suvarnarekha/After ripening/20260611_51248pmByGPSMapCamera.jpg,20260611_51248pmByGPSMapCamera.jpg,.jpg,8698291,3456x4608,ok
Suvarnarekha,After ripening,Suvarnarekha/After ripening/20260611_51255pmByGPSMapCamera.jpg,20260611_51255pmByGPSMapCamera.jpg,.jpg,8795732,3456x4608,ok
Suvarnarekha,After ripening,Suvarnarekha/After ripening/20260611_51301pmByGPSMapCamera.jpg,20260611_51301pmByGPSMapCamera.jpg,.jpg,8755956,3456x4608,ok
Suvarnarekha,After ripening,Suvarnarekha/After ripening/20260611_51307pmByGPSMapCamera.jpg,20260611_51307pmByGPSMapCamera.jpg,.jpg,8829442,3456x4608,ok
Suvarnarekha,After ripening,Suvarnarekha/After ripening/20260611_51316pmByGPSMapCamera.jpg,20260611_51316pmByGPSMapCamera.jpg,.jpg,8620299,3456x4608,ok
Suvarnarekha,After ripening,Suvarnarekha/After ripening/20260611_51321pmByGPSMapCamera.jpg,20260611_51321pmByGPSMapCamera.jpg,.jpg,9846625,3456x4608,ok
Suvarnarekha,After ripening,Suvarnarekha/After ripening/20260611_51329pmByGPSMapCamera.jpg,20260611_51329pmByGPSMapCamera.jpg,.jpg,9885883,3456x4608,ok
Suvarnarekha,After ripening,Suvarnarekha/After ripening/20260611_51342pmByGPSMapCamera.jpg,20260611_51342pmByGPSMapCamera.jpg,.jpg,10096977,3456x4608,ok
Suvarnarekha,After ripening,Suvarnarekha/After ripening/20260611_51343pmByGPSMapCamera.jpg,20260611_51343pmByGPSMapCamera.jpg,.jpg,10142344,3456x4608,ok
Suvarnarekha,After ripening,Suvarnarekha/After ripening/20260611_51349pmByGPSMapCamera.jpg,20260611_51349pmByGPSMapCamera.jpg,.jpg,10508460,3456x4608,ok
Suvarnarekha,After ripening,Suvarnarekha/After ripening/20260611_51401pmByGPSMapCamera.jpg,20260611_51401pmByGPSMapCamera.jpg,.jpg,9676213,3456x4608,ok
Suvarnarekha,After ripening,Suvarnarekha/After ripening/20260611_51402pmByGPSMapCamera.jpg,20260611_51402pmByGPSMapCamera.jpg,.jpg,9826554,3456x4608,ok
Suvarnarekha,After ripening,Suvarnarekha/After ripening/20260611_51408pmByGPSMapCamera.jpg,20260611_51408pmByGPSMapCamera.jpg,.jpg,9859580,3456x4608,ok
Suvarnarekha,After ripening,Suvarnarekha/After ripening/20260611_51430pmByGPSMapCamera.jpg,20260611_51430pmByGPSMapCamera.jpg,.jpg,9036972,3456x4608,ok
Suvarnarekha,After ripening,Suvarnarekha/After ripening/20260611_51435pmByGPSMapCamera.jpg,20260611_51435pmByGPSMapCamera.jpg,.jpg,9729098,3456x4608,ok
Suvarnarekha,After ripening,Suvarnarekha/After ripening/20260611_51437pmByGPSMapCamera.jpg,20260611_51437pmByGPSMapCamera.jpg,.jpg,9734670,3456x4608,ok
Suvarnarekha,After ripening,Suvarnarekha/After ripening/20260611_51509pmByGPSMapCamera.jpg,20260611_51509pmByGPSMapCamera.jpg,.jpg,9718351,3456x4608,ok
Suvarnarekha,After ripening,Suvarnarekha/After ripening/20260611_51512pmByGPSMapCamera.jpg,20260611_51512pmByGPSMapCamera.jpg,.jpg,9702770,3456x4608,ok
Suvarnarekha,After ripening,Suvarnarekha/After ripening/20260612_51536pmByGPSMapCamera.jpg,20260612_51536pmByGPSMapCamera.jpg,.jpg,6592898,3456x4608,ok
Suvarnarekha,After ripening,Suvarnarekha/After ripening/20260612_51539pmByGPSMapCamera.jpg,20260612_51539pmByGPSMapCamera.jpg,.jpg,6474962,3456x4608,ok
Suvarnarekha,After ripening,Suvarnarekha/After ripening/20260620_165654.jpg,20260620_165654.jpg,.jpg,2880684,4608x2128,ok
Suvarnarekha,After ripening,Suvarnarekha/After ripening/20260620_165656.jpg,20260620_165656.jpg,.jpg,2866268,4608x2128,ok
Suvarnarekha,After ripening,Suvarnarekha/After ripening/20260620_173251.jpg,20260620_173251.jpg,.jpg,2476726,4608x2128,ok
Suvarnarekha,After ripening,Suvarnarekha/After ripening/20260620_173302.jpg,20260620_173302.jpg,.jpg,2528975,4608x2128,ok
Suvarnarekha,After ripening,Suvarnarekha/After ripening/20260620_173303.jpg,20260620_173303.jpg,.jpg,2562279,4608x2128,ok
Suvarnarekha,After ripening,Suvarnarekha/After ripening/20260620_173330.jpg,20260620_173330.jpg,.jpg,2938249,4608x2128,ok
Suvarnarekha,After ripening,Suvarnarekha/After ripening/20260620_173333.jpg,20260620_173333.jpg,.jpg,2403754,4608x2128,ok
Suvarnarekha,After ripening,Suvarnarekha/After ripening/20260620_173346.jpg,20260620_173346.jpg,.jpg,2266440,4608x2128,ok
Suvarnarekha,After ripening,Suvarnarekha/After ripening/20260620_173354.jpg,20260620_173354.jpg,.jpg,2172291,4608x2128,ok
Suvarnarekha,After ripening,Suvarnarekha/After ripening/20260620_173551.jpg,20260620_173551.jpg,.jpg,2569799,4608x2128,ok
Suvarnarekha,After ripening,Suvarnarekha/After ripening/20260620_173555.jpg,20260620_173555.jpg,.jpg,2374230,4608x2128,ok
Suvarnarekha,After ripening,Suvarnarekha/After ripening/20260620_173602.jpg,20260620_173602.jpg,.jpg,2378227,4608x2128,ok
Suvarnarekha,After ripening,Suvarnarekha/After ripening/GMC10062026_180349 (1).jpg,GMC10062026_180349 (1).jpg,.jpg,10446019,4608x3456,ok
Suvarnarekha,After ripening,Suvarnarekha/After ripening/GMC10062026_180357.jpg,GMC10062026_180357.jpg,.jpg,10846981,4608x3456,ok
Suvarnarekha,After ripening,Suvarnarekha/After ripening/GMC11062026_170259 (1).jpg,GMC11062026_170259 (1).jpg,.jpg,6257276,4608x3456,ok
Suvarnarekha,After ripening,Suvarnarekha/After ripening/GMC11062026_170317 (1).jpg,GMC11062026_170317 (1).jpg,.jpg,5871182,4608x3456,ok
Suvarnarekha,After ripening,Suvarnarekha/After ripening/GMC12062026_171545.jpg,GMC12062026_171545.jpg,.jpg,4736000,4608x3456,ok
Suvarnarekha,After ripening,Suvarnarekha/After ripening/GMC12062026_171548.jpg,GMC12062026_171548.jpg,.jpg,5862400,4608x3456,ok
Suvarnarekha,before ripening,Suvarnarekha/before ripening/20250514_170556.jpg,20250514_170556.jpg,.jpg,2633812,4608x2128,ok
Suvarnarekha,before ripening,Suvarnarekha/before ripening/20250514_170602.jpg,20250514_170602.jpg,.jpg,2468703,4608x2128,ok
Suvarnarekha,before ripening,Suvarnarekha/before ripening/20250514_170603(0).jpg,20250514_170603(0).jpg,.jpg,2579621,4608x2128,ok
Suvarnarekha,before ripening,Suvarnarekha/before ripening/20250514_170603.jpg,20250514_170603.jpg,.jpg,2452943,4608x2128,ok
Suvarnarekha,before ripening,Suvarnarekha/before ripening/20250514_170606.jpg,20250514_170606.jpg,.jpg,2324018,4608x2128,ok
Suvarnarekha,before ripening,Suvarnarekha/before ripening/20250514_170607.jpg,20250514_170607.jpg,.jpg,2308572,4608x2128,ok
Suvarnarekha,before ripening,Suvarnarekha/before ripening/20250514_170609(0).jpg,20250514_170609(0).jpg,.jpg,2314467,4608x2128,ok
Suvarnarekha,before ripening,Suvarnarekha/before ripening/20250514_170612(0).jpg,20250514_170612(0).jpg,.jpg,2473863,4608x2128,ok
Suvarnarekha,before ripening,Suvarnarekha/before ripening/20250514_170723.jpg,20250514_170723.jpg,.jpg,2350334,4608x2128,ok
Suvarnarekha,before ripening,Suvarnarekha/before ripening/20250514_170725.jpg,20250514_170725.jpg,.jpg,2275638,4608x2128,ok
Suvarnarekha,before ripening,Suvarnarekha/before ripening/20250514_170747.jpg,20250514_170747.jpg,.jpg,2459096,4608x2128,ok
Suvarnarekha,before ripening,Suvarnarekha/before ripening/20250514_170748.jpg,20250514_170748.jpg,.jpg,2537132,4608x2128,ok
Suvarnarekha,before ripening,Suvarnarekha/before ripening/20250514_170749(0).jpg,20250514_170749(0).jpg,.jpg,2577296,4608x2128,ok
Suvarnarekha,before ripening,Suvarnarekha/before ripening/20250514_170749.jpg,20250514_170749.jpg,.jpg,2499049,4608x2128,ok
Suvarnarekha,before ripening,Suvarnarekha/before ripening/20250514_170751.jpg,20250514_170751.jpg,.jpg,2619088,4608x2128,ok
Suvarnarekha,before ripening,Suvarnarekha/before ripening/20250514_170752(0).jpg,20250514_170752(0).jpg,.jpg,2712403,4608x2128,ok
Suvarnarekha,before ripening,Suvarnarekha/before ripening/20250514_170752.jpg,20250514_170752.jpg,.jpg,2686686,4608x2128,ok
Suvarnarekha,before ripening,Suvarnarekha/before ripening/20250514_170753(0).jpg,20250514_170753(0).jpg,.jpg,2721996,4608x2128,ok
Suvarnarekha,before ripening,Suvarnarekha/before ripening/20250514_170753.jpg,20250514_170753.jpg,.jpg,2686559,4608x2128,ok
Suvarnarekha,before ripening,Suvarnarekha/before ripening/20250514_170754(0).jpg,20250514_170754(0).jpg,.jpg,2678235,4608x2128,ok
Suvarnarekha,before ripening,Suvarnarekha/before ripening/20250514_170754(1).jpg,20250514_170754(1).jpg,.jpg,2692170,4608x2128,ok
Suvarnarekha,before ripening,Suvarnarekha/before ripening/20250514_170754.jpg,20250514_170754.jpg,.jpg,2591804,4608x2128,ok
Suvarnarekha,before ripening,Suvarnarekha/before ripening/20250514_170755(0).jpg,20250514_170755(0).jpg,.jpg,2617156,4608x2128,ok
Suvarnarekha,before ripening,Suvarnarekha/before ripening/20250514_170755.jpg,20250514_170755.jpg,.jpg,2744260,4608x2128,ok
Suvarnarekha,before ripening,Suvarnarekha/before ripening/20250514_170756(0).jpg,20250514_170756(0).jpg,.jpg,2701290,4608x2128,ok
Suvarnarekha,before ripening,Suvarnarekha/before ripening/20250514_170756.jpg,20250514_170756.jpg,.jpg,2656520,4608x2128,ok
Suvarnarekha,before ripening,Suvarnarekha/before ripening/20250514_170757(0).jpg,20250514_170757(0).jpg,.jpg,2749308,4608x2128,ok
Suvarnarekha,before ripening,Suvarnarekha/before ripening/20250514_170757.jpg,20250514_170757.jpg,.jpg,2831689,4608x2128,ok
Suvarnarekha,before ripening,Suvarnarekha/before ripening/20250514_170803.jpg,20250514_170803.jpg,.jpg,2421973,4608x2128,ok
Suvarnarekha,before ripening,Suvarnarekha/before ripening/20250514_173941.jpg,20250514_173941.jpg,.jpg,3303971,4608x2128,ok
Suvarnarekha,before ripening,Suvarnarekha/before ripening/20250514_173944.jpg,20250514_173944.jpg,.jpg,2896263,4608x2128,ok
Suvarnarekha,before ripening,Suvarnarekha/before ripening/20250514_173945.jpg,20250514_173945.jpg,.jpg,3258807,4608x2128,ok
Suvarnarekha,before ripening,Suvarnarekha/before ripening/20250514_174007.jpg,20250514_174007.jpg,.jpg,2902754,4608x2128,ok
Suvarnarekha,before ripening,Suvarnarekha/before ripening/20250514_174008.jpg,20250514_174008.jpg,.jpg,3092673,4608x2128,ok
Suvarnarekha,before ripening,Suvarnarekha/before ripening/20250514_174010.jpg,20250514_174010.jpg,.jpg,3019093,4608x2128,ok
Suvarnarekha,before ripening,Suvarnarekha/before ripening/20250514_174013.jpg,20250514_174013.jpg,.jpg,2515251,4608x2128,ok
Suvarnarekha,before ripening,Suvarnarekha/before ripening/20250514_174026.jpg,20250514_174026.jpg,.jpg,2492539,4608x2128,ok
Suvarnarekha,before ripening,Suvarnarekha/before ripening/20250514_174028.jpg,20250514_174028.jpg,.jpg,3135121,4608x2128,ok
Suvarnarekha,before ripening,Suvarnarekha/before ripening/20250514_174041.jpg,20250514_174041.jpg,.jpg,3296565,4608x2128,ok
Suvarnarekha,before ripening,Suvarnarekha/before ripening/20250514_174043.jpg,20250514_174043.jpg,.jpg,3149315,4608x2128,ok
Suvarnarekha,before ripening,Suvarnarekha/before ripening/20250514_174044.jpg,20250514_174044.jpg,.jpg,2850926,4608x2128,ok
Suvarnarekha,before ripening,Suvarnarekha/before ripening/20250514_174046.jpg,20250514_174046.jpg,.jpg,2859460,4608x2128,ok
Suvarnarekha,before ripening,Suvarnarekha/before ripening/20250514_174047.jpg,20250514_174047.jpg,.jpg,2924806,4608x2128,ok
Suvarnarekha,before ripening,Suvarnarekha/before ripening/20250514_174048.jpg,20250514_174048.jpg,.jpg,3257336,4608x2128,ok
Suvarnarekha,before ripening,Suvarnarekha/before ripening/20250514_174050.jpg,20250514_174050.jpg,.jpg,3255654,4608x2128,ok
Suvarnarekha,before ripening,Suvarnarekha/before ripening/20250514_174146.jpg,20250514_174146.jpg,.jpg,2888239,4608x2128,ok
Suvarnarekha,before ripening,Suvarnarekha/before ripening/20250514_174147(0).jpg,20250514_174147(0).jpg,.jpg,2875313,4608x2128,ok
Suvarnarekha,before ripening,Suvarnarekha/before ripening/20250514_174147.jpg,20250514_174147.jpg,.jpg,2902886,4608x2128,ok
Suvarnarekha,before ripening,Suvarnarekha/before ripening/20250514_174148(0).jpg,20250514_174148(0).jpg,.jpg,2930219,4608x2128,ok
Suvarnarekha,before ripening,Suvarnarekha/before ripening/20250514_174148.jpg,20250514_174148.jpg,.jpg,2844064,4608x2128,ok
Suvarnarekha,before ripening,Suvarnarekha/before ripening/20250514_174150.jpg,20250514_174150.jpg,.jpg,2953842,4608x2128,ok
Suvarnarekha,before ripening,Suvarnarekha/before ripening/20250514_174151.jpg,20250514_174151.jpg,.jpg,2897272,4608x2128,ok
Suvarnarekha,before ripening,Suvarnarekha/before ripening/20250514_174200.jpg,20250514_174200.jpg,.jpg,2833339,4608x2128,ok
Suvarnarekha,before ripening,Suvarnarekha/before ripening/20250514_174203.jpg,20250514_174203.jpg,.jpg,2794471,4608x2128,ok
Suvarnarekha,before ripening,Suvarnarekha/before ripening/20250514_174205.jpg,20250514_174205.jpg,.jpg,3076732,4608x2128,ok
Suvarnarekha,before ripening,Suvarnarekha/before ripening/20250514_174207.jpg,20250514_174207.jpg,.jpg,3144551,4608x2128,ok
Suvarnarekha,before ripening,Suvarnarekha/before ripening/20250514_174215.jpg,20250514_174215.jpg,.jpg,2878656,4608x2128,ok
Suvarnarekha,before ripening,Suvarnarekha/before ripening/20250514_174219(0).jpg,20250514_174219(0).jpg,.jpg,3120206,4608x2128,ok
Suvarnarekha,before ripening,Suvarnarekha/before ripening/20250514_174219.jpg,20250514_174219.jpg,.jpg,3117894,4608x2128,ok
Suvarnarekha,before ripening,Suvarnarekha/before ripening/20250514_174220(0).jpg,20250514_174220(0).jpg,.jpg,3166551,4608x2128,ok
Suvarnarekha,before ripening,Suvarnarekha/before ripening/20250514_174220.jpg,20250514_174220.jpg,.jpg,3178947,4608x2128,ok
Suvarnarekha,before ripening,Suvarnarekha/before ripening/20250514_174222.jpg,20250514_174222.jpg,.jpg,3035768,4608x2128,ok
Suvarnarekha,before ripening,Suvarnarekha/before ripening/20250514_174223.jpg,20250514_174223.jpg,.jpg,3061668,4608x2128,ok
Suvarnarekha,before ripening,Suvarnarekha/before ripening/20250514_174225.jpg,20250514_174225.jpg,.jpg,2606711,4608x2128,ok
Suvarnarekha,before ripening,Suvarnarekha/before ripening/20250514_174226.jpg,20250514_174226.jpg,.jpg,2934527,4608x2128,ok
Suvarnarekha,before ripening,Suvarnarekha/before ripening/20250514_174227.jpg,20250514_174227.jpg,.jpg,3270015,4608x2128,ok
Suvarnarekha,before ripening,Suvarnarekha/before ripening/20250514_174229.jpg,20250514_174229.jpg,.jpg,3389422,4608x2128,ok
Suvarnarekha,before ripening,Suvarnarekha/before ripening/20250514_174230.jpg,20250514_174230.jpg,.jpg,2690374,4608x2128,ok
Suvarnarekha,before ripening,Suvarnarekha/before ripening/20250514_174232.jpg,20250514_174232.jpg,.jpg,3331147,4608x2128,ok
Suvarnarekha,before ripening,Suvarnarekha/before ripening/20250514_174242.jpg,20250514_174242.jpg,.jpg,2991493,4608x2128,ok
Suvarnarekha,before ripening,Suvarnarekha/before ripening/20250514_174244.jpg,20250514_174244.jpg,.jpg,3233705,4608x2128,ok
Suvarnarekha,before ripening,Suvarnarekha/before ripening/20250514_174247.jpg,20250514_174247.jpg,.jpg,3273552,4608x2128,ok
Suvarnarekha,before ripening,Suvarnarekha/before ripening/20250514_174252.jpg,20250514_174252.jpg,.jpg,3069703,4608x2128,ok
Suvarnarekha,before ripening,Suvarnarekha/before ripening/20250514_174253.jpg,20250514_174253.jpg,.jpg,3250300,4608x2128,ok
Suvarnarekha,before ripening,Suvarnarekha/before ripening/20250514_174255.jpg,20250514_174255.jpg,.jpg,3321215,4608x2128,ok
Suvarnarekha,before ripening,Suvarnarekha/before ripening/20250514_174256.jpg,20250514_174256.jpg,.jpg,3397207,4608x2128,ok
Suvarnarekha,before ripening,Suvarnarekha/before ripening/20250514_174315(0).jpg,20250514_174315(0).jpg,.jpg,2991289,4608x2128,ok
Suvarnarekha,before ripening,Suvarnarekha/before ripening/20250514_174315.jpg,20250514_174315.jpg,.jpg,2896705,4608x2128,ok
Suvarnarekha,before ripening,Suvarnarekha/before ripening/20250514_174316(0).jpg,20250514_174316(0).jpg,.jpg,3028800,4608x2128,ok
Suvarnarekha,before ripening,Suvarnarekha/before ripening/20250514_174316.jpg,20250514_174316.jpg,.jpg,2975148,4608x2128,ok
Suvarnarekha,before ripening,Suvarnarekha/before ripening/20250514_174318.jpg,20250514_174318.jpg,.jpg,3096646,4608x2128,ok
Suvarnarekha,before ripening,Suvarnarekha/before ripening/20250514_174319.jpg,20250514_174319.jpg,.jpg,2854309,4608x2128,ok
Suvarnarekha,before ripening,Suvarnarekha/before ripening/20250514_174320.jpg,20250514_174320.jpg,.jpg,3083943,4608x2128,ok
Suvarnarekha,before ripening,Suvarnarekha/before ripening/20250514_174322.jpg,20250514_174322.jpg,.jpg,2867005,4608x2128,ok
Suvarnarekha,before ripening,Suvarnarekha/before ripening/20250514_174323.jpg,20250514_174323.jpg,.jpg,3039790,4608x2128,ok
Suvarnarekha,before ripening,Suvarnarekha/before ripening/20260504_173544.jpg,20260504_173544.jpg,.jpg,2800248,4608x2128,ok
Suvarnarekha,before ripening,Suvarnarekha/before ripening/20260504_173549.jpg,20260504_173549.jpg,.jpg,2824961,4608x2128,ok
Suvarnarekha,before ripening,Suvarnarekha/before ripening/20260504_173556.jpg,20260504_173556.jpg,.jpg,2532706,4608x2128,ok
Suvarnarekha,before ripening,Suvarnarekha/before ripening/20260504_173558.jpg,20260504_173558.jpg,.jpg,2729735,4608x2128,ok
Suvarnarekha,before ripening,Suvarnarekha/before ripening/20260504_173559.jpg,20260504_173559.jpg,.jpg,2561381,4608x2128,ok
Suvarnarekha,before ripening,Suvarnarekha/before ripening/20260504_173600.jpg,20260504_173600.jpg,.jpg,2424012,4608x2128,ok
Suvarnarekha,before ripening,Suvarnarekha/before ripening/20260504_173626.jpg,20260504_173626.jpg,.jpg,2602452,4608x2128,ok
Suvarnarekha,before ripening,Suvarnarekha/before ripening/20260504_173627.jpg,20260504_173627.jpg,.jpg,2530228,4608x2128,ok
Suvarnarekha,before ripening,Suvarnarekha/before ripening/20260504_173628.jpg,20260504_173628.jpg,.jpg,2571092,4608x2128,ok
Suvarnarekha,before ripening,Suvarnarekha/before ripening/20260504_173653.jpg,20260504_173653.jpg,.jpg,2662588,4608x2128,ok
Suvarnarekha,before ripening,Suvarnarekha/before ripening/20260504_173654.jpg,20260504_173654.jpg,.jpg,2622367,4608x2128,ok
Suvarnarekha,before ripening,Suvarnarekha/before ripening/20260504_173656.jpg,20260504_173656.jpg,.jpg,2711960,4608x2128,ok
Suvarnarekha,before ripening,Suvarnarekha/before ripening/20260504_173657.jpg,20260504_173657.jpg,.jpg,2694481,4608x2128,ok
Suvarnarekha,before ripening,Suvarnarekha/before ripening/20260504_173736.jpg,20260504_173736.jpg,.jpg,2127259,4608x2128,ok
Suvarnarekha,before ripening,Suvarnarekha/before ripening/20260504_173743.jpg,20260504_173743.jpg,.jpg,2224914,4608x2128,ok
Suvarnarekha,before ripening,Suvarnarekha/before ripening/20260504_173747.jpg,20260504_173747.jpg,.jpg,2184136,4608x2128,ok
Suvarnarekha,before ripening,Suvarnarekha/before ripening/20260504_173819.jpg,20260504_173819.jpg,.jpg,2474622,4608x2128,ok
Suvarnarekha,before ripening,Suvarnarekha/before ripening/20260504_173820.jpg,20260504_173820.jpg,.jpg,2456371,4608x2128,ok
Suvarnarekha,before ripening,Suvarnarekha/before ripening/20260504_173821(0).jpg,20260504_173821(0).jpg,.jpg,2786764,4608x2128,ok
Suvarnarekha,before ripening,Suvarnarekha/before ripening/20260504_173821.jpg,20260504_173821.jpg,.jpg,2476629,4608x2128,ok
Suvarnarekha,before ripening,Suvarnarekha/before ripening/20260504_173837.jpg,20260504_173837.jpg,.jpg,2566074,4608x2128,ok
Suvarnarekha,before ripening,Suvarnarekha/before ripening/20260504_173838.jpg,20260504_173838.jpg,.jpg,2650779,4608x2128,ok
Suvarnarekha,before ripening,Suvarnarekha/before ripening/20260504_173841.jpg,20260504_173841.jpg,.jpg,2092286,4608x2128,ok
Suvarnarekha,before ripening,Suvarnarekha/before ripening/20260504_173843.jpg,20260504_173843.jpg,.jpg,2054708,4608x2128,ok
Suvarnarekha,before ripening,Suvarnarekha/before ripening/20260513_173334.jpg,20260513_173334.jpg,.jpg,2651882,4608x2128,ok
Suvarnarekha,before ripening,Suvarnarekha/before ripening/20260513_173336.jpg,20260513_173336.jpg,.jpg,2830789,4608x2128,ok
Suvarnarekha,before ripening,Suvarnarekha/before ripening/20260513_173338.jpg,20260513_173338.jpg,.jpg,2624281,4608x2128,ok
Suvarnarekha,before ripening,Suvarnarekha/before ripening/20260513_175137.jpg,20260513_175137.jpg,.jpg,2251809,4608x2128,ok
Suvarnarekha,before ripening,Suvarnarekha/before ripening/20260513_175138.jpg,20260513_175138.jpg,.jpg,2225957,4608x2128,ok
Suvarnarekha,before ripening,Suvarnarekha/before ripening/20260513_175140.jpg,20260513_175140.jpg,.jpg,2238464,4608x2128,ok
Suvarnarekha,before ripening,Suvarnarekha/before ripening/20260513_175141.jpg,20260513_175141.jpg,.jpg,2302411,4608x2128,ok
Suvarnarekha,before ripening,Suvarnarekha/before ripening/20260513_175142.jpg,20260513_175142.jpg,.jpg,2275213,4608x2128,ok
Suvarnarekha,before ripening,Suvarnarekha/before ripening/20260513_175143.jpg,20260513_175143.jpg,.jpg,2232327,4608x2128,ok
Suvarnarekha,before ripening,Suvarnarekha/before ripening/20260513_175144.jpg,20260513_175144.jpg,.jpg,2228504,4608x2128,ok
Suvarnarekha,before ripening,Suvarnarekha/before ripening/20260513_175146.jpg,20260513_175146.jpg,.jpg,2331440,4608x2128,ok
Suvarnarekha,before ripening,Suvarnarekha/before ripening/20260513_175155.jpg,20260513_175155.jpg,.jpg,2291262,4608x2128,ok
Suvarnarekha,before ripening,Suvarnarekha/before ripening/20260513_175156.jpg,20260513_175156.jpg,.jpg,2286951,4608x2128,ok
Suvarnarekha,before ripening,Suvarnarekha/before ripening/20260513_175158.jpg,20260513_175158.jpg,.jpg,2423657,4608x2128,ok
Suvarnarekha,before ripening,Suvarnarekha/before ripening/20260513_175159(0).jpg,20260513_175159(0).jpg,.jpg,2414536,4608x2128,ok
Suvarnarekha,before ripening,Suvarnarekha/before ripening/20260513_175159.jpg,20260513_175159.jpg,.jpg,2462846,4608x2128,ok
Suvarnarekha,before ripening,Suvarnarekha/before ripening/20260513_175201.jpg,20260513_175201.jpg,.jpg,2496423,4608x2128,ok
Suvarnarekha,before ripening,Suvarnarekha/before ripening/20260513_175202.jpg,20260513_175202.jpg,.jpg,2360920,4608x2128,ok
Suvarnarekha,before ripening,Suvarnarekha/before ripening/20260513_175203.jpg,20260513_175203.jpg,.jpg,2425565,4608x2128,ok
Suvarnarekha,before ripening,Suvarnarekha/before ripening/20260513_175213.jpg,20260513_175213.jpg,.jpg,2714333,4608x2128,ok
Suvarnarekha,before ripening,Suvarnarekha/before ripening/20260513_175214.jpg,20260513_175214.jpg,.jpg,2796958,4608x2128,ok
Suvarnarekha,before ripening,Suvarnarekha/before ripening/20260513_175216(0).jpg,20260513_175216(0).jpg,.jpg,2818509,4608x2128,ok
Suvarnarekha,before ripening,Suvarnarekha/before ripening/20260513_175216.jpg,20260513_175216.jpg,.jpg,2821878,4608x2128,ok
Suvarnarekha,before ripening,Suvarnarekha/before ripening/20260513_175217.jpg,20260513_175217.jpg,.jpg,2717172,4608x2128,ok
Suvarnarekha,before ripening,Suvarnarekha/before ripening/20260513_175219(0).jpg,20260513_175219(0).jpg,.jpg,2824553,4608x2128,ok
Suvarnarekha,before ripening,Suvarnarekha/before ripening/20260513_175219.jpg,20260513_175219.jpg,.jpg,2828137,4608x2128,ok
Suvarnarekha,before ripening,Suvarnarekha/before ripening/20260513_175228.jpg,20260513_175228.jpg,.jpg,2608470,4608x2128,ok
Suvarnarekha,before ripening,Suvarnarekha/before ripening/20260513_175229(0).jpg,20260513_175229(0).jpg,.jpg,2585186,4608x2128,ok
Suvarnarekha,before ripening,Suvarnarekha/before ripening/20260513_175229.jpg,20260513_175229.jpg,.jpg,2588853,4608x2128,ok
Suvarnarekha,before ripening,Suvarnarekha/before ripening/20260513_175230.jpg,20260513_175230.jpg,.jpg,2628921,4608x2128,ok
Suvarnarekha,before ripening,Suvarnarekha/before ripening/20260513_175231.jpg,20260513_175231.jpg,.jpg,3408158,4608x2128,ok
Suvarnarekha,before ripening,Suvarnarekha/before ripening/20260513_175233.jpg,20260513_175233.jpg,.jpg,2697401,4608x2128,ok
Suvarnarekha,before ripening,Suvarnarekha/before ripening/20260513_175241.jpg,20260513_175241.jpg,.jpg,2650359,4608x2128,ok
Suvarnarekha,before ripening,Suvarnarekha/before ripening/20260513_175242.jpg,20260513_175242.jpg,.jpg,2669542,4608x2128,ok
Suvarnarekha,before ripening,Suvarnarekha/before ripening/20260513_175243.jpg,20260513_175243.jpg,.jpg,2652655,4608x2128,ok
Suvarnarekha,before ripening,Suvarnarekha/before ripening/20260513_175244.jpg,20260513_175244.jpg,.jpg,2507217,4608x2128,ok
Suvarnarekha,before ripening,Suvarnarekha/before ripening/20260513_175245.jpg,20260513_175245.jpg,.jpg,2508682,4608x2128,ok
Suvarnarekha,before ripening,Suvarnarekha/before ripening/20260513_175247.jpg,20260513_175247.jpg,.jpg,2609972,4608x2128,ok
Suvarnarekha,before ripening,Suvarnarekha/before ripening/20260513_175248.jpg,20260513_175248.jpg,.jpg,2593345,4608x2128,ok
Suvarnarekha,before ripening,Suvarnarekha/before ripening/20260513_175257.jpg,20260513_175257.jpg,.jpg,2571803,4608x2128,ok
Suvarnarekha,before ripening,Suvarnarekha/before ripening/20260513_175258(0).jpg,20260513_175258(0).jpg,.jpg,2592342,4608x2128,ok
Suvarnarekha,before ripening,Suvarnarekha/before ripening/20260513_175258.jpg,20260513_175258.jpg,.jpg,2576752,4608x2128,ok
Suvarnarekha,before ripening,Suvarnarekha/before ripening/20260513_175259.jpg,20260513_175259.jpg,.jpg,2677835,4608x2128,ok
Suvarnarekha,before ripening,Suvarnarekha/before ripening/20260513_175314.jpg,20260513_175314.jpg,.jpg,2196465,4608x2128,ok
Suvarnarekha,before ripening,Suvarnarekha/before ripening/20260513_175315.jpg,20260513_175315.jpg,.jpg,2128330,4608x2128,ok
Suvarnarekha,before ripening,Suvarnarekha/before ripening/20260513_175318(0).jpg,20260513_175318(0).jpg,.jpg,2259543,4608x2128,ok
Suvarnarekha,before ripening,Suvarnarekha/before ripening/20260513_175318.jpg,20260513_175318.jpg,.jpg,2223173,4608x2128,ok
Suvarnarekha,before ripening,Suvarnarekha/before ripening/20260513_175319.jpg,20260513_175319.jpg,.jpg,2260002,4608x2128,ok
Suvarnarekha,before ripening,Suvarnarekha/before ripening/20260513_175321.jpg,20260513_175321.jpg,.jpg,2303959,4608x2128,ok
Suvarnarekha,before ripening,Suvarnarekha/before ripening/20260513_175322.jpg,20260513_175322.jpg,.jpg,2296391,4608x2128,ok
Suvarnarekha,before ripening,Suvarnarekha/before ripening/20260513_175323.jpg,20260513_175323.jpg,.jpg,2351981,4608x2128,ok
Suvarnarekha,before ripening,Suvarnarekha/before ripening/20260513_175333.jpg,20260513_175333.jpg,.jpg,2214477,4608x2128,ok
Suvarnarekha,before ripening,Suvarnarekha/before ripening/20260513_175334.jpg,20260513_175334.jpg,.jpg,2163081,4608x2128,ok
Suvarnarekha,before ripening,Suvarnarekha/before ripening/20260513_175335(0).jpg,20260513_175335(0).jpg,.jpg,2237948,4608x2128,ok
Suvarnarekha,before ripening,Suvarnarekha/before ripening/20260513_175335.jpg,20260513_175335.jpg,.jpg,2141999,4608x2128,ok
Suvarnarekha,before ripening,Suvarnarekha/before ripening/20260513_175336.jpg,20260513_175336.jpg,.jpg,2275906,4608x2128,ok
Suvarnarekha,before ripening,Suvarnarekha/before ripening/20260513_175348.jpg,20260513_175348.jpg,.jpg,2578316,4608x2128,ok
Suvarnarekha,before ripening,Suvarnarekha/before ripening/20260513_175400.jpg,20260513_175400.jpg,.jpg,2402953,4608x2128,ok
Suvarnarekha,before ripening,Suvarnarekha/before ripening/20260513_175401.jpg,20260513_175401.jpg,.jpg,2466213,4608x2128,ok
Suvarnarekha,before ripening,Suvarnarekha/before ripening/20260513_175402.jpg,20260513_175402.jpg,.jpg,2433864,4608x2128,ok
Suvarnarekha,before ripening,Suvarnarekha/before ripening/20260513_175513.jpg,20260513_175513.jpg,.jpg,2120479,4608x2128,ok
Suvarnarekha,before ripening,Suvarnarekha/before ripening/20260513_175515.jpg,20260513_175515.jpg,.jpg,2202919,4608x2128,ok
Suvarnarekha,before ripening,Suvarnarekha/before ripening/20260513_175517.jpg,20260513_175517.jpg,.jpg,2571733,4608x2128,ok
Suvarnarekha,before ripening,Suvarnarekha/before ripening/20260513_175518.jpg,20260513_175518.jpg,.jpg,2538722,4608x2128,ok
Suvarnarekha,before ripening,Suvarnarekha/before ripening/20260513_175558.jpg,20260513_175558.jpg,.jpg,1997894,4608x2128,ok
Suvarnarekha,before ripening,Suvarnarekha/before ripening/20260513_175601.jpg,20260513_175601.jpg,.jpg,1860374,4608x2128,ok
Suvarnarekha,before ripening,Suvarnarekha/before ripening/20260513_175620(0).jpg,20260513_175620(0).jpg,.jpg,2656757,4608x2128,ok
Suvarnarekha,before ripening,Suvarnarekha/before ripening/20260513_175620.jpg,20260513_175620.jpg,.jpg,2718976,4608x2128,ok
Suvarnarekha,before ripening,Suvarnarekha/before ripening/20260513_175623.jpg,20260513_175623.jpg,.jpg,2286305,4608x2128,ok
Suvarnarekha,before ripening,Suvarnarekha/before ripening/20260513_175624(0).jpg,20260513_175624(0).jpg,.jpg,2333137,4608x2128,ok
Suvarnarekha,before ripening,Suvarnarekha/before ripening/20260513_175624.jpg,20260513_175624.jpg,.jpg,2299468,4608x2128,ok
Suvarnarekha,before ripening,Suvarnarekha/before ripening/20260513_175627.jpg,20260513_175627.jpg,.jpg,2293997,4608x2128,ok
Suvarnarekha,before ripening,Suvarnarekha/before ripening/20260513_175638.jpg,20260513_175638.jpg,.jpg,2088640,4608x2128,ok
Suvarnarekha,before ripening,Suvarnarekha/before ripening/20260513_175640.jpg,20260513_175640.jpg,.jpg,2007614,4608x2128,ok
Suvarnarekha,before ripening,Suvarnarekha/before ripening/20260513_175642.jpg,20260513_175642.jpg,.jpg,2016296,4608x2128,ok
Suvarnarekha,before ripening,Suvarnarekha/before ripening/20260513_175645.jpg,20260513_175645.jpg,.jpg,2031519,4608x2128,ok
Suvarnarekha,before ripening,Suvarnarekha/before ripening/20260513_175647.jpg,20260513_175647.jpg,.jpg,2016655,4608x2128,ok
Suvarnarekha,before ripening,Suvarnarekha/before ripening/20260513_175651.jpg,20260513_175651.jpg,.jpg,2040485,4608x2128,ok
Suvarnarekha,before ripening,Suvarnarekha/before ripening/20260513_175709.jpg,20260513_175709.jpg,.jpg,2507567,4608x2128,ok
Suvarnarekha,before ripening,Suvarnarekha/before ripening/20260513_175712.jpg,20260513_175712.jpg,.jpg,2709515,4608x2128,ok
Suvarnarekha,before ripening,Suvarnarekha/before ripening/20260513_175713(0).jpg,20260513_175713(0).jpg,.jpg,2747006,4608x2128,ok
Suvarnarekha,before ripening,Suvarnarekha/before ripening/20260513_175713.jpg,20260513_175713.jpg,.jpg,2719477,4608x2128,ok
Suvarnarekha,before ripening,Suvarnarekha/before ripening/20260513_175716.jpg,20260513_175716.jpg,.jpg,2428885,4608x2128,ok
Suvarnarekha,before ripening,Suvarnarekha/before ripening/20260513_175717.jpg,20260513_175717.jpg,.jpg,2709929,4608x2128,ok
Suvarnarekha,before ripening,Suvarnarekha/before ripening/20260513_175735.jpg,20260513_175735.jpg,.jpg,2455115,4608x2128,ok
Suvarnarekha,before ripening,Suvarnarekha/before ripening/20260513_175737.jpg,20260513_175737.jpg,.jpg,2493800,4608x2128,ok
Suvarnarekha,before ripening,Suvarnarekha/before ripening/20260513_175738.jpg,20260513_175738.jpg,.jpg,2484060,4608x2128,ok
Suvarnarekha,before ripening,Suvarnarekha/before ripening/20260513_175740.jpg,20260513_175740.jpg,.jpg,2472769,4608x2128,ok
Suvarnarekha,before ripening,Suvarnarekha/before ripening/20260513_175741.jpg,20260513_175741.jpg,.jpg,2457800,4608x2128,ok
Suvarnarekha,before ripening,Suvarnarekha/before ripening/20260513_175742.jpg,20260513_175742.jpg,.jpg,2437248,4608x2128,ok
Suvarnarekha,before ripening,Suvarnarekha/before ripening/20260513_175801.jpg,20260513_175801.jpg,.jpg,2602705,4608x2128,ok
Suvarnarekha,before ripening,Suvarnarekha/before ripening/20260513_175802.jpg,20260513_175802.jpg,.jpg,2606547,4608x2128,ok
Suvarnarekha,before ripening,Suvarnarekha/before ripening/20260513_175804.jpg,20260513_175804.jpg,.jpg,2691981,4608x2128,ok
Suvarnarekha,before ripening,Suvarnarekha/before ripening/20260513_175809.jpg,20260513_175809.jpg,.jpg,2682660,4608x2128,ok
Suvarnarekha,before ripening,Suvarnarekha/before ripening/20260513_175810.jpg,20260513_175810.jpg,.jpg,2699379,4608x2128,ok
Suvarnarekha,before ripening,Suvarnarekha/before ripening/20260513_175830.jpg,20260513_175830.jpg,.jpg,1963053,4608x2128,ok
Suvarnarekha,before ripening,Suvarnarekha/before ripening/20260513_175831.jpg,20260513_175831.jpg,.jpg,2007076,4608x2128,ok
Suvarnarekha,before ripening,Suvarnarekha/before ripening/20260513_175834.jpg,20260513_175834.jpg,.jpg,2015278,4608x2128,ok
Suvarnarekha,before ripening,Suvarnarekha/before ripening/20260513_175852.jpg,20260513_175852.jpg,.jpg,2256567,4608x2128,ok
Suvarnarekha,before ripening,Suvarnarekha/before ripening/20260513_175853.jpg,20260513_175853.jpg,.jpg,2290800,4608x2128,ok
Suvarnarekha,before ripening,Suvarnarekha/before ripening/20260513_175856.jpg,20260513_175856.jpg,.jpg,1798233,4608x2128,ok
Suvarnarekha,before ripening,Suvarnarekha/before ripening/20260513_175914.jpg,20260513_175914.jpg,.jpg,2414136,4608x2128,ok
Suvarnarekha,before ripening,Suvarnarekha/before ripening/20260513_175915.jpg,20260513_175915.jpg,.jpg,2421589,4608x2128,ok
Suvarnarekha,before ripening,Suvarnarekha/before ripening/20260513_175916(0).jpg,20260513_175916(0).jpg,.jpg,2432104,4608x2128,ok
Suvarnarekha,before ripening,Suvarnarekha/before ripening/20260513_175916.jpg,20260513_175916.jpg,.jpg,2425686,4608x2128,ok
Suvarnarekha,before ripening,Suvarnarekha/before ripening/20260513_175919.jpg,20260513_175919.jpg,.jpg,2125886,4608x2128,ok
Suvarnarekha,before ripening,Suvarnarekha/before ripening/20260513_175930.jpg,20260513_175930.jpg,.jpg,2829184,4608x2128,ok
Suvarnarekha,before ripening,Suvarnarekha/before ripening/20260513_175931.jpg,20260513_175931.jpg,.jpg,2809934,4608x2128,ok
Suvarnarekha,before ripening,Suvarnarekha/before ripening/20260513_175933.jpg,20260513_175933.jpg,.jpg,2777408,4608x2128,ok
Suvarnarekha,before ripening,Suvarnarekha/before ripening/20260513_175940.jpg,20260513_175940.jpg,.jpg,2660521,4608x2128,ok
Suvarnarekha,before ripening,Suvarnarekha/before ripening/20260513_175949.jpg,20260513_175949.jpg,.jpg,2591474,4608x2128,ok
Suvarnarekha,before ripening,Suvarnarekha/before ripening/20260513_175950.jpg,20260513_175950.jpg,.jpg,2577173,4608x2128,ok
Suvarnarekha,before ripening,Suvarnarekha/before ripening/20260513_175954.jpg,20260513_175954.jpg,.jpg,2722782,4608x2128,ok
Suvarnarekha,before ripening,Suvarnarekha/before ripening/20260513_180000(0).jpg,20260513_180000(0).jpg,.jpg,2561547,4608x2128,ok
Suvarnarekha,before ripening,Suvarnarekha/before ripening/20260513_180000.jpg,20260513_180000.jpg,.jpg,2534174,4608x2128,ok
Suvarnarekha,before ripening,Suvarnarekha/before ripening/20260513_180001.jpg,20260513_180001.jpg,.jpg,2518737,4608x2128,ok
Suvarnarekha,before ripening,Suvarnarekha/before ripening/20260513_180026.jpg,20260513_180026.jpg,.jpg,2999894,4608x2128,ok
Suvarnarekha,before ripening,Suvarnarekha/before ripening/20260513_180028.jpg,20260513_180028.jpg,.jpg,3071205,4608x2128,ok
Suvarnarekha,before ripening,Suvarnarekha/before ripening/20260513_180030.jpg,20260513_180030.jpg,.jpg,3193350,4608x2128,ok
Suvarnarekha,before ripening,Suvarnarekha/before ripening/20260513_180041.jpg,20260513_180041.jpg,.jpg,2543071,4608x2128,ok
Suvarnarekha,before ripening,Suvarnarekha/before ripening/20260513_180042.jpg,20260513_180042.jpg,.jpg,2546259,4608x2128,ok
Suvarnarekha,before ripening,Suvarnarekha/before ripening/20260513_180045.jpg,20260513_180045.jpg,.jpg,2233297,4608x2128,ok
Suvarnarekha,before ripening,Suvarnarekha/before ripening/20260513_180046.jpg,20260513_180046.jpg,.jpg,2246245,4608x2128,ok
Suvarnarekha,before ripening,Suvarnarekha/before ripening/20260513_180049.jpg,20260513_180049.jpg,.jpg,2422125,4608x2128,ok
Suvarnarekha,before ripening,Suvarnarekha/before ripening/20260513_180106(0).jpg,20260513_180106(0).jpg,.jpg,2338226,4608x2128,ok
Suvarnarekha,before ripening,Suvarnarekha/before ripening/20260513_180106.jpg,20260513_180106.jpg,.jpg,2353238,4608x2128,ok
Suvarnarekha,before ripening,Suvarnarekha/before ripening/20260513_180107.jpg,20260513_180107.jpg,.jpg,2340166,4608x2128,ok
Suvarnarekha,before ripening,Suvarnarekha/before ripening/20260513_180109.jpg,20260513_180109.jpg,.jpg,2561159,4608x2128,ok
Suvarnarekha,before ripening,Suvarnarekha/before ripening/20260513_180118.jpg,20260513_180118.jpg,.jpg,1879593,4608x2128,ok
Suvarnarekha,before ripening,Suvarnarekha/before ripening/20260513_180119.jpg,20260513_180119.jpg,.jpg,2052576,4608x2128,ok
Suvarnarekha,before ripening,Suvarnarekha/before ripening/20260513_180122.jpg,20260513_180122.jpg,.jpg,1854355,4608x2128,ok
Suvarnarekha,before ripening,Suvarnarekha/before ripening/20260513_180127.jpg,20260513_180127.jpg,.jpg,1745733,4608x2128,ok
Suvarnarekha,before ripening,Suvarnarekha/before ripening/20260513_180128.jpg,20260513_180128.jpg,.jpg,1792982,4608x2128,ok
Suvarnarekha,before ripening,Suvarnarekha/before ripening/20260513_180130.jpg,20260513_180130.jpg,.jpg,1772296,4608x2128,ok
Suvarnarekha,before ripening,Suvarnarekha/before ripening/20260513_180140.jpg,20260513_180140.jpg,.jpg,2072015,4608x2128,ok
Suvarnarekha,before ripening,Suvarnarekha/before ripening/20260513_180143.jpg,20260513_180143.jpg,.jpg,2014485,4608x2128,ok
Suvarnarekha,before ripening,Suvarnarekha/before ripening/20260513_180144.jpg,20260513_180144.jpg,.jpg,2003015,4608x2128,ok
Suvarnarekha,before ripening,Suvarnarekha/before ripening/20260513_180147.jpg,20260513_180147.jpg,.jpg,1854779,4608x2128,ok
Suvarnarekha,before ripening,Suvarnarekha/before ripening/20260513_180148.jpg,20260513_180148.jpg,.jpg,1909853,4608x2128,ok
Suvarnarekha,before ripening,Suvarnarekha/before ripening/20260513_180205.jpg,20260513_180205.jpg,.jpg,2489243,4608x2128,ok
Suvarnarekha,before ripening,Suvarnarekha/before ripening/20260513_180207.jpg,20260513_180207.jpg,.jpg,2582978,4608x2128,ok
Suvarnarekha,before ripening,Suvarnarekha/before ripening/20260513_180208.jpg,20260513_180208.jpg,.jpg,2585968,4608x2128,ok
Suvarnarekha,before ripening,Suvarnarekha/before ripening/20260513_180209.jpg,20260513_180209.jpg,.jpg,2561815,4608x2128,ok
Suvarnarekha,before ripening,Suvarnarekha/before ripening/20260513_180210.jpg,20260513_180210.jpg,.jpg,2581640,4608x2128,ok
Suvarnarekha,before ripening,Suvarnarekha/before ripening/20260513_180227.jpg,20260513_180227.jpg,.jpg,2163347,4608x2128,ok
Suvarnarekha,before ripening,Suvarnarekha/before ripening/20260513_180229.jpg,20260513_180229.jpg,.jpg,2158131,4608x2128,ok
Suvarnarekha,before ripening,Suvarnarekha/before ripening/20260513_180231.jpg,20260513_180231.jpg,.jpg,2159800,4608x2128,ok
Suvarnarekha,before ripening,Suvarnarekha/before ripening/20260513_180236.jpg,20260513_180236.jpg,.jpg,2254767,4608x2128,ok
Suvarnarekha,before ripening,Suvarnarekha/before ripening/20260513_180238.jpg,20260513_180238.jpg,.jpg,2166599,4608x2128,ok
Suvarnarekha,before ripening,Suvarnarekha/before ripening/20260513_180239.jpg,20260513_180239.jpg,.jpg,2191115,4608x2128,ok
Suvarnarekha,before ripening,Suvarnarekha/before ripening/20260513_180247.jpg,20260513_180247.jpg,.jpg,2120776,4608x2128,ok
Suvarnarekha,before ripening,Suvarnarekha/before ripening/20260513_180248.jpg,20260513_180248.jpg,.jpg,2140368,4608x2128,ok
Suvarnarekha,before ripening,Suvarnarekha/before ripening/20260513_180250.jpg,20260513_180250.jpg,.jpg,2225852,4608x2128,ok
Suvarnarekha,before ripening,Suvarnarekha/before ripening/20260513_180251.jpg,20260513_180251.jpg,.jpg,2213278,4608x2128,ok
Suvarnarekha,before ripening,Suvarnarekha/before ripening/20260513_180252.jpg,20260513_180252.jpg,.jpg,2232401,4608x2128,ok
Suvarnarekha,before ripening,Suvarnarekha/before ripening/20260513_180312.jpg,20260513_180312.jpg,.jpg,2543288,4608x2128,ok
Suvarnarekha,before ripening,Suvarnarekha/before ripening/20260513_180314.jpg,20260513_180314.jpg,.jpg,2198081,4608x2128,ok
Suvarnarekha,before ripening,Suvarnarekha/before ripening/20260513_180317.jpg,20260513_180317.jpg,.jpg,2556726,4608x2128,ok
Suvarnarekha,before ripening,Suvarnarekha/before ripening/20260513_180332.jpg,20260513_180332.jpg,.jpg,3106006,4608x2128,ok
Suvarnarekha,before ripening,Suvarnarekha/before ripening/20260513_180334.jpg,20260513_180334.jpg,.jpg,2695576,4608x2128,ok
Suvarnarekha,before ripening,Suvarnarekha/before ripening/20260513_180338.jpg,20260513_180338.jpg,.jpg,2712109,4608x2128,ok
Suvarnarekha,before ripening,Suvarnarekha/before ripening/20260513_180339.jpg,20260513_180339.jpg,.jpg,2726516,4608x2128,ok
Suvarnarekha,before ripening,Suvarnarekha/before ripening/20260513_180343.jpg,20260513_180343.jpg,.jpg,3120907,4608x2128,ok
Suvarnarekha,before ripening,Suvarnarekha/before ripening/20260513_180344(0).jpg,20260513_180344(0).jpg,.jpg,3122539,4608x2128,ok
Suvarnarekha,before ripening,Suvarnarekha/before ripening/20260513_180344.jpg,20260513_180344.jpg,.jpg,3159948,4608x2128,ok
Suvarnarekha,before ripening,Suvarnarekha/before ripening/20260513_180346.jpg,20260513_180346.jpg,.jpg,3104305,4608x2128,ok
Suvarnarekha,before ripening,Suvarnarekha/before ripening/20260513_180822.jpg,20260513_180822.jpg,.jpg,2642289,4608x2128,ok
Suvarnarekha,before ripening,Suvarnarekha/before ripening/20260513_180824.jpg,20260513_180824.jpg,.jpg,2687053,4608x2128,ok
Suvarnarekha,before ripening,Suvarnarekha/before ripening/20260513_180830.jpg,20260513_180830.jpg,.jpg,2625694,4608x2128,ok
Suvarnarekha,before ripening,Suvarnarekha/before ripening/20260513_180835.jpg,20260513_180835.jpg,.jpg,2751635,4608x2128,ok
Suvarnarekha,before ripening,Suvarnarekha/before ripening/20260513_180840.jpg,20260513_180840.jpg,.jpg,2698163,4608x2128,ok
Suvarnarekha,before ripening,Suvarnarekha/before ripening/20260513_180851.jpg,20260513_180851.jpg,.jpg,3069986,4608x2128,ok
Suvarnarekha,before ripening,Suvarnarekha/before ripening/20260513_180853.jpg,20260513_180853.jpg,.jpg,3132270,4608x2128,ok
Suvarnarekha,before ripening,Suvarnarekha/before ripening/20260513_180857.jpg,20260513_180857.jpg,.jpg,2861301,4608x2128,ok
Suvarnarekha,before ripening,Suvarnarekha/before ripening/20260513_180859.jpg,20260513_180859.jpg,.jpg,3070971,4608x2128,ok
Suvarnarekha,before ripening,Suvarnarekha/before ripening/20260513_52650pmByGPSMapCamera.jpg,20260513_52650pmByGPSMapCamera.jpg,.jpg,10735616,3456x4608,ok
Suvarnarekha,before ripening,Suvarnarekha/before ripening/20260513_52658pmByGPSMapCamera.jpg,20260513_52658pmByGPSMapCamera.jpg,.jpg,10704097,3456x4608,ok
Suvarnarekha,before ripening,Suvarnarekha/before ripening/20260513_52704pmByGPSMapCamera.jpg,20260513_52704pmByGPSMapCamera.jpg,.jpg,10723943,3456x4608,ok
Suvarnarekha,before ripening,Suvarnarekha/before ripening/20260513_52711pmByGPSMapCamera.jpg,20260513_52711pmByGPSMapCamera.jpg,.jpg,10919275,3456x4608,ok
Suvarnarekha,before ripening,Suvarnarekha/before ripening/20260513_52840pmByGPSMapCamera.jpg,20260513_52840pmByGPSMapCamera.jpg,.jpg,9083512,3456x4608,ok
Suvarnarekha,before ripening,Suvarnarekha/before ripening/20260513_53216pmByGPSMapCamera.jpg,20260513_53216pmByGPSMapCamera.jpg,.jpg,7920508,3456x4608,ok
Suvarnarekha,before ripening,Suvarnarekha/before ripening/20260513_53219pmByGPSMapCamera.jpg,20260513_53219pmByGPSMapCamera.jpg,.jpg,7621560,3456x4608,ok
Suvarnarekha,before ripening,Suvarnarekha/before ripening/20260513_53256pmByGPSMapCamera.jpg,20260513_53256pmByGPSMapCamera.jpg,.jpg,8447126,3456x4608,ok
Suvarnarekha,before ripening,Suvarnarekha/before ripening/20260513_53420pmByGPSMapCamera.jpg,20260513_53420pmByGPSMapCamera.jpg,.jpg,9375643,3456x4608,ok
Suvarnarekha,before ripening,Suvarnarekha/before ripening/20260513_53421pmByGPSMapCamera.jpg,20260513_53421pmByGPSMapCamera.jpg,.jpg,9287432,3456x4608,ok
Suvarnarekha,before ripening,Suvarnarekha/before ripening/20260513_53504pmByGPSMapCamera.jpg,20260513_53504pmByGPSMapCamera.jpg,.jpg,9129240,3456x4608,ok
Suvarnarekha,before ripening,Suvarnarekha/before ripening/20260513_53507pmByGPSMapCamera.jpg,20260513_53507pmByGPSMapCamera.jpg,.jpg,9256576,3456x4608,ok
Suvarnarekha,before ripening,Suvarnarekha/before ripening/20260513_53510pmByGPSMapCamera.jpg,20260513_53510pmByGPSMapCamera.jpg,.jpg,9086590,3456x4608,ok
Suvarnarekha,before ripening,Suvarnarekha/before ripening/20260513_53514pmByGPSMapCamera.jpg,20260513_53514pmByGPSMapCamera.jpg,.jpg,9496027,3456x4608,ok
Suvarnarekha,before ripening,Suvarnarekha/before ripening/20260513_53525pmByGPSMapCamera.jpg,20260513_53525pmByGPSMapCamera.jpg,.jpg,9311805,3456x4608,ok
Suvarnarekha,before ripening,Suvarnarekha/before ripening/20260513_53528pmByGPSMapCamera.jpg,20260513_53528pmByGPSMapCamera.jpg,.jpg,9408609,3456x4608,ok
Suvarnarekha,before ripening,Suvarnarekha/before ripening/20260513_53529pmByGPSMapCamera.jpg,20260513_53529pmByGPSMapCamera.jpg,.jpg,9036846,3456x4608,ok
Suvarnarekha,before ripening,Suvarnarekha/before ripening/20260513_53532pmByGPSMapCamera.jpg,20260513_53532pmByGPSMapCamera.jpg,.jpg,9079361,3456x4608,ok
Suvarnarekha,before ripening,Suvarnarekha/before ripening/20260513_53548pmByGPSMapCamera.jpg,20260513_53548pmByGPSMapCamera.jpg,.jpg,9021529,3456x4608,ok
Suvarnarekha,before ripening,Suvarnarekha/before ripening/20260513_53613pmByGPSMapCamera.jpg,20260513_53613pmByGPSMapCamera.jpg,.jpg,7802998,3456x4608,ok
Suvarnarekha,before ripening,Suvarnarekha/before ripening/20260513_53616pmByGPSMapCamera.jpg,20260513_53616pmByGPSMapCamera.jpg,.jpg,7524977,3456x4608,ok
Suvarnarekha,before ripening,Suvarnarekha/before ripening/20260513_53619pmByGPSMapCamera.jpg,20260513_53619pmByGPSMapCamera.jpg,.jpg,7476467,3456x4608,ok
Suvarnarekha,before ripening,Suvarnarekha/before ripening/20260513_53640pmByGPSMapCamera.jpg,20260513_53640pmByGPSMapCamera.jpg,.jpg,8627552,3456x4608,ok
Suvarnarekha,before ripening,Suvarnarekha/before ripening/20260513_53642pmByGPSMapCamera.jpg,20260513_53642pmByGPSMapCamera.jpg,.jpg,8645633,3456x4608,ok
Suvarnarekha,before ripening,Suvarnarekha/before ripening/20260513_53658pmByGPSMapCamera.jpg,20260513_53658pmByGPSMapCamera.jpg,.jpg,8897801,3456x4608,ok
Suvarnarekha,before ripening,Suvarnarekha/before ripening/20260513_53701pmByGPSMapCamera.jpg,20260513_53701pmByGPSMapCamera.jpg,.jpg,8825879,3456x4608,ok
Suvarnarekha,before ripening,Suvarnarekha/before ripening/20260513_53703pmByGPSMapCamera.jpg,20260513_53703pmByGPSMapCamera.jpg,.jpg,8808974,3456x4608,ok
Suvarnarekha,before ripening,Suvarnarekha/before ripening/20260513_53716pmByGPSMapCamera.jpg,20260513_53716pmByGPSMapCamera.jpg,.jpg,8607570,3456x4608,ok
Suvarnarekha,before ripening,Suvarnarekha/before ripening/20260513_53721pmByGPSMapCamera.jpg,20260513_53721pmByGPSMapCamera.jpg,.jpg,8604333,3456x4608,ok
Suvarnarekha,before ripening,Suvarnarekha/before ripening/20260513_53722pmByGPSMapCamera.jpg,20260513_53722pmByGPSMapCamera.jpg,.jpg,8306355,3456x4608,ok
Suvarnarekha,before ripening,Suvarnarekha/before ripening/20260513_53738pmByGPSMapCamera.jpg,20260513_53738pmByGPSMapCamera.jpg,.jpg,9297559,3456x4608,ok
Suvarnarekha,before ripening,Suvarnarekha/before ripening/20260513_53739pmByGPSMapCamera.jpg,20260513_53739pmByGPSMapCamera.jpg,.jpg,9269139,3456x4608,ok
Suvarnarekha,before ripening,Suvarnarekha/before ripening/20260513_53743pmByGPSMapCamera.jpg,20260513_53743pmByGPSMapCamera.jpg,.jpg,9238149,3456x4608,ok
Suvarnarekha,before ripening,Suvarnarekha/before ripening/20260513_53839pmByGPSMapCamera.jpg,20260513_53839pmByGPSMapCamera.jpg,.jpg,7788689,3456x4608,ok
Suvarnarekha,before ripening,Suvarnarekha/before ripening/20260513_53842pmByGPSMapCamera.jpg,20260513_53842pmByGPSMapCamera.jpg,.jpg,8039426,3456x4608,ok
Suvarnarekha,before ripening,Suvarnarekha/before ripening/20260513_53927pmByGPSMapCamera.jpg,20260513_53927pmByGPSMapCamera.jpg,.jpg,7906654,3456x4608,ok
Suvarnarekha,before ripening,Suvarnarekha/before ripening/20260513_53929pmByGPSMapCamera.jpg,20260513_53929pmByGPSMapCamera.jpg,.jpg,7875374,3456x4608,ok
Suvarnarekha,before ripening,Suvarnarekha/before ripening/20260513_53945pmByGPSMapCamera.jpg,20260513_53945pmByGPSMapCamera.jpg,.jpg,7272541,3456x4608,ok
Suvarnarekha,before ripening,Suvarnarekha/before ripening/20260513_53947pmByGPSMapCamera.jpg,20260513_53947pmByGPSMapCamera.jpg,.jpg,7265765,3456x4608,ok
Suvarnarekha,before ripening,Suvarnarekha/before ripening/20260513_53952pmByGPSMapCamera.jpg,20260513_53952pmByGPSMapCamera.jpg,.jpg,7305271,3456x4608,ok
Suvarnarekha,before ripening,Suvarnarekha/before ripening/20260513_53955pmByGPSMapCamera.jpg,20260513_53955pmByGPSMapCamera.jpg,.jpg,7488528,3456x4608,ok
Suvarnarekha,before ripening,Suvarnarekha/before ripening/20260513_53959pmByGPSMapCamera.jpg,20260513_53959pmByGPSMapCamera.jpg,.jpg,7610471,3456x4608,ok
Suvarnarekha,before ripening,Suvarnarekha/before ripening/20260513_54054pmByGPSMapCamera.jpg,20260513_54054pmByGPSMapCamera.jpg,.jpg,7632123,3456x4608,ok
Suvarnarekha,before ripening,Suvarnarekha/before ripening/20260513_54056pmByGPSMapCamera.jpg,20260513_54056pmByGPSMapCamera.jpg,.jpg,7837276,3456x4608,ok
Suvarnarekha,before ripening,Suvarnarekha/before ripening/20260513_54128pmByGPSMapCamera.jpg,20260513_54128pmByGPSMapCamera.jpg,.jpg,8593725,3456x4608,ok
Suvarnarekha,before ripening,Suvarnarekha/before ripening/20260513_54129pmByGPSMapCamera.jpg,20260513_54129pmByGPSMapCamera.jpg,.jpg,8533175,3456x4608,ok
Suvarnarekha,before ripening,Suvarnarekha/before ripening/20260513_54134pmByGPSMapCamera.jpg,20260513_54134pmByGPSMapCamera.jpg,.jpg,8714223,3456x4608,ok
Suvarnarekha,before ripening,Suvarnarekha/before ripening/20260513_54143pmByGPSMapCamera.jpg,20260513_54143pmByGPSMapCamera.jpg,.jpg,8487253,3456x4608,ok
Suvarnarekha,before ripening,Suvarnarekha/before ripening/20260513_54231pmByGPSMapCamera.jpg,20260513_54231pmByGPSMapCamera.jpg,.jpg,7374338,3456x4608,ok
Suvarnarekha,before ripening,Suvarnarekha/before ripening/20260513_54234pmByGPSMapCamera.jpg,20260513_54234pmByGPSMapCamera.jpg,.jpg,8295375,3456x4608,ok
Suvarnarekha,before ripening,Suvarnarekha/before ripening/20260513_54236pmByGPSMapCamera.jpg,20260513_54236pmByGPSMapCamera.jpg,.jpg,8258808,3456x4608,ok
Suvarnarekha,before ripening,Suvarnarekha/before ripening/20260513_54256pmByGPSMapCamera.jpg,20260513_54256pmByGPSMapCamera.jpg,.jpg,10673443,3456x4608,ok
Suvarnarekha,before ripening,Suvarnarekha/before ripening/20260513_54307pmByGPSMapCamera.jpg,20260513_54307pmByGPSMapCamera.jpg,.jpg,8121905,3456x4608,ok
Suvarnarekha,before ripening,Suvarnarekha/before ripening/20260513_54308pmByGPSMapCamera.jpg,20260513_54308pmByGPSMapCamera.jpg,.jpg,7994319,3456x4608,ok
Suvarnarekha,before ripening,Suvarnarekha/before ripening/20260513_54358pmByGPSMapCamera.jpg,20260513_54358pmByGPSMapCamera.jpg,.jpg,10025142,3456x4608,ok
Suvarnarekha,before ripening,Suvarnarekha/before ripening/20260513_54401pmByGPSMapCamera.jpg,20260513_54401pmByGPSMapCamera.jpg,.jpg,10177626,3456x4608,ok
Suvarnarekha,before ripening,Suvarnarekha/before ripening/20260513_54405pmByGPSMapCamera.jpg,20260513_54405pmByGPSMapCamera.jpg,.jpg,10224847,3456x4608,ok
Suvarnarekha,before ripening,Suvarnarekha/before ripening/20260513_54415pmByGPSMapCamera.jpg,20260513_54415pmByGPSMapCamera.jpg,.jpg,10641110,3456x4608,ok
Suvarnarekha,before ripening,Suvarnarekha/before ripening/20260513_54427pmByGPSMapCamera.jpg,20260513_54427pmByGPSMapCamera.jpg,.jpg,7916105,3456x4608,ok
Suvarnarekha,before ripening,Suvarnarekha/before ripening/20260513_54505pmByGPSMapCamera.jpg,20260513_54505pmByGPSMapCamera.jpg,.jpg,8954456,3456x4608,ok
Suvarnarekha,before ripening,Suvarnarekha/before ripening/20260513_54507pmByGPSMapCamera.jpg,20260513_54507pmByGPSMapCamera.jpg,.jpg,8272274,3456x4608,ok
Suvarnarekha,before ripening,Suvarnarekha/before ripening/20260513_54517pmByGPSMapCamera.jpg,20260513_54517pmByGPSMapCamera.jpg,.jpg,8563843,3456x4608,ok
Suvarnarekha,before ripening,Suvarnarekha/before ripening/20260513_54519pmByGPSMapCamera.jpg,20260513_54519pmByGPSMapCamera.jpg,.jpg,8377297,3456x4608,ok
Suvarnarekha,before ripening,Suvarnarekha/before ripening/20260513_54616pmByGPSMapCamera.jpg,20260513_54616pmByGPSMapCamera.jpg,.jpg,7735894,3456x4608,ok
Suvarnarekha,before ripening,Suvarnarekha/before ripening/20260513_54619pmByGPSMapCamera.jpg,20260513_54619pmByGPSMapCamera.jpg,.jpg,8110874,3456x4608,ok
Suvarnarekha,before ripening,Suvarnarekha/before ripening/20260513_54622pmByGPSMapCamera.jpg,20260513_54622pmByGPSMapCamera.jpg,.jpg,8021344,3456x4608,ok
Suvarnarekha,before ripening,Suvarnarekha/before ripening/20260513_54730pmByGPSMapCamera.jpg,20260513_54730pmByGPSMapCamera.jpg,.jpg,7159255,3456x4608,ok
Suvarnarekha,before ripening,Suvarnarekha/before ripening/20260513_54732pmByGPSMapCamera.jpg,20260513_54732pmByGPSMapCamera.jpg,.jpg,7466945,3456x4608,ok
Suvarnarekha,before ripening,Suvarnarekha/before ripening/20260513_54736pmByGPSMapCamera.jpg,20260513_54736pmByGPSMapCamera.jpg,.jpg,7218988,3456x4608,ok
Suvarnarekha,before ripening,Suvarnarekha/before ripening/20260513_54831pmByGPSMapCamera.jpg,20260513_54831pmByGPSMapCamera.jpg,.jpg,7302989,3456x4608,ok
Suvarnarekha,before ripening,Suvarnarekha/before ripening/20260513_54837pmByGPSMapCamera.jpg,20260513_54837pmByGPSMapCamera.jpg,.jpg,7129396,3456x4608,ok
Suvarnarekha,before ripening,Suvarnarekha/before ripening/20260513_54914pmByGPSMapCamera.jpg,20260513_54914pmByGPSMapCamera.jpg,.jpg,7452408,3456x4608,ok
Suvarnarekha,before ripening,Suvarnarekha/before ripening/20260514_110514.jpg,20260514_110514.jpg,.jpg,2483432,4608x2128,ok
Suvarnarekha,before ripening,Suvarnarekha/before ripening/20260514_110516.jpg,20260514_110516.jpg,.jpg,2475145,4608x2128,ok
Suvarnarekha,before ripening,Suvarnarekha/before ripening/20260514_110518.jpg,20260514_110518.jpg,.jpg,2476328,4608x2128,ok
Suvarnarekha,before ripening,Suvarnarekha/before ripening/20260514_110520.jpg,20260514_110520.jpg,.jpg,2495351,4608x2128,ok
Suvarnarekha,before ripening,Suvarnarekha/before ripening/20260514_110521.jpg,20260514_110521.jpg,.jpg,2526538,4608x2128,ok
Suvarnarekha,before ripening,Suvarnarekha/before ripening/20260514_110523.jpg,20260514_110523.jpg,.jpg,2522396,4608x2128,ok
Suvarnarekha,before ripening,Suvarnarekha/before ripening/20260514_110525.jpg,20260514_110525.jpg,.jpg,2494433,4608x2128,ok
Suvarnarekha,before ripening,Suvarnarekha/before ripening/20260514_110558.jpg,20260514_110558.jpg,.jpg,2284176,4608x2128,ok
Suvarnarekha,before ripening,Suvarnarekha/before ripening/20260514_110600.jpg,20260514_110600.jpg,.jpg,2401153,4608x2128,ok
Suvarnarekha,before ripening,Suvarnarekha/before ripening/20260514_110602.jpg,20260514_110602.jpg,.jpg,2438020,4608x2128,ok
Suvarnarekha,before ripening,Suvarnarekha/before ripening/20260514_110605.jpg,20260514_110605.jpg,.jpg,2342702,4608x2128,ok
Suvarnarekha,before ripening,Suvarnarekha/before ripening/20260514_110607.jpg,20260514_110607.jpg,.jpg,2382812,4608x2128,ok
Suvarnarekha,before ripening,Suvarnarekha/before ripening/20260514_110609.jpg,20260514_110609.jpg,.jpg,2461708,4608x2128,ok
Suvarnarekha,before ripening,Suvarnarekha/before ripening/20260514_110630.jpg,20260514_110630.jpg,.jpg,2521046,4608x2128,ok
Suvarnarekha,before ripening,Suvarnarekha/before ripening/20260514_110631.jpg,20260514_110631.jpg,.jpg,2501879,4608x2128,ok
Suvarnarekha,before ripening,Suvarnarekha/before ripening/20260514_110633.jpg,20260514_110633.jpg,.jpg,2558302,4608x2128,ok
Suvarnarekha,before ripening,Suvarnarekha/before ripening/20260514_110635.jpg,20260514_110635.jpg,.jpg,2401504,4608x2128,ok
Suvarnarekha,before ripening,Suvarnarekha/before ripening/20260514_110654.jpg,20260514_110654.jpg,.jpg,2482206,4608x2128,ok
Suvarnarekha,before ripening,Suvarnarekha/before ripening/20260514_110702.jpg,20260514_110702.jpg,.jpg,2449577,4608x2128,ok
Suvarnarekha,before ripening,Suvarnarekha/before ripening/20260514_110704.jpg,20260514_110704.jpg,.jpg,2615724,4608x2128,ok
Suvarnarekha,before ripening,Suvarnarekha/before ripening/20260514_110706.jpg,20260514_110706.jpg,.jpg,2423558,4608x2128,ok
Suvarnarekha,before ripening,Suvarnarekha/before ripening/20260514_110709.jpg,20260514_110709.jpg,.jpg,2449332,4608x2128,ok
Suvarnarekha,before ripening,Suvarnarekha/before ripening/20260514_110819.jpg,20260514_110819.jpg,.jpg,2523420,4608x2128,ok
Suvarnarekha,before ripening,Suvarnarekha/before ripening/20260514_110821.jpg,20260514_110821.jpg,.jpg,2333669,4608x2128,ok
Suvarnarekha,before ripening,Suvarnarekha/before ripening/20260514_110824.jpg,20260514_110824.jpg,.jpg,2499917,4608x2128,ok
Suvarnarekha,before ripening,Suvarnarekha/before ripening/20260514_110826.jpg,20260514_110826.jpg,.jpg,2550957,4608x2128,ok
Suvarnarekha,before ripening,Suvarnarekha/before ripening/20260514_110828.jpg,20260514_110828.jpg,.jpg,2527020,4608x2128,ok
Suvarnarekha,before ripening,Suvarnarekha/before ripening/20260514_110830.jpg,20260514_110830.jpg,.jpg,2548848,4608x2128,ok
Suvarnarekha,before ripening,Suvarnarekha/before ripening/20260514_110848.jpg,20260514_110848.jpg,.jpg,2333563,4608x2128,ok
Suvarnarekha,before ripening,Suvarnarekha/before ripening/20260514_110850.jpg,20260514_110850.jpg,.jpg,2577846,4608x2128,ok
Suvarnarekha,before ripening,Suvarnarekha/before ripening/20260514_110852.jpg,20260514_110852.jpg,.jpg,2677866,4608x2128,ok
Suvarnarekha,before ripening,Suvarnarekha/before ripening/20260514_110854.jpg,20260514_110854.jpg,.jpg,2628576,4608x2128,ok
Suvarnarekha,before ripening,Suvarnarekha/before ripening/20260514_110859.jpg,20260514_110859.jpg,.jpg,2597794,4608x2128,ok
Suvarnarekha,before ripening,Suvarnarekha/before ripening/20260514_110901.jpg,20260514_110901.jpg,.jpg,2629359,4608x2128,ok
Suvarnarekha,before ripening,Suvarnarekha/before ripening/20260514_111003.jpg,20260514_111003.jpg,.jpg,2493069,4608x2128,ok
Suvarnarekha,before ripening,Suvarnarekha/before ripening/20260514_111005.jpg,20260514_111005.jpg,.jpg,2457481,4608x2128,ok
Suvarnarekha,before ripening,Suvarnarekha/before ripening/20260514_111008.jpg,20260514_111008.jpg,.jpg,2485913,4608x2128,ok
Suvarnarekha,before ripening,Suvarnarekha/before ripening/20260514_111010.jpg,20260514_111010.jpg,.jpg,2385852,4608x2128,ok
Suvarnarekha,before ripening,Suvarnarekha/before ripening/20260514_111023.jpg,20260514_111023.jpg,.jpg,2507241,4608x2128,ok
Suvarnarekha,before ripening,Suvarnarekha/before ripening/20260514_111025.jpg,20260514_111025.jpg,.jpg,2573984,4608x2128,ok
Suvarnarekha,before ripening,Suvarnarekha/before ripening/20260514_111027.jpg,20260514_111027.jpg,.jpg,2556374,4608x2128,ok
Suvarnarekha,before ripening,Suvarnarekha/before ripening/20260514_111029.jpg,20260514_111029.jpg,.jpg,2564137,4608x2128,ok
Suvarnarekha,before ripening,Suvarnarekha/before ripening/20260514_111033.jpg,20260514_111033.jpg,.jpg,2530058,4608x2128,ok
Suvarnarekha,before ripening,Suvarnarekha/before ripening/20260514_111035.jpg,20260514_111035.jpg,.jpg,2566173,4608x2128,ok
Suvarnarekha,before ripening,Suvarnarekha/before ripening/20260514_111100.jpg,20260514_111100.jpg,.jpg,2386261,4608x2128,ok
Suvarnarekha,before ripening,Suvarnarekha/before ripening/20260514_111104.jpg,20260514_111104.jpg,.jpg,2422876,4608x2128,ok
Suvarnarekha,before ripening,Suvarnarekha/before ripening/20260514_111106.jpg,20260514_111106.jpg,.jpg,2539147,4608x2128,ok
Suvarnarekha,before ripening,Suvarnarekha/before ripening/20260514_111107.jpg,20260514_111107.jpg,.jpg,2518258,4608x2128,ok
Suvarnarekha,before ripening,Suvarnarekha/before ripening/20260514_111110.jpg,20260514_111110.jpg,.jpg,2519695,4608x2128,ok
Suvarnarekha,before ripening,Suvarnarekha/before ripening/20260514_111138.jpg,20260514_111138.jpg,.jpg,2417703,4608x2128,ok
Suvarnarekha,before ripening,Suvarnarekha/before ripening/20260514_111140.jpg,20260514_111140.jpg,.jpg,2421850,4608x2128,ok
Suvarnarekha,before ripening,Suvarnarekha/before ripening/20260514_111142.jpg,20260514_111142.jpg,.jpg,2523176,4608x2128,ok
Suvarnarekha,before ripening,Suvarnarekha/before ripening/20260514_111144.jpg,20260514_111144.jpg,.jpg,2536352,4608x2128,ok
Suvarnarekha,before ripening,Suvarnarekha/before ripening/20260514_111224.jpg,20260514_111224.jpg,.jpg,2518245,4608x2128,ok
Suvarnarekha,before ripening,Suvarnarekha/before ripening/20260514_111226.jpg,20260514_111226.jpg,.jpg,2560383,4608x2128,ok
Suvarnarekha,before ripening,Suvarnarekha/before ripening/20260514_111228.jpg,20260514_111228.jpg,.jpg,2527474,4608x2128,ok
Suvarnarekha,before ripening,Suvarnarekha/before ripening/20260514_111230.jpg,20260514_111230.jpg,.jpg,2576756,4608x2128,ok
Suvarnarekha,before ripening,Suvarnarekha/before ripening/20260514_111248.jpg,20260514_111248.jpg,.jpg,544559,3264x1504,ok
Suvarnarekha,before ripening,Suvarnarekha/before ripening/20260514_111252.jpg,20260514_111252.jpg,.jpg,655686,3264x1504,ok
Suvarnarekha,before ripening,Suvarnarekha/before ripening/20260514_111307.jpg,20260514_111307.jpg,.jpg,2483318,4608x2128,ok
Suvarnarekha,before ripening,Suvarnarekha/before ripening/20260514_111309.jpg,20260514_111309.jpg,.jpg,2402624,4608x2128,ok
Suvarnarekha,before ripening,Suvarnarekha/before ripening/20260514_111312.jpg,20260514_111312.jpg,.jpg,2494846,4608x2128,ok
Suvarnarekha,before ripening,Suvarnarekha/before ripening/20260514_111324.jpg,20260514_111324.jpg,.jpg,2513994,4608x2128,ok
Suvarnarekha,before ripening,Suvarnarekha/before ripening/20260514_111326.jpg,20260514_111326.jpg,.jpg,2434419,4608x2128,ok
Suvarnarekha,before ripening,Suvarnarekha/before ripening/20260514_111329.jpg,20260514_111329.jpg,.jpg,2663679,4608x2128,ok
Suvarnarekha,before ripening,Suvarnarekha/before ripening/20260514_111331.jpg,20260514_111331.jpg,.jpg,2724308,4608x2128,ok
Suvarnarekha,before ripening,Suvarnarekha/before ripening/20260514_111333.jpg,20260514_111333.jpg,.jpg,2738479,4608x2128,ok
Suvarnarekha,before ripening,Suvarnarekha/before ripening/20260514_111335.jpg,20260514_111335.jpg,.jpg,2626434,4608x2128,ok
Suvarnarekha,before ripening,Suvarnarekha/before ripening/20260514_111337.jpg,20260514_111337.jpg,.jpg,2718175,4608x2128,ok
Suvarnarekha,before ripening,Suvarnarekha/before ripening/20260514_111442.jpg,20260514_111442.jpg,.jpg,2434699,4608x2128,ok
Suvarnarekha,before ripening,Suvarnarekha/before ripening/20260514_111445.jpg,20260514_111445.jpg,.jpg,2531114,4608x2128,ok
Suvarnarekha,before ripening,Suvarnarekha/before ripening/20260514_111447.jpg,20260514_111447.jpg,.jpg,2573227,4608x2128,ok
Suvarnarekha,before ripening,Suvarnarekha/before ripening/20260514_111449.jpg,20260514_111449.jpg,.jpg,2631981,4608x2128,ok
Suvarnarekha,before ripening,Suvarnarekha/before ripening/20260514_111451.jpg,20260514_111451.jpg,.jpg,2619941,4608x2128,ok
Suvarnarekha,before ripening,Suvarnarekha/before ripening/20260514_111452.jpg,20260514_111452.jpg,.jpg,2656196,4608x2128,ok
Suvarnarekha,before ripening,Suvarnarekha/before ripening/20260514_111521.jpg,20260514_111521.jpg,.jpg,2512554,4608x2128,ok
Suvarnarekha,before ripening,Suvarnarekha/before ripening/20260514_111523.jpg,20260514_111523.jpg,.jpg,2566927,4608x2128,ok
Suvarnarekha,before ripening,Suvarnarekha/before ripening/20260514_111525.jpg,20260514_111525.jpg,.jpg,2550157,4608x2128,ok
Suvarnarekha,before ripening,Suvarnarekha/before ripening/20260514_111527.jpg,20260514_111527.jpg,.jpg,2585005,4608x2128,ok
Suvarnarekha,before ripening,Suvarnarekha/before ripening/20260514_111529.jpg,20260514_111529.jpg,.jpg,2554424,4608x2128,ok
Suvarnarekha,before ripening,Suvarnarekha/before ripening/20260514_111531.jpg,20260514_111531.jpg,.jpg,2551336,4608x2128,ok
Suvarnarekha,before ripening,Suvarnarekha/before ripening/20260514_111544.jpg,20260514_111544.jpg,.jpg,2532158,4608x2128,ok
Suvarnarekha,before ripening,Suvarnarekha/before ripening/20260514_111546.jpg,20260514_111546.jpg,.jpg,2581645,4608x2128,ok
Suvarnarekha,before ripening,Suvarnarekha/before ripening/20260514_111548.jpg,20260514_111548.jpg,.jpg,2620588,4608x2128,ok
Suvarnarekha,before ripening,Suvarnarekha/before ripening/20260514_111725.jpg,20260514_111725.jpg,.jpg,2620539,4608x2128,ok
Suvarnarekha,before ripening,Suvarnarekha/before ripening/20260514_111727.jpg,20260514_111727.jpg,.jpg,2595602,4608x2128,ok
Suvarnarekha,before ripening,Suvarnarekha/before ripening/20260514_111729.jpg,20260514_111729.jpg,.jpg,2600066,4608x2128,ok
Suvarnarekha,before ripening,Suvarnarekha/before ripening/20260514_111731.jpg,20260514_111731.jpg,.jpg,2641132,4608x2128,ok
Suvarnarekha,before ripening,Suvarnarekha/before ripening/20260514_111752.jpg,20260514_111752.jpg,.jpg,2722896,4608x2128,ok
Suvarnarekha,before ripening,Suvarnarekha/before ripening/20260514_111754.jpg,20260514_111754.jpg,.jpg,2750882,4608x2128,ok
Suvarnarekha,before ripening,Suvarnarekha/before ripening/20260514_111756.jpg,20260514_111756.jpg,.jpg,2623753,4608x2128,ok
Suvarnarekha,before ripening,Suvarnarekha/before ripening/20260514_111758.jpg,20260514_111758.jpg,.jpg,2574221,4608x2128,ok
Suvarnarekha,before ripening,Suvarnarekha/before ripening/20260514_111828.jpg,20260514_111828.jpg,.jpg,2323172,4608x2128,ok
Suvarnarekha,before ripening,Suvarnarekha/before ripening/20260514_111830.jpg,20260514_111830.jpg,.jpg,2427647,4608x2128,ok
Suvarnarekha,before ripening,Suvarnarekha/before ripening/20260514_111832.jpg,20260514_111832.jpg,.jpg,2467127,4608x2128,ok
Suvarnarekha,before ripening,Suvarnarekha/before ripening/20260514_111834.jpg,20260514_111834.jpg,.jpg,2466177,4608x2128,ok
Suvarnarekha,before ripening,Suvarnarekha/before ripening/20260514_111930.jpg,20260514_111930.jpg,.jpg,2523950,4608x2128,ok
Suvarnarekha,before ripening,Suvarnarekha/before ripening/20260514_111932.jpg,20260514_111932.jpg,.jpg,2528750,4608x2128,ok
Suvarnarekha,before ripening,Suvarnarekha/before ripening/20260514_111934.jpg,20260514_111934.jpg,.jpg,2579687,4608x2128,ok
Suvarnarekha,before ripening,Suvarnarekha/before ripening/20260514_111936.jpg,20260514_111936.jpg,.jpg,2573066,4608x2128,ok
Suvarnarekha,before ripening,Suvarnarekha/before ripening/20260514_111937.jpg,20260514_111937.jpg,.jpg,2584996,4608x2128,ok
Suvarnarekha,before ripening,Suvarnarekha/before ripening/20260514_111954.jpg,20260514_111954.jpg,.jpg,2408780,4608x2128,ok
Suvarnarekha,before ripening,Suvarnarekha/before ripening/20260514_111955.jpg,20260514_111955.jpg,.jpg,2339656,4608x2128,ok
Suvarnarekha,before ripening,Suvarnarekha/before ripening/20260514_111957.jpg,20260514_111957.jpg,.jpg,2452751,4608x2128,ok
Suvarnarekha,before ripening,Suvarnarekha/before ripening/20260514_112011.jpg,20260514_112011.jpg,.jpg,2471568,4608x2128,ok
Suvarnarekha,before ripening,Suvarnarekha/before ripening/20260514_112013.jpg,20260514_112013.jpg,.jpg,2360293,4608x2128,ok
Suvarnarekha,before ripening,Suvarnarekha/before ripening/20260514_112015.jpg,20260514_112015.jpg,.jpg,2441161,4608x2128,ok
Suvarnarekha,before ripening,Suvarnarekha/before ripening/20260514_112017.jpg,20260514_112017.jpg,.jpg,2172811,4608x2128,ok
Suvarnarekha,before ripening,Suvarnarekha/before ripening/20260514_112019.jpg,20260514_112019.jpg,.jpg,2437825,4608x2128,ok
Suvarnarekha,before ripening,Suvarnarekha/before ripening/20260514_112021.jpg,20260514_112021.jpg,.jpg,2448601,4608x2128,ok
Suvarnarekha,before ripening,Suvarnarekha/before ripening/20260514_112022.jpg,20260514_112022.jpg,.jpg,2343596,4608x2128,ok
Suvarnarekha,before ripening,Suvarnarekha/before ripening/20260514_112037.jpg,20260514_112037.jpg,.jpg,2368462,4608x2128,ok
Suvarnarekha,before ripening,Suvarnarekha/before ripening/20260514_112039.jpg,20260514_112039.jpg,.jpg,2454468,4608x2128,ok
Suvarnarekha,before ripening,Suvarnarekha/before ripening/20260514_112041.jpg,20260514_112041.jpg,.jpg,2423366,4608x2128,ok
Suvarnarekha,before ripening,Suvarnarekha/before ripening/20260514_112043.jpg,20260514_112043.jpg,.jpg,2423539,4608x2128,ok
Suvarnarekha,before ripening,Suvarnarekha/before ripening/20260514_112045.jpg,20260514_112045.jpg,.jpg,2449215,4608x2128,ok
Suvarnarekha,before ripening,Suvarnarekha/before ripening/20260514_112047.jpg,20260514_112047.jpg,.jpg,2490149,4608x2128,ok
Suvarnarekha,before ripening,Suvarnarekha/before ripening/20260514_112049.jpg,20260514_112049.jpg,.jpg,2516982,4608x2128,ok
Suvarnarekha,before ripening,Suvarnarekha/before ripening/20260514_112103.jpg,20260514_112103.jpg,.jpg,1968801,4608x2128,ok
Suvarnarekha,before ripening,Suvarnarekha/before ripening/20260514_112105.jpg,20260514_112105.jpg,.jpg,2332612,4608x2128,ok
Suvarnarekha,before ripening,Suvarnarekha/before ripening/20260514_112119.jpg,20260514_112119.jpg,.jpg,2680869,4608x2128,ok
Suvarnarekha,before ripening,Suvarnarekha/before ripening/20260514_112121.jpg,20260514_112121.jpg,.jpg,2688148,4608x2128,ok
Suvarnarekha,before ripening,Suvarnarekha/before ripening/20260514_112131.jpg,20260514_112131.jpg,.jpg,2659975,4608x2128,ok
Suvarnarekha,before ripening,Suvarnarekha/before ripening/20260514_112133.jpg,20260514_112133.jpg,.jpg,2648953,4608x2128,ok
Suvarnarekha,before ripening,Suvarnarekha/before ripening/20260514_112135.jpg,20260514_112135.jpg,.jpg,2686716,4608x2128,ok
Suvarnarekha,before ripening,Suvarnarekha/before ripening/20260514_112209.jpg,20260514_112209.jpg,.jpg,2504565,4608x2128,ok
Suvarnarekha,before ripening,Suvarnarekha/before ripening/20260514_112211.jpg,20260514_112211.jpg,.jpg,2543960,4608x2128,ok
Suvarnarekha,before ripening,Suvarnarekha/before ripening/20260514_112214.jpg,20260514_112214.jpg,.jpg,2551495,4608x2128,ok
Suvarnarekha,before ripening,Suvarnarekha/before ripening/20260514_112215.jpg,20260514_112215.jpg,.jpg,2576125,4608x2128,ok
Suvarnarekha,before ripening,Suvarnarekha/before ripening/20260514_112217.jpg,20260514_112217.jpg,.jpg,2591708,4608x2128,ok
Suvarnarekha,before ripening,Suvarnarekha/before ripening/20260514_112219.jpg,20260514_112219.jpg,.jpg,2597944,4608x2128,ok
Suvarnarekha,before ripening,Suvarnarekha/before ripening/20260514_112240.jpg,20260514_112240.jpg,.jpg,2348912,4608x2128,ok
Suvarnarekha,before ripening,Suvarnarekha/before ripening/20260514_112242.jpg,20260514_112242.jpg,.jpg,2498939,4608x2128,ok
Suvarnarekha,before ripening,Suvarnarekha/before ripening/20260514_112244.jpg,20260514_112244.jpg,.jpg,2547010,4608x2128,ok
Suvarnarekha,before ripening,Suvarnarekha/before ripening/20260514_112245.jpg,20260514_112245.jpg,.jpg,2496514,4608x2128,ok
Suvarnarekha,before ripening,Suvarnarekha/before ripening/20260514_112247.jpg,20260514_112247.jpg,.jpg,2497498,4608x2128,ok
Suvarnarekha,before ripening,Suvarnarekha/before ripening/20260514_112249.jpg,20260514_112249.jpg,.jpg,2534694,4608x2128,ok
Suvarnarekha,before ripening,Suvarnarekha/before ripening/20260514_112308.jpg,20260514_112308.jpg,.jpg,2221695,4608x2128,ok
Suvarnarekha,before ripening,Suvarnarekha/before ripening/20260514_112311.jpg,20260514_112311.jpg,.jpg,2581548,4608x2128,ok
Suvarnarekha,before ripening,Suvarnarekha/before ripening/20260514_112313.jpg,20260514_112313.jpg,.jpg,2518946,4608x2128,ok
Suvarnarekha,before ripening,Suvarnarekha/before ripening/20260514_112315.jpg,20260514_112315.jpg,.jpg,2525659,4608x2128,ok
Suvarnarekha,before ripening,Suvarnarekha/before ripening/20260514_112321.jpg,20260514_112321.jpg,.jpg,2507359,4608x2128,ok
Suvarnarekha,before ripening,Suvarnarekha/before ripening/20260514_112339.jpg,20260514_112339.jpg,.jpg,2715823,4608x2128,ok
Suvarnarekha,before ripening,Suvarnarekha/before ripening/20260514_112343.jpg,20260514_112343.jpg,.jpg,2678543,4608x2128,ok
Suvarnarekha,before ripening,Suvarnarekha/before ripening/20260514_112348.jpg,20260514_112348.jpg,.jpg,2579165,4608x2128,ok
Suvarnarekha,before ripening,Suvarnarekha/before ripening/20260514_112350.jpg,20260514_112350.jpg,.jpg,2643314,4608x2128,ok
Suvarnarekha,before ripening,Suvarnarekha/before ripening/20260514_112352.jpg,20260514_112352.jpg,.jpg,2663362,4608x2128,ok
Suvarnarekha,before ripening,Suvarnarekha/before ripening/20260514_112354.jpg,20260514_112354.jpg,.jpg,2570394,4608x2128,ok
Suvarnarekha,before ripening,Suvarnarekha/before ripening/20260514_112356.jpg,20260514_112356.jpg,.jpg,2621691,4608x2128,ok
Suvarnarekha,before ripening,Suvarnarekha/before ripening/20260514_112459.jpg,20260514_112459.jpg,.jpg,2496705,4608x2128,ok
Suvarnarekha,before ripening,Suvarnarekha/before ripening/20260514_112501.jpg,20260514_112501.jpg,.jpg,2518673,4608x2128,ok
Suvarnarekha,before ripening,Suvarnarekha/before ripening/20260514_112502.jpg,20260514_112502.jpg,.jpg,2520122,4608x2128,ok
Suvarnarekha,before ripening,Suvarnarekha/before ripening/20260514_112504.jpg,20260514_112504.jpg,.jpg,2500435,4608x2128,ok
Suvarnarekha,before ripening,Suvarnarekha/before ripening/20260514_112505.jpg,20260514_112505.jpg,.jpg,2496458,4608x2128,ok
Suvarnarekha,before ripening,Suvarnarekha/before ripening/20260514_112521.jpg,20260514_112521.jpg,.jpg,2507790,4608x2128,ok
Suvarnarekha,before ripening,Suvarnarekha/before ripening/20260514_112523.jpg,20260514_112523.jpg,.jpg,2514416,4608x2128,ok
Suvarnarekha,before ripening,Suvarnarekha/before ripening/20260514_112524.jpg,20260514_112524.jpg,.jpg,2509283,4608x2128,ok
Suvarnarekha,before ripening,Suvarnarekha/before ripening/20260514_112526.jpg,20260514_112526.jpg,.jpg,2456146,4608x2128,ok
Suvarnarekha,before ripening,Suvarnarekha/before ripening/20260514_112528.jpg,20260514_112528.jpg,.jpg,2500519,4608x2128,ok
Suvarnarekha,before ripening,Suvarnarekha/before ripening/20260514_112559.jpg,20260514_112559.jpg,.jpg,2517509,4608x2128,ok
Suvarnarekha,before ripening,Suvarnarekha/before ripening/20260514_112601.jpg,20260514_112601.jpg,.jpg,2702103,4608x2128,ok
Suvarnarekha,before ripening,Suvarnarekha/before ripening/20260514_112603.jpg,20260514_112603.jpg,.jpg,2478177,4608x2128,ok
Suvarnarekha,before ripening,Suvarnarekha/before ripening/20260514_112616.jpg,20260514_112616.jpg,.jpg,2031939,4608x2128,ok
Suvarnarekha,before ripening,Suvarnarekha/before ripening/20260514_112620.jpg,20260514_112620.jpg,.jpg,2307489,4608x2128,ok
Suvarnarekha,before ripening,Suvarnarekha/before ripening/20260514_112622.jpg,20260514_112622.jpg,.jpg,2441392,4608x2128,ok
Suvarnarekha,before ripening,Suvarnarekha/before ripening/20260514_112624.jpg,20260514_112624.jpg,.jpg,2600640,4608x2128,ok
Suvarnarekha,before ripening,Suvarnarekha/before ripening/20260514_112626.jpg,20260514_112626.jpg,.jpg,2623768,4608x2128,ok
Suvarnarekha,before ripening,Suvarnarekha/before ripening/20260514_112628.jpg,20260514_112628.jpg,.jpg,2598373,4608x2128,ok
Suvarnarekha,before ripening,Suvarnarekha/before ripening/20260514_112631.jpg,20260514_112631.jpg,.jpg,2460322,4608x2128,ok
Suvarnarekha,before ripening,Suvarnarekha/before ripening/20260514_112640.jpg,20260514_112640.jpg,.jpg,2539534,4608x2128,ok
Suvarnarekha,before ripening,Suvarnarekha/before ripening/20260514_112643.jpg,20260514_112643.jpg,.jpg,2440397,4608x2128,ok
Suvarnarekha,before ripening,Suvarnarekha/before ripening/20260514_112645.jpg,20260514_112645.jpg,.jpg,2656061,4608x2128,ok
Suvarnarekha,before ripening,Suvarnarekha/before ripening/20260519_174204.jpg,20260519_174204.jpg,.jpg,2734289,4608x2128,ok
Suvarnarekha,before ripening,Suvarnarekha/before ripening/20260519_174209.jpg,20260519_174209.jpg,.jpg,2654031,4608x2128,ok
Suvarnarekha,before ripening,Suvarnarekha/before ripening/20260519_174211.jpg,20260519_174211.jpg,.jpg,2668520,4608x2128,ok
Suvarnarekha,before ripening,Suvarnarekha/before ripening/20260519_174214.jpg,20260519_174214.jpg,.jpg,2602249,4608x2128,ok
Suvarnarekha,before ripening,Suvarnarekha/before ripening/20260519_174215.jpg,20260519_174215.jpg,.jpg,2581280,4608x2128,ok
Suvarnarekha,before ripening,Suvarnarekha/before ripening/20260519_174224.jpg,20260519_174224.jpg,.jpg,2670437,4608x2128,ok
Suvarnarekha,before ripening,Suvarnarekha/before ripening/20260519_174225.jpg,20260519_174225.jpg,.jpg,2594568,4608x2128,ok
Suvarnarekha,before ripening,Suvarnarekha/before ripening/20260519_174226.jpg,20260519_174226.jpg,.jpg,2643995,4608x2128,ok
Suvarnarekha,before ripening,Suvarnarekha/before ripening/20260519_174228.jpg,20260519_174228.jpg,.jpg,2677670,4608x2128,ok
Suvarnarekha,before ripening,Suvarnarekha/before ripening/20260519_174258.jpg,20260519_174258.jpg,.jpg,2225753,4608x2128,ok
Suvarnarekha,before ripening,Suvarnarekha/before ripening/20260519_174301.jpg,20260519_174301.jpg,.jpg,2148924,4608x2128,ok
Suvarnarekha,before ripening,Suvarnarekha/before ripening/20260519_174305.jpg,20260519_174305.jpg,.jpg,2187058,4608x2128,ok
Suvarnarekha,before ripening,Suvarnarekha/before ripening/20260519_174405.jpg,20260519_174405.jpg,.jpg,2619586,4608x2128,ok
Suvarnarekha,before ripening,Suvarnarekha/before ripening/20260519_174423.jpg,20260519_174423.jpg,.jpg,3235091,4608x2128,ok
Suvarnarekha,before ripening,Suvarnarekha/before ripening/20260519_174450.jpg,20260519_174450.jpg,.jpg,2420533,4608x2128,ok
Suvarnarekha,before ripening,Suvarnarekha/before ripening/20260519_174452.jpg,20260519_174452.jpg,.jpg,2322222,4608x2128,ok
Suvarnarekha,before ripening,Suvarnarekha/before ripening/20260519_174505.jpg,20260519_174505.jpg,.jpg,2566293,4608x2128,ok
Suvarnarekha,before ripening,Suvarnarekha/before ripening/20260519_174509.jpg,20260519_174509.jpg,.jpg,2743003,4608x2128,ok
Suvarnarekha,before ripening,Suvarnarekha/before ripening/20260519_174537.jpg,20260519_174537.jpg,.jpg,2853501,4608x2128,ok
Suvarnarekha,before ripening,Suvarnarekha/before ripening/20260519_174539.jpg,20260519_174539.jpg,.jpg,2872530,4608x2128,ok
Suvarnarekha,before ripening,Suvarnarekha/before ripening/20260519_174557.jpg,20260519_174557.jpg,.jpg,2608163,4608x2128,ok
Suvarnarekha,before ripening,Suvarnarekha/before ripening/20260519_174633.jpg,20260519_174633.jpg,.jpg,2594583,4608x2128,ok
Suvarnarekha,before ripening,Suvarnarekha/before ripening/20260519_174636.jpg,20260519_174636.jpg,.jpg,2740222,4608x2128,ok
Suvarnarekha,before ripening,Suvarnarekha/before ripening/20260519_174640.jpg,20260519_174640.jpg,.jpg,2701156,4608x2128,ok
Suvarnarekha,before ripening,Suvarnarekha/before ripening/20260519_174658.jpg,20260519_174658.jpg,.jpg,2475365,4608x2128,ok
Suvarnarekha,before ripening,Suvarnarekha/before ripening/20260519_174703.jpg,20260519_174703.jpg,.jpg,2516345,4608x2128,ok
Suvarnarekha,before ripening,Suvarnarekha/before ripening/20260519_174705.jpg,20260519_174705.jpg,.jpg,2660117,4608x2128,ok
Suvarnarekha,before ripening,Suvarnarekha/before ripening/20260519_174717.jpg,20260519_174717.jpg,.jpg,1804715,4608x2128,ok
Suvarnarekha,before ripening,Suvarnarekha/before ripening/20260519_174719.jpg,20260519_174719.jpg,.jpg,1820951,4608x2128,ok
Suvarnarekha,before ripening,Suvarnarekha/before ripening/20260519_174722.jpg,20260519_174722.jpg,.jpg,1869892,4608x2128,ok
Suvarnarekha,before ripening,Suvarnarekha/before ripening/20260519_174724.jpg,20260519_174724.jpg,.jpg,1821470,4608x2128,ok
Suvarnarekha,before ripening,Suvarnarekha/before ripening/20260519_54801pmByGPSMapCamera.jpg,20260519_54801pmByGPSMapCamera.jpg,.jpg,8873477,3456x4608,ok
Suvarnarekha,before ripening,Suvarnarekha/before ripening/20260519_54826pmByGPSMapCamera.jpg,20260519_54826pmByGPSMapCamera.jpg,.jpg,9936807,3456x4608,ok
Suvarnarekha,before ripening,Suvarnarekha/before ripening/20260519_54839pmByGPSMapCamera.jpg,20260519_54839pmByGPSMapCamera.jpg,.jpg,8865754,3456x4608,ok
Suvarnarekha,before ripening,Suvarnarekha/before ripening/20260519_54844pmByGPSMapCamera.jpg,20260519_54844pmByGPSMapCamera.jpg,.jpg,8748437,3456x4608,ok
Suvarnarekha,before ripening,Suvarnarekha/before ripening/20260519_54923pmByGPSMapCamera.jpg,20260519_54923pmByGPSMapCamera.jpg,.jpg,8714474,3456x4608,ok
Suvarnarekha,before ripening,Suvarnarekha/before ripening/20260519_54926pmByGPSMapCamera.jpg,20260519_54926pmByGPSMapCamera.jpg,.jpg,8818561,3456x4608,ok
Suvarnarekha,before ripening,Suvarnarekha/before ripening/20260519_54937pmByGPSMapCamera.jpg,20260519_54937pmByGPSMapCamera.jpg,.jpg,9859373,3456x4608,ok
Suvarnarekha,before ripening,Suvarnarekha/before ripening/20260519_54941pmByGPSMapCamera.jpg,20260519_54941pmByGPSMapCamera.jpg,.jpg,10007010,3456x4608,ok
Suvarnarekha,before ripening,Suvarnarekha/before ripening/20260519_54943pmByGPSMapCamera.jpg,20260519_54943pmByGPSMapCamera.jpg,.jpg,9870532,3456x4608,ok
Suvarnarekha,before ripening,Suvarnarekha/before ripening/20260519_55340pmByGPSMapCamera.jpg,20260519_55340pmByGPSMapCamera.jpg,.jpg,8246134,3456x4608,ok
Suvarnarekha,before ripening,Suvarnarekha/before ripening/20260519_55351pmByGPSMapCamera.jpg,20260519_55351pmByGPSMapCamera.jpg,.jpg,8650219,3456x4608,ok
Suvarnarekha,before ripening,Suvarnarekha/before ripening/20260519_55408pmByGPSMapCamera.jpg,20260519_55408pmByGPSMapCamera.jpg,.jpg,8695467,3456x4608,ok
Suvarnarekha,before ripening,Suvarnarekha/before ripening/20260519_55419pmByGPSMapCamera.jpg,20260519_55419pmByGPSMapCamera.jpg,.jpg,8666123,3456x4608,ok
Suvarnarekha,before ripening,Suvarnarekha/before ripening/20260519_55433pmByGPSMapCamera.jpg,20260519_55433pmByGPSMapCamera.jpg,.jpg,10390988,3456x4608,ok
Suvarnarekha,before ripening,Suvarnarekha/before ripening/20260519_55436pmByGPSMapCamera.jpg,20260519_55436pmByGPSMapCamera.jpg,.jpg,10427369,3456x4608,ok
Suvarnarekha,before ripening,Suvarnarekha/before ripening/20260519_55449pmByGPSMapCamera.jpg,20260519_55449pmByGPSMapCamera.jpg,.jpg,8030713,3456x4608,ok
Suvarnarekha,before ripening,Suvarnarekha/before ripening/20260519_55451pmByGPSMapCamera.jpg,20260519_55451pmByGPSMapCamera.jpg,.jpg,8577746,3456x4608,ok
Suvarnarekha,before ripening,Suvarnarekha/before ripening/20260519_55458pmByGPSMapCamera.jpg,20260519_55458pmByGPSMapCamera.jpg,.jpg,8788330,3456x4608,ok
Suvarnarekha,before ripening,Suvarnarekha/before ripening/20260519_55513pmByGPSMapCamera.jpg,20260519_55513pmByGPSMapCamera.jpg,.jpg,9378454,3456x4608,ok
Suvarnarekha,before ripening,Suvarnarekha/before ripening/20260519_55531pmByGPSMapCamera.jpg,20260519_55531pmByGPSMapCamera.jpg,.jpg,9079824,3456x4608,ok
Suvarnarekha,before ripening,Suvarnarekha/before ripening/20260519_55602pmByGPSMapCamera.jpg,20260519_55602pmByGPSMapCamera.jpg,.jpg,8138021,3456x4608,ok
Suvarnarekha,before ripening,Suvarnarekha/before ripening/20260519_55617pmByGPSMapCamera.jpg,20260519_55617pmByGPSMapCamera.jpg,.jpg,9679779,3456x4608,ok
Suvarnarekha,before ripening,Suvarnarekha/before ripening/20260522_42323pmByGPSMapCamera.jpg,20260522_42323pmByGPSMapCamera.jpg,.jpg,9320132,3456x4608,ok
Suvarnarekha,before ripening,Suvarnarekha/before ripening/20260522_42334pmByGPSMapCamera.jpg,20260522_42334pmByGPSMapCamera.jpg,.jpg,8708078,3456x4608,ok
Suvarnarekha,before ripening,Suvarnarekha/before ripening/20260522_42338pmByGPSMapCamera.jpg,20260522_42338pmByGPSMapCamera.jpg,.jpg,8881531,3456x4608,ok
Suvarnarekha,before ripening,Suvarnarekha/before ripening/20260522_42351pmByGPSMapCamera.jpg,20260522_42351pmByGPSMapCamera.jpg,.jpg,8998120,3456x4608,ok
Suvarnarekha,before ripening,Suvarnarekha/before ripening/20260522_42400pmByGPSMapCamera.jpg,20260522_42400pmByGPSMapCamera.jpg,.jpg,9287680,3456x4608,ok
Suvarnarekha,before ripening,Suvarnarekha/before ripening/20260522_42412pmByGPSMapCamera.jpg,20260522_42412pmByGPSMapCamera.jpg,.jpg,9329681,3456x4608,ok
Suvarnarekha,before ripening,Suvarnarekha/before ripening/20260522_42427pmByGPSMapCamera.jpg,20260522_42427pmByGPSMapCamera.jpg,.jpg,9473769,3456x4608,ok
Suvarnarekha,before ripening,Suvarnarekha/before ripening/20260522_42430pmByGPSMapCamera.jpg,20260522_42430pmByGPSMapCamera.jpg,.jpg,9531515,3456x4608,ok
Suvarnarekha,before ripening,Suvarnarekha/before ripening/20260522_42438pmByGPSMapCamera.jpg,20260522_42438pmByGPSMapCamera.jpg,.jpg,9770793,3456x4608,ok
Suvarnarekha,before ripening,Suvarnarekha/before ripening/20260522_42439pmByGPSMapCamera.jpg,20260522_42439pmByGPSMapCamera.jpg,.jpg,9044470,3456x4608,ok
Suvarnarekha,before ripening,Suvarnarekha/before ripening/20260522_42445pmByGPSMapCamera.jpg,20260522_42445pmByGPSMapCamera.jpg,.jpg,9201752,3456x4608,ok
Suvarnarekha,before ripening,Suvarnarekha/before ripening/20260522_42505pmByGPSMapCamera.jpg,20260522_42505pmByGPSMapCamera.jpg,.jpg,9129649,3456x4608,ok
Suvarnarekha,before ripening,Suvarnarekha/before ripening/20260522_42520pmByGPSMapCamera.jpg,20260522_42520pmByGPSMapCamera.jpg,.jpg,8634114,3456x4608,ok
Suvarnarekha,before ripening,Suvarnarekha/before ripening/20260522_42532pmByGPSMapCamera.jpg,20260522_42532pmByGPSMapCamera.jpg,.jpg,11932374,3456x4608,ok
Suvarnarekha,before ripening,Suvarnarekha/before ripening/20260522_42541pmByGPSMapCamera.jpg,20260522_42541pmByGPSMapCamera.jpg,.jpg,9525425,3456x4608,ok
Suvarnarekha,before ripening,Suvarnarekha/before ripening/20260522_42645pmByGPSMapCamera.jpg,20260522_42645pmByGPSMapCamera.jpg,.jpg,9502400,3456x4608,ok
Suvarnarekha,before ripening,Suvarnarekha/before ripening/20260522_42647pmByGPSMapCamera.jpg,20260522_42647pmByGPSMapCamera.jpg,.jpg,9465564,3456x4608,ok
Suvarnarekha,before ripening,Suvarnarekha/before ripening/20260522_42702pmByGPSMapCamera.jpg,20260522_42702pmByGPSMapCamera.jpg,.jpg,8923264,3456x4608,ok
Suvarnarekha,before ripening,Suvarnarekha/before ripening/20260522_42705pmByGPSMapCamera.jpg,20260522_42705pmByGPSMapCamera.jpg,.jpg,9000739,3456x4608,ok
Suvarnarekha,before ripening,Suvarnarekha/before ripening/20260522_42720pmByGPSMapCamera.jpg,20260522_42720pmByGPSMapCamera.jpg,.jpg,9122335,3456x4608,ok
Suvarnarekha,before ripening,Suvarnarekha/before ripening/20260522_42724pmByGPSMapCamera.jpg,20260522_42724pmByGPSMapCamera.jpg,.jpg,9021088,3456x4608,ok
Suvarnarekha,before ripening,Suvarnarekha/before ripening/20260522_42915pmByGPSMapCamera.jpg,20260522_42915pmByGPSMapCamera.jpg,.jpg,8775469,3456x4608,ok
Suvarnarekha,before ripening,Suvarnarekha/before ripening/20260522_42927pmByGPSMapCamera.jpg,20260522_42927pmByGPSMapCamera.jpg,.jpg,8984215,3456x4608,ok
Suvarnarekha,before ripening,Suvarnarekha/before ripening/20260522_42944pmByGPSMapCamera.jpg,20260522_42944pmByGPSMapCamera.jpg,.jpg,9412586,3456x4608,ok
Suvarnarekha,before ripening,Suvarnarekha/before ripening/20260522_42950pmByGPSMapCamera.jpg,20260522_42950pmByGPSMapCamera.jpg,.jpg,9344526,3456x4608,ok
Suvarnarekha,before ripening,Suvarnarekha/before ripening/20260522_43004pmByGPSMapCamera.jpg,20260522_43004pmByGPSMapCamera.jpg,.jpg,11512054,3456x4608,ok
Suvarnarekha,before ripening,Suvarnarekha/before ripening/20260522_43007pmByGPSMapCamera.jpg,20260522_43007pmByGPSMapCamera.jpg,.jpg,11594031,3456x4608,ok
Suvarnarekha,before ripening,Suvarnarekha/before ripening/20260601_172158.jpg,20260601_172158.jpg,.jpg,2667641,4608x2128,ok
Suvarnarekha,before ripening,Suvarnarekha/before ripening/20260601_172201.jpg,20260601_172201.jpg,.jpg,2697663,4608x2128,ok
Suvarnarekha,before ripening,Suvarnarekha/before ripening/20260601_172246.jpg,20260601_172246.jpg,.jpg,2285151,4608x2128,ok
Suvarnarekha,before ripening,Suvarnarekha/before ripening/20260601_172247.jpg,20260601_172247.jpg,.jpg,2282445,4608x2128,ok
Suvarnarekha,before ripening,Suvarnarekha/before ripening/20260601_172249.jpg,20260601_172249.jpg,.jpg,2278582,4608x2128,ok
Suvarnarekha,before ripening,Suvarnarekha/before ripening/20260601_172251.jpg,20260601_172251.jpg,.jpg,2274347,4608x2128,ok
Suvarnarekha,before ripening,Suvarnarekha/before ripening/20260601_172325.jpg,20260601_172325.jpg,.jpg,2135291,4608x2128,ok
Suvarnarekha,before ripening,Suvarnarekha/before ripening/20260601_172327.jpg,20260601_172327.jpg,.jpg,2155965,4608x2128,ok
Suvarnarekha,before ripening,Suvarnarekha/before ripening/20260601_172332.jpg,20260601_172332.jpg,.jpg,2261894,4608x2128,ok
Suvarnarekha,before ripening,Suvarnarekha/before ripening/20260601_172333.jpg,20260601_172333.jpg,.jpg,2230036,4608x2128,ok
Suvarnarekha,before ripening,Suvarnarekha/before ripening/20260601_172335.jpg,20260601_172335.jpg,.jpg,2226796,4608x2128,ok
Suvarnarekha,before ripening,Suvarnarekha/before ripening/20260601_172341.jpg,20260601_172341.jpg,.jpg,2327137,4608x2128,ok
Suvarnarekha,before ripening,Suvarnarekha/before ripening/20260601_172342.jpg,20260601_172342.jpg,.jpg,2302593,4608x2128,ok
Suvarnarekha,before ripening,Suvarnarekha/before ripening/20260601_172346.jpg,20260601_172346.jpg,.jpg,2297376,4608x2128,ok
Suvarnarekha,before ripening,Suvarnarekha/before ripening/20260601_172354.jpg,20260601_172354.jpg,.jpg,2133418,4608x2128,ok
Suvarnarekha,before ripening,Suvarnarekha/before ripening/20260601_172355.jpg,20260601_172355.jpg,.jpg,2145784,4608x2128,ok
Suvarnarekha,before ripening,Suvarnarekha/before ripening/20260601_172357.jpg,20260601_172357.jpg,.jpg,2167666,4608x2128,ok
Suvarnarekha,before ripening,Suvarnarekha/before ripening/20260601_172358.jpg,20260601_172358.jpg,.jpg,2147632,4608x2128,ok
Suvarnarekha,before ripening,Suvarnarekha/before ripening/20260601_172403.jpg,20260601_172403.jpg,.jpg,2217233,4608x2128,ok
Suvarnarekha,before ripening,Suvarnarekha/before ripening/20260601_172404.jpg,20260601_172404.jpg,.jpg,2193670,4608x2128,ok
Suvarnarekha,before ripening,Suvarnarekha/before ripening/20260601_172406.jpg,20260601_172406.jpg,.jpg,2164605,4608x2128,ok
Suvarnarekha,before ripening,Suvarnarekha/before ripening/20260601_172411.jpg,20260601_172411.jpg,.jpg,2133978,4608x2128,ok
Suvarnarekha,before ripening,Suvarnarekha/before ripening/20260601_172412.jpg,20260601_172412.jpg,.jpg,2146369,4608x2128,ok
Suvarnarekha,before ripening,Suvarnarekha/before ripening/20260601_172414.jpg,20260601_172414.jpg,.jpg,2146754,4608x2128,ok
Suvarnarekha,before ripening,Suvarnarekha/before ripening/20260601_174330.jpg,20260601_174330.jpg,.jpg,2799874,4608x2128,ok
Suvarnarekha,before ripening,Suvarnarekha/before ripening/20260601_174336.jpg,20260601_174336.jpg,.jpg,2842991,4608x2128,ok
Suvarnarekha,before ripening,Suvarnarekha/before ripening/20260601_174342.jpg,20260601_174342.jpg,.jpg,2577918,4608x2128,ok
Suvarnarekha,before ripening,Suvarnarekha/before ripening/20260601_174344.jpg,20260601_174344.jpg,.jpg,2721755,4608x2128,ok
Suvarnarekha,before ripening,Suvarnarekha/before ripening/20260601_174346.jpg,20260601_174346.jpg,.jpg,2718936,4608x2128,ok
Suvarnarekha,before ripening,Suvarnarekha/before ripening/20260601_174347.jpg,20260601_174347.jpg,.jpg,2652855,4608x2128,ok
Suvarnarekha,before ripening,Suvarnarekha/before ripening/20260601_174816.jpg,20260601_174816.jpg,.jpg,2309180,4608x2128,ok
Suvarnarekha,before ripening,Suvarnarekha/before ripening/20260601_174819.jpg,20260601_174819.jpg,.jpg,2457574,4608x2128,ok
Suvarnarekha,before ripening,Suvarnarekha/before ripening/20260601_174822.jpg,20260601_174822.jpg,.jpg,2558494,4608x2128,ok
Suvarnarekha,before ripening,Suvarnarekha/before ripening/20260609_45739pmByGPSMapCamera.jpg,20260609_45739pmByGPSMapCamera.jpg,.jpg,6972769,3456x4608,ok
Suvarnarekha,before ripening,Suvarnarekha/before ripening/20260609_45741pmByGPSMapCamera.jpg,20260609_45741pmByGPSMapCamera.jpg,.jpg,6869371,3456x4608,ok
Suvarnarekha,before ripening,Suvarnarekha/before ripening/20260609_45742pmByGPSMapCamera.jpg,20260609_45742pmByGPSMapCamera.jpg,.jpg,6851527,3456x4608,ok
Suvarnarekha,before ripening,Suvarnarekha/before ripening/20260609_45747pmByGPSMapCamera.jpg,20260609_45747pmByGPSMapCamera.jpg,.jpg,6971804,3456x4608,ok
Suvarnarekha,before ripening,Suvarnarekha/before ripening/20260609_45822pmByGPSMapCamera.jpg,20260609_45822pmByGPSMapCamera.jpg,.jpg,4989349,3456x4608,ok
Suvarnarekha,before ripening,Suvarnarekha/before ripening/20260609_45827pmByGPSMapCamera.jpg,20260609_45827pmByGPSMapCamera.jpg,.jpg,5047510,3456x4608,ok
Suvarnarekha,before ripening,Suvarnarekha/before ripening/20260610_51041pmByGPSMapCamera.jpg,20260610_51041pmByGPSMapCamera.jpg,.jpg,9696317,3456x4608,ok
Suvarnarekha,before ripening,Suvarnarekha/before ripening/20260610_51045pmByGPSMapCamera.jpg,20260610_51045pmByGPSMapCamera.jpg,.jpg,9640310,3456x4608,ok
Suvarnarekha,before ripening,Suvarnarekha/before ripening/20260610_51058pmByGPSMapCamera.jpg,20260610_51058pmByGPSMapCamera.jpg,.jpg,6362745,3456x4608,ok
Suvarnarekha,before ripening,Suvarnarekha/before ripening/20260610_51100pmByGPSMapCamera.jpg,20260610_51100pmByGPSMapCamera.jpg,.jpg,6562747,3456x4608,ok
Suvarnarekha,before ripening,Suvarnarekha/before ripening/20260610_51110pmByGPSMapCamera.jpg,20260610_51110pmByGPSMapCamera.jpg,.jpg,6341653,3456x4608,ok
Suvarnarekha,before ripening,Suvarnarekha/before ripening/20260610_51114pmByGPSMapCamera.jpg,20260610_51114pmByGPSMapCamera.jpg,.jpg,6282535,3456x4608,ok
Suvarnarekha,before ripening,Suvarnarekha/before ripening/20260610_51123pmByGPSMapCamera.jpg,20260610_51123pmByGPSMapCamera.jpg,.jpg,6684065,3456x4608,ok
Suvarnarekha,before ripening,Suvarnarekha/before ripening/20260610_51223pmByGPSMapCamera.jpg,20260610_51223pmByGPSMapCamera.jpg,.jpg,6503306,3456x4608,ok
Suvarnarekha,before ripening,Suvarnarekha/before ripening/20260610_51227pmByGPSMapCamera.jpg,20260610_51227pmByGPSMapCamera.jpg,.jpg,6575403,3456x4608,ok
Suvarnarekha,before ripening,Suvarnarekha/before ripening/20260610_51246pmByGPSMapCamera.jpg,20260610_51246pmByGPSMapCamera.jpg,.jpg,6686528,3456x4608,ok
Suvarnarekha,before ripening,Suvarnarekha/before ripening/20260610_51248pmByGPSMapCamera.jpg,20260610_51248pmByGPSMapCamera.jpg,.jpg,6542685,3456x4608,ok
Suvarnarekha,before ripening,Suvarnarekha/before ripening/20260610_51257pmByGPSMapCamera.jpg,20260610_51257pmByGPSMapCamera.jpg,.jpg,6400310,3456x4608,ok
Suvarnarekha,before ripening,Suvarnarekha/before ripening/20260610_51300pmByGPSMapCamera.jpg,20260610_51300pmByGPSMapCamera.jpg,.jpg,6537870,3456x4608,ok
Suvarnarekha,before ripening,Suvarnarekha/before ripening/20260610_51317pmByGPSMapCamera.jpg,20260610_51317pmByGPSMapCamera.jpg,.jpg,9571072,3456x4608,ok
Suvarnarekha,before ripening,Suvarnarekha/before ripening/20260610_51415pmByGPSMapCamera.jpg,20260610_51415pmByGPSMapCamera.jpg,.jpg,11353128,3456x4608,ok
Suvarnarekha,before ripening,Suvarnarekha/before ripening/20260610_51417pmByGPSMapCamera.jpg,20260610_51417pmByGPSMapCamera.jpg,.jpg,9328665,3456x4608,ok
Suvarnarekha,before ripening,Suvarnarekha/before ripening/20260610_51421pmByGPSMapCamera.jpg,20260610_51421pmByGPSMapCamera.jpg,.jpg,9626781,3456x4608,ok
Suvarnarekha,before ripening,Suvarnarekha/before ripening/20260610_51431pmByGPSMapCamera.jpg,20260610_51431pmByGPSMapCamera.jpg,.jpg,9224526,3456x4608,ok
Suvarnarekha,before ripening,Suvarnarekha/before ripening/20260610_51435pmByGPSMapCamera.jpg,20260610_51435pmByGPSMapCamera.jpg,.jpg,9575801,3456x4608,ok
Suvarnarekha,before ripening,Suvarnarekha/before ripening/20260610_51436pmByGPSMapCamera.jpg,20260610_51436pmByGPSMapCamera.jpg,.jpg,9530340,3456x4608,ok
Suvarnarekha,before ripening,Suvarnarekha/before ripening/20260610_51455pmByGPSMapCamera.jpg,20260610_51455pmByGPSMapCamera.jpg,.jpg,5476674,3456x4608,ok
Suvarnarekha,before ripening,Suvarnarekha/before ripening/20260610_51457pmByGPSMapCamera.jpg,20260610_51457pmByGPSMapCamera.jpg,.jpg,5910293,3456x4608,ok
Suvarnarekha,before ripening,Suvarnarekha/before ripening/20260610_51500pmByGPSMapCamera.jpg,20260610_51500pmByGPSMapCamera.jpg,.jpg,5114008,3456x4608,ok
Suvarnarekha,before ripening,Suvarnarekha/before ripening/20260610_51516pmByGPSMapCamera.jpg,20260610_51516pmByGPSMapCamera.jpg,.jpg,6494065,3456x4608,ok
Suvarnarekha,before ripening,Suvarnarekha/before ripening/20260610_51518pmByGPSMapCamera.jpg,20260610_51518pmByGPSMapCamera.jpg,.jpg,6446141,3456x4608,ok
Suvarnarekha,before ripening,Suvarnarekha/before ripening/20260610_51647pmByGPSMapCamera.jpg,20260610_51647pmByGPSMapCamera.jpg,.jpg,4644239,3456x4608,ok
Suvarnarekha,before ripening,Suvarnarekha/before ripening/20260610_51650pmByGPSMapCamera.jpg,20260610_51650pmByGPSMapCamera.jpg,.jpg,4358037,3456x4608,ok
Suvarnarekha,before ripening,Suvarnarekha/before ripening/20260610_51707pmByGPSMapCamera.jpg,20260610_51707pmByGPSMapCamera.jpg,.jpg,11623780,3456x4608,ok
Suvarnarekha,before ripening,Suvarnarekha/before ripening/20260610_51709pmByGPSMapCamera.jpg,20260610_51709pmByGPSMapCamera.jpg,.jpg,11845565,3456x4608,ok
Suvarnarekha,before ripening,Suvarnarekha/before ripening/20260610_51713pmByGPSMapCamera.jpg,20260610_51713pmByGPSMapCamera.jpg,.jpg,12013707,3456x4608,ok
Suvarnarekha,before ripening,Suvarnarekha/before ripening/20260610_51720pmByGPSMapCamera.jpg,20260610_51720pmByGPSMapCamera.jpg,.jpg,7538882,3456x4608,ok
Suvarnarekha,before ripening,Suvarnarekha/before ripening/20260610_51723pmByGPSMapCamera.jpg,20260610_51723pmByGPSMapCamera.jpg,.jpg,7350683,3456x4608,ok
Suvarnarekha,before ripening,Suvarnarekha/before ripening/20260610_51739pmByGPSMapCamera.jpg,20260610_51739pmByGPSMapCamera.jpg,.jpg,6294669,3456x4608,ok
Suvarnarekha,before ripening,Suvarnarekha/before ripening/20260610_51741pmByGPSMapCamera.jpg,20260610_51741pmByGPSMapCamera.jpg,.jpg,6256462,3456x4608,ok
Suvarnarekha,before ripening,Suvarnarekha/before ripening/20260610_51751pmByGPSMapCamera.jpg,20260610_51751pmByGPSMapCamera.jpg,.jpg,6843725,3456x4608,ok
Suvarnarekha,before ripening,Suvarnarekha/before ripening/20260610_51754pmByGPSMapCamera.jpg,20260610_51754pmByGPSMapCamera.jpg,.jpg,6992331,3456x4608,ok
Suvarnarekha,before ripening,Suvarnarekha/before ripening/20260610_51757pmByGPSMapCamera.jpg,20260610_51757pmByGPSMapCamera.jpg,.jpg,7134822,3456x4608,ok
Suvarnarekha,before ripening,Suvarnarekha/before ripening/20260610_51813pmByGPSMapCamera.jpg,20260610_51813pmByGPSMapCamera.jpg,.jpg,9770985,3456x4608,ok
Suvarnarekha,before ripening,Suvarnarekha/before ripening/20260610_51815pmByGPSMapCamera.jpg,20260610_51815pmByGPSMapCamera.jpg,.jpg,9679538,3456x4608,ok
Suvarnarekha,before ripening,Suvarnarekha/before ripening/20260610_52039pmByGPSMapCamera.jpg,20260610_52039pmByGPSMapCamera.jpg,.jpg,8898842,3456x4608,ok
Suvarnarekha,before ripening,Suvarnarekha/before ripening/20260610_52042pmByGPSMapCamera.jpg,20260610_52042pmByGPSMapCamera.jpg,.jpg,8749463,3456x4608,ok
Suvarnarekha,before ripening,Suvarnarekha/before ripening/20260610_52044pmByGPSMapCamera.jpg,20260610_52044pmByGPSMapCamera.jpg,.jpg,8917568,3456x4608,ok
Suvarnarekha,before ripening,Suvarnarekha/before ripening/20260610_53030pmByGPSMapCamera.jpg,20260610_53030pmByGPSMapCamera.jpg,.jpg,5463658,3456x4608,ok
Suvarnarekha,before ripening,Suvarnarekha/before ripening/20260610_53041pmByGPSMapCamera.jpg,20260610_53041pmByGPSMapCamera.jpg,.jpg,6634558,3456x4608,ok
Suvarnarekha,before ripening,Suvarnarekha/before ripening/20260610_53044pmByGPSMapCamera.jpg,20260610_53044pmByGPSMapCamera.jpg,.jpg,6435941,3456x4608,ok
Suvarnarekha,before ripening,Suvarnarekha/before ripening/20260610_53055pmByGPSMapCamera.jpg,20260610_53055pmByGPSMapCamera.jpg,.jpg,5937646,3456x4608,ok
Suvarnarekha,before ripening,Suvarnarekha/before ripening/20260610_53057pmByGPSMapCamera.jpg,20260610_53057pmByGPSMapCamera.jpg,.jpg,5709610,3456x4608,ok
Suvarnarekha,before ripening,Suvarnarekha/before ripening/20260610_53110pmByGPSMapCamera.jpg,20260610_53110pmByGPSMapCamera.jpg,.jpg,5385385,3456x4608,ok
Suvarnarekha,before ripening,Suvarnarekha/before ripening/20260610_53112pmByGPSMapCamera.jpg,20260610_53112pmByGPSMapCamera.jpg,.jpg,5287319,3456x4608,ok
Suvarnarekha,before ripening,Suvarnarekha/before ripening/20260610_53130pmByGPSMapCamera.jpg,20260610_53130pmByGPSMapCamera.jpg,.jpg,6520913,3456x4608,ok
Suvarnarekha,before ripening,Suvarnarekha/before ripening/20260610_53133pmByGPSMapCamera.jpg,20260610_53133pmByGPSMapCamera.jpg,.jpg,6331487,3456x4608,ok
Suvarnarekha,before ripening,Suvarnarekha/before ripening/20260610_53150pmByGPSMapCamera.jpg,20260610_53150pmByGPSMapCamera.jpg,.jpg,6443387,3456x4608,ok
Suvarnarekha,before ripening,Suvarnarekha/before ripening/20260610_53152pmByGPSMapCamera.jpg,20260610_53152pmByGPSMapCamera.jpg,.jpg,6438399,3456x4608,ok
Suvarnarekha,before ripening,Suvarnarekha/before ripening/20260610_53156pmByGPSMapCamera.jpg,20260610_53156pmByGPSMapCamera.jpg,.jpg,6239066,3456x4608,ok
Suvarnarekha,before ripening,Suvarnarekha/before ripening/20260610_53158pmByGPSMapCamera.jpg,20260610_53158pmByGPSMapCamera.jpg,.jpg,6339304,3456x4608,ok
Suvarnarekha,before ripening,Suvarnarekha/before ripening/20260610_53225pmByGPSMapCamera.jpg,20260610_53225pmByGPSMapCamera.jpg,.jpg,6286254,3456x4608,ok
Suvarnarekha,before ripening,Suvarnarekha/before ripening/20260610_53227pmByGPSMapCamera.jpg,20260610_53227pmByGPSMapCamera.jpg,.jpg,6328358,3456x4608,ok
Suvarnarekha,before ripening,Suvarnarekha/before ripening/20260610_53239pmByGPSMapCamera.jpg,20260610_53239pmByGPSMapCamera.jpg,.jpg,6309069,3456x4608,ok
Suvarnarekha,before ripening,Suvarnarekha/before ripening/20260610_53242pmByGPSMapCamera.jpg,20260610_53242pmByGPSMapCamera.jpg,.jpg,6107391,3456x4608,ok
Suvarnarekha,before ripening,Suvarnarekha/before ripening/20260610_53245pmByGPSMapCamera.jpg,20260610_53245pmByGPSMapCamera.jpg,.jpg,5983874,3456x4608,ok
Suvarnarekha,before ripening,Suvarnarekha/before ripening/20260610_53256pmByGPSMapCamera.jpg,20260610_53256pmByGPSMapCamera.jpg,.jpg,5699668,3456x4608,ok
Suvarnarekha,before ripening,Suvarnarekha/before ripening/20260610_53258pmByGPSMapCamera.jpg,20260610_53258pmByGPSMapCamera.jpg,.jpg,5770807,3456x4608,ok
Suvarnarekha,before ripening,Suvarnarekha/before ripening/20260610_53302pmByGPSMapCamera.jpg,20260610_53302pmByGPSMapCamera.jpg,.jpg,5477157,3456x4608,ok
Suvarnarekha,before ripening,Suvarnarekha/before ripening/20260610_53324pmByGPSMapCamera.jpg,20260610_53324pmByGPSMapCamera.jpg,.jpg,5715514,3456x4608,ok
Suvarnarekha,before ripening,Suvarnarekha/before ripening/20260610_53327pmByGPSMapCamera.jpg,20260610_53327pmByGPSMapCamera.jpg,.jpg,5739320,3456x4608,ok
Suvarnarekha,before ripening,Suvarnarekha/before ripening/20260610_53328pmByGPSMapCamera.jpg,20260610_53328pmByGPSMapCamera.jpg,.jpg,5566453,3456x4608,ok
Suvarnarekha,before ripening,Suvarnarekha/before ripening/20260610_53410pmByGPSMapCamera.jpg,20260610_53410pmByGPSMapCamera.jpg,.jpg,4206178,3456x4608,ok
Suvarnarekha,before ripening,Suvarnarekha/before ripening/20260610_53413pmByGPSMapCamera.jpg,20260610_53413pmByGPSMapCamera.jpg,.jpg,3753072,3456x4608,ok
Suvarnarekha,before ripening,Suvarnarekha/before ripening/20260611_44452pmByGPSMapCamera.jpg,20260611_44452pmByGPSMapCamera.jpg,.jpg,9399915,3456x4608,ok
Suvarnarekha,before ripening,Suvarnarekha/before ripening/20260611_44455pmByGPSMapCamera.jpg,20260611_44455pmByGPSMapCamera.jpg,.jpg,8971970,3456x4608,ok
Suvarnarekha,before ripening,Suvarnarekha/before ripening/20260611_44529pmByGPSMapCamera.jpg,20260611_44529pmByGPSMapCamera.jpg,.jpg,6588397,3456x4608,ok
Suvarnarekha,before ripening,Suvarnarekha/before ripening/20260611_44532pmByGPSMapCamera.jpg,20260611_44532pmByGPSMapCamera.jpg,.jpg,6702373,3456x4608,ok
Suvarnarekha,before ripening,Suvarnarekha/before ripening/20260611_44535pmByGPSMapCamera.jpg,20260611_44535pmByGPSMapCamera.jpg,.jpg,6551242,3456x4608,ok
Suvarnarekha,before ripening,Suvarnarekha/before ripening/20260611_44604pmByGPSMapCamera.jpg,20260611_44604pmByGPSMapCamera.jpg,.jpg,5977637,3456x4608,ok
Suvarnarekha,before ripening,Suvarnarekha/before ripening/20260611_44608pmByGPSMapCamera.jpg,20260611_44608pmByGPSMapCamera.jpg,.jpg,6096649,3456x4608,ok
Suvarnarekha,before ripening,Suvarnarekha/before ripening/20260611_44612pmByGPSMapCamera.jpg,20260611_44612pmByGPSMapCamera.jpg,.jpg,6167996,3456x4608,ok
Suvarnarekha,before ripening,Suvarnarekha/before ripening/20260611_44630pmByGPSMapCamera.jpg,20260611_44630pmByGPSMapCamera.jpg,.jpg,6064611,3456x4608,ok
Suvarnarekha,before ripening,Suvarnarekha/before ripening/20260611_44633pmByGPSMapCamera.jpg,20260611_44633pmByGPSMapCamera.jpg,.jpg,6285210,3456x4608,ok
Suvarnarekha,before ripening,Suvarnarekha/before ripening/20260611_44638pmByGPSMapCamera.jpg,20260611_44638pmByGPSMapCamera.jpg,.jpg,6263993,3456x4608,ok
Suvarnarekha,before ripening,Suvarnarekha/before ripening/20260611_44642pmByGPSMapCamera.jpg,20260611_44642pmByGPSMapCamera.jpg,.jpg,6292752,3456x4608,ok
Suvarnarekha,before ripening,Suvarnarekha/before ripening/20260611_44740pmByGPSMapCamera.jpg,20260611_44740pmByGPSMapCamera.jpg,.jpg,5217705,3456x4608,ok
Suvarnarekha,before ripening,Suvarnarekha/before ripening/20260611_44742pmByGPSMapCamera.jpg,20260611_44742pmByGPSMapCamera.jpg,.jpg,5038571,3456x4608,ok
Suvarnarekha,before ripening,Suvarnarekha/before ripening/20260611_44746pmByGPSMapCamera.jpg,20260611_44746pmByGPSMapCamera.jpg,.jpg,5205097,3456x4608,ok
Suvarnarekha,before ripening,Suvarnarekha/before ripening/20260611_44754pmByGPSMapCamera.jpg,20260611_44754pmByGPSMapCamera.jpg,.jpg,5291122,3456x4608,ok
Suvarnarekha,before ripening,Suvarnarekha/before ripening/20260611_45001pmByGPSMapCamera.jpg,20260611_45001pmByGPSMapCamera.jpg,.jpg,8320927,3456x4608,ok
Suvarnarekha,before ripening,Suvarnarekha/before ripening/20260611_45003pmByGPSMapCamera.jpg,20260611_45003pmByGPSMapCamera.jpg,.jpg,8105287,3456x4608,ok
Suvarnarekha,before ripening,Suvarnarekha/before ripening/20260611_45007pmByGPSMapCamera.jpg,20260611_45007pmByGPSMapCamera.jpg,.jpg,8346282,3456x4608,ok
Suvarnarekha,before ripening,Suvarnarekha/before ripening/20260611_45018pmByGPSMapCamera.jpg,20260611_45018pmByGPSMapCamera.jpg,.jpg,9163992,3456x4608,ok
Suvarnarekha,before ripening,Suvarnarekha/before ripening/20260611_45020pmByGPSMapCamera.jpg,20260611_45020pmByGPSMapCamera.jpg,.jpg,9122519,3456x4608,ok
Suvarnarekha,before ripening,Suvarnarekha/before ripening/20260611_45032pmByGPSMapCamera.jpg,20260611_45032pmByGPSMapCamera.jpg,.jpg,9627569,3456x4608,ok
Suvarnarekha,before ripening,Suvarnarekha/before ripening/20260611_45038pmByGPSMapCamera.jpg,20260611_45038pmByGPSMapCamera.jpg,.jpg,9852376,3456x4608,ok
Suvarnarekha,before ripening,Suvarnarekha/before ripening/20260611_45039pmByGPSMapCamera.jpg,20260611_45039pmByGPSMapCamera.jpg,.jpg,9899692,3456x4608,ok
Suvarnarekha,before ripening,Suvarnarekha/before ripening/20260611_45109pmByGPSMapCamera.jpg,20260611_45109pmByGPSMapCamera.jpg,.jpg,9364596,3456x4608,ok
Suvarnarekha,before ripening,Suvarnarekha/before ripening/20260611_45112pmByGPSMapCamera.jpg,20260611_45112pmByGPSMapCamera.jpg,.jpg,9459880,3456x4608,ok
Suvarnarekha,before ripening,Suvarnarekha/before ripening/20260611_45124pmByGPSMapCamera.jpg,20260611_45124pmByGPSMapCamera.jpg,.jpg,9775862,3456x4608,ok
Suvarnarekha,before ripening,Suvarnarekha/before ripening/20260611_45127pmByGPSMapCamera.jpg,20260611_45127pmByGPSMapCamera.jpg,.jpg,9243804,3456x4608,ok
Suvarnarekha,before ripening,Suvarnarekha/before ripening/20260611_45131pmByGPSMapCamera.jpg,20260611_45131pmByGPSMapCamera.jpg,.jpg,9507404,3456x4608,ok
Suvarnarekha,before ripening,Suvarnarekha/before ripening/20260611_45132pmByGPSMapCamera.jpg,20260611_45132pmByGPSMapCamera.jpg,.jpg,9739391,3456x4608,ok
Suvarnarekha,before ripening,Suvarnarekha/before ripening/20260611_45151pmByGPSMapCamera.jpg,20260611_45151pmByGPSMapCamera.jpg,.jpg,9417303,3456x4608,ok
Suvarnarekha,before ripening,Suvarnarekha/before ripening/20260611_45153pmByGPSMapCamera.jpg,20260611_45153pmByGPSMapCamera.jpg,.jpg,9518167,3456x4608,ok
Suvarnarekha,before ripening,Suvarnarekha/before ripening/20260611_45203pmByGPSMapCamera.jpg,20260611_45203pmByGPSMapCamera.jpg,.jpg,6152073,3456x4608,ok
Suvarnarekha,before ripening,Suvarnarekha/before ripening/20260611_45206pmByGPSMapCamera.jpg,20260611_45206pmByGPSMapCamera.jpg,.jpg,6082985,3456x4608,ok
Suvarnarekha,before ripening,Suvarnarekha/before ripening/20260611_45225pmByGPSMapCamera.jpg,20260611_45225pmByGPSMapCamera.jpg,.jpg,4604868,3456x4608,ok
Suvarnarekha,before ripening,Suvarnarekha/before ripening/20260611_45227pmByGPSMapCamera.jpg,20260611_45227pmByGPSMapCamera.jpg,.jpg,3903011,3456x4608,ok
Suvarnarekha,before ripening,Suvarnarekha/before ripening/20260611_45251pmByGPSMapCamera.jpg,20260611_45251pmByGPSMapCamera.jpg,.jpg,9167088,3456x4608,ok
Suvarnarekha,before ripening,Suvarnarekha/before ripening/20260611_45252pmByGPSMapCamera.jpg,20260611_45252pmByGPSMapCamera.jpg,.jpg,8940062,3456x4608,ok
Suvarnarekha,before ripening,Suvarnarekha/before ripening/20260611_45256pmByGPSMapCamera.jpg,20260611_45256pmByGPSMapCamera.jpg,.jpg,9164002,3456x4608,ok
Suvarnarekha,before ripening,Suvarnarekha/before ripening/20260611_45342pmByGPSMapCamera.jpg,20260611_45342pmByGPSMapCamera.jpg,.jpg,9929151,3456x4608,ok
Suvarnarekha,before ripening,Suvarnarekha/before ripening/20260611_45352pmByGPSMapCamera.jpg,20260611_45352pmByGPSMapCamera.jpg,.jpg,10509629,3456x4608,ok
Suvarnarekha,before ripening,Suvarnarekha/before ripening/20260611_45414pmByGPSMapCamera.jpg,20260611_45414pmByGPSMapCamera.jpg,.jpg,10052973,3456x4608,ok
Suvarnarekha,before ripening,Suvarnarekha/before ripening/20260611_45417pmByGPSMapCamera.jpg,20260611_45417pmByGPSMapCamera.jpg,.jpg,9977891,3456x4608,ok
Suvarnarekha,before ripening,Suvarnarekha/before ripening/20260611_45426pmByGPSMapCamera.jpg,20260611_45426pmByGPSMapCamera.jpg,.jpg,9631709,3456x4608,ok
Suvarnarekha,before ripening,Suvarnarekha/before ripening/20260611_45430pmByGPSMapCamera.jpg,20260611_45430pmByGPSMapCamera.jpg,.jpg,9322784,3456x4608,ok
Suvarnarekha,before ripening,Suvarnarekha/before ripening/20260611_45434pmByGPSMapCamera.jpg,20260611_45434pmByGPSMapCamera.jpg,.jpg,9326047,3456x4608,ok
Suvarnarekha,before ripening,Suvarnarekha/before ripening/20260611_45453pmByGPSMapCamera.jpg,20260611_45453pmByGPSMapCamera.jpg,.jpg,9100640,3456x4608,ok
Suvarnarekha,before ripening,Suvarnarekha/before ripening/20260611_45458pmByGPSMapCamera.jpg,20260611_45458pmByGPSMapCamera.jpg,.jpg,8906111,3456x4608,ok
Suvarnarekha,before ripening,Suvarnarekha/before ripening/20260611_45459pmByGPSMapCamera.jpg,20260611_45459pmByGPSMapCamera.jpg,.jpg,9257639,3456x4608,ok
Suvarnarekha,before ripening,Suvarnarekha/before ripening/20260611_45505pmByGPSMapCamera.jpg,20260611_45505pmByGPSMapCamera.jpg,.jpg,10099333,3456x4608,ok
Suvarnarekha,before ripening,Suvarnarekha/before ripening/20260611_45520pmByGPSMapCamera.jpg,20260611_45520pmByGPSMapCamera.jpg,.jpg,9499396,3456x4608,ok
Suvarnarekha,before ripening,Suvarnarekha/before ripening/20260611_45524pmByGPSMapCamera.jpg,20260611_45524pmByGPSMapCamera.jpg,.jpg,8785728,3456x4608,ok
Suvarnarekha,before ripening,Suvarnarekha/before ripening/20260611_45527pmByGPSMapCamera.jpg,20260611_45527pmByGPSMapCamera.jpg,.jpg,8814639,3456x4608,ok
Suvarnarekha,before ripening,Suvarnarekha/before ripening/20260611_45532pmByGPSMapCamera.jpg,20260611_45532pmByGPSMapCamera.jpg,.jpg,9244557,3456x4608,ok
Suvarnarekha,before ripening,Suvarnarekha/before ripening/20260611_45543pmByGPSMapCamera.jpg,20260611_45543pmByGPSMapCamera.jpg,.jpg,5764733,3456x4608,ok
Suvarnarekha,before ripening,Suvarnarekha/before ripening/20260611_45559pmByGPSMapCamera.jpg,20260611_45559pmByGPSMapCamera.jpg,.jpg,5363906,3456x4608,ok
Suvarnarekha,before ripening,Suvarnarekha/before ripening/20260611_45602pmByGPSMapCamera.jpg,20260611_45602pmByGPSMapCamera.jpg,.jpg,5011755,3456x4608,ok
Suvarnarekha,before ripening,Suvarnarekha/before ripening/20260611_45604pmByGPSMapCamera.jpg,20260611_45604pmByGPSMapCamera.jpg,.jpg,5250585,3456x4608,ok
Suvarnarekha,before ripening,Suvarnarekha/before ripening/20260611_45608pmByGPSMapCamera.jpg,20260611_45608pmByGPSMapCamera.jpg,.jpg,5294583,3456x4608,ok
Suvarnarekha,before ripening,Suvarnarekha/before ripening/20260611_45700pmByGPSMapCamera.jpg,20260611_45700pmByGPSMapCamera.jpg,.jpg,3828622,3456x4608,ok
Suvarnarekha,before ripening,Suvarnarekha/before ripening/20260611_45702pmByGPSMapCamera.jpg,20260611_45702pmByGPSMapCamera.jpg,.jpg,3913416,3456x4608,ok
Suvarnarekha,before ripening,Suvarnarekha/before ripening/20260611_45819pmByGPSMapCamera.jpg,20260611_45819pmByGPSMapCamera.jpg,.jpg,4765533,3456x4608,ok
Suvarnarekha,before ripening,Suvarnarekha/before ripening/20260611_45822pmByGPSMapCamera.jpg,20260611_45822pmByGPSMapCamera.jpg,.jpg,4815607,3456x4608,ok
Suvarnarekha,before ripening,Suvarnarekha/before ripening/20260611_45825pmByGPSMapCamera.jpg,20260611_45825pmByGPSMapCamera.jpg,.jpg,4796729,3456x4608,ok
Suvarnarekha,before ripening,Suvarnarekha/before ripening/20260611_45903pmByGPSMapCamera.jpg,20260611_45903pmByGPSMapCamera.jpg,.jpg,8925904,3456x4608,ok
Suvarnarekha,before ripening,Suvarnarekha/before ripening/20260611_45905pmByGPSMapCamera.jpg,20260611_45905pmByGPSMapCamera.jpg,.jpg,9195304,3456x4608,ok
Suvarnarekha,before ripening,Suvarnarekha/before ripening/20260611_45923pmByGPSMapCamera.jpg,20260611_45923pmByGPSMapCamera.jpg,.jpg,8907274,3456x4608,ok
Suvarnarekha,before ripening,Suvarnarekha/before ripening/20260611_45927pmByGPSMapCamera.jpg,20260611_45927pmByGPSMapCamera.jpg,.jpg,8211748,3456x4608,ok
Suvarnarekha,before ripening,Suvarnarekha/before ripening/20260611_50454pmByGPSMapCamera.jpg,20260611_50454pmByGPSMapCamera.jpg,.jpg,6282493,3456x4608,ok
Suvarnarekha,before ripening,Suvarnarekha/before ripening/20260611_50458pmByGPSMapCamera.jpg,20260611_50458pmByGPSMapCamera.jpg,.jpg,6230030,3456x4608,ok
Suvarnarekha,before ripening,Suvarnarekha/before ripening/20260611_50500pmByGPSMapCamera.jpg,20260611_50500pmByGPSMapCamera.jpg,.jpg,6154729,3456x4608,ok
Suvarnarekha,before ripening,Suvarnarekha/before ripening/20260611_50503pmByGPSMapCamera.jpg,20260611_50503pmByGPSMapCamera.jpg,.jpg,6168181,3456x4608,ok
Suvarnarekha,before ripening,Suvarnarekha/before ripening/20260611_50509pmByGPSMapCamera.jpg,20260611_50509pmByGPSMapCamera.jpg,.jpg,6550300,3456x4608,ok
Suvarnarekha,before ripening,Suvarnarekha/before ripening/20260611_50532pmByGPSMapCamera.jpg,20260611_50532pmByGPSMapCamera.jpg,.jpg,6340536,3456x4608,ok
Suvarnarekha,before ripening,Suvarnarekha/before ripening/20260611_50534pmByGPSMapCamera.jpg,20260611_50534pmByGPSMapCamera.jpg,.jpg,6346797,3456x4608,ok
Suvarnarekha,before ripening,Suvarnarekha/before ripening/20260611_51230pmByGPSMapCamera.jpg,20260611_51230pmByGPSMapCamera.jpg,.jpg,8875033,3456x4608,ok
Suvarnarekha,before ripening,Suvarnarekha/before ripening/20260611_51232pmByGPSMapCamera.jpg,20260611_51232pmByGPSMapCamera.jpg,.jpg,8799796,3456x4608,ok
Suvarnarekha,before ripening,Suvarnarekha/before ripening/20260611_51248pmByGPSMapCamera.jpg,20260611_51248pmByGPSMapCamera.jpg,.jpg,8698291,3456x4608,ok
Suvarnarekha,before ripening,Suvarnarekha/before ripening/20260611_51255pmByGPSMapCamera.jpg,20260611_51255pmByGPSMapCamera.jpg,.jpg,8795732,3456x4608,ok
Suvarnarekha,before ripening,Suvarnarekha/before ripening/20260611_51301pmByGPSMapCamera.jpg,20260611_51301pmByGPSMapCamera.jpg,.jpg,8755956,3456x4608,ok
Suvarnarekha,before ripening,Suvarnarekha/before ripening/20260611_51307pmByGPSMapCamera.jpg,20260611_51307pmByGPSMapCamera.jpg,.jpg,8829442,3456x4608,ok
Suvarnarekha,before ripening,Suvarnarekha/before ripening/20260611_51316pmByGPSMapCamera.jpg,20260611_51316pmByGPSMapCamera.jpg,.jpg,8620299,3456x4608,ok
Suvarnarekha,before ripening,Suvarnarekha/before ripening/20260611_51321pmByGPSMapCamera.jpg,20260611_51321pmByGPSMapCamera.jpg,.jpg,9846625,3456x4608,ok
Suvarnarekha,before ripening,Suvarnarekha/before ripening/20260611_51329pmByGPSMapCamera.jpg,20260611_51329pmByGPSMapCamera.jpg,.jpg,9885883,3456x4608,ok
Suvarnarekha,before ripening,Suvarnarekha/before ripening/20260611_51342pmByGPSMapCamera.jpg,20260611_51342pmByGPSMapCamera.jpg,.jpg,10096977,3456x4608,ok
Suvarnarekha,before ripening,Suvarnarekha/before ripening/20260611_51343pmByGPSMapCamera.jpg,20260611_51343pmByGPSMapCamera.jpg,.jpg,10142344,3456x4608,ok
Suvarnarekha,before ripening,Suvarnarekha/before ripening/20260611_51349pmByGPSMapCamera.jpg,20260611_51349pmByGPSMapCamera.jpg,.jpg,10508460,3456x4608,ok
Suvarnarekha,before ripening,Suvarnarekha/before ripening/20260611_51401pmByGPSMapCamera.jpg,20260611_51401pmByGPSMapCamera.jpg,.jpg,9676213,3456x4608,ok
Suvarnarekha,before ripening,Suvarnarekha/before ripening/20260611_51402pmByGPSMapCamera.jpg,20260611_51402pmByGPSMapCamera.jpg,.jpg,9826554,3456x4608,ok
Suvarnarekha,before ripening,Suvarnarekha/before ripening/20260611_51408pmByGPSMapCamera.jpg,20260611_51408pmByGPSMapCamera.jpg,.jpg,9859580,3456x4608,ok
Suvarnarekha,before ripening,Suvarnarekha/before ripening/20260611_51430pmByGPSMapCamera.jpg,20260611_51430pmByGPSMapCamera.jpg,.jpg,9036972,3456x4608,ok
Suvarnarekha,before ripening,Suvarnarekha/before ripening/20260611_51435pmByGPSMapCamera.jpg,20260611_51435pmByGPSMapCamera.jpg,.jpg,9729098,3456x4608,ok
Suvarnarekha,before ripening,Suvarnarekha/before ripening/20260611_51437pmByGPSMapCamera.jpg,20260611_51437pmByGPSMapCamera.jpg,.jpg,9734670,3456x4608,ok
Suvarnarekha,before ripening,Suvarnarekha/before ripening/20260611_51509pmByGPSMapCamera.jpg,20260611_51509pmByGPSMapCamera.jpg,.jpg,9718351,3456x4608,ok
Suvarnarekha,before ripening,Suvarnarekha/before ripening/20260611_51512pmByGPSMapCamera.jpg,20260611_51512pmByGPSMapCamera.jpg,.jpg,9702770,3456x4608,ok
Suvarnarekha,before ripening,Suvarnarekha/before ripening/20260612_51536pmByGPSMapCamera.jpg,20260612_51536pmByGPSMapCamera.jpg,.jpg,6592898,3456x4608,ok
Suvarnarekha,before ripening,Suvarnarekha/before ripening/20260612_51539pmByGPSMapCamera.jpg,20260612_51539pmByGPSMapCamera.jpg,.jpg,6474962,3456x4608,ok
Suvarnarekha,before ripening,Suvarnarekha/before ripening/20260620_165654.jpg,20260620_165654.jpg,.jpg,2880684,4608x2128,ok
Suvarnarekha,before ripening,Suvarnarekha/before ripening/20260620_165656.jpg,20260620_165656.jpg,.jpg,2866268,4608x2128,ok
Suvarnarekha,before ripening,Suvarnarekha/before ripening/20260620_173251.jpg,20260620_173251.jpg,.jpg,2476726,4608x2128,ok
Suvarnarekha,before ripening,Suvarnarekha/before ripening/20260620_173302.jpg,20260620_173302.jpg,.jpg,2528975,4608x2128,ok
Suvarnarekha,before ripening,Suvarnarekha/before ripening/20260620_173303.jpg,20260620_173303.jpg,.jpg,2562279,4608x2128,ok
Suvarnarekha,before ripening,Suvarnarekha/before ripening/20260620_173330.jpg,20260620_173330.jpg,.jpg,2938249,4608x2128,ok
Suvarnarekha,before ripening,Suvarnarekha/before ripening/20260620_173333.jpg,20260620_173333.jpg,.jpg,2403754,4608x2128,ok
Suvarnarekha,before ripening,Suvarnarekha/before ripening/20260620_173346.jpg,20260620_173346.jpg,.jpg,2266440,4608x2128,ok
Suvarnarekha,before ripening,Suvarnarekha/before ripening/20260620_173354.jpg,20260620_173354.jpg,.jpg,2172291,4608x2128,ok
Suvarnarekha,before ripening,Suvarnarekha/before ripening/20260620_173551.jpg,20260620_173551.jpg,.jpg,2569799,4608x2128,ok
Suvarnarekha,before ripening,Suvarnarekha/before ripening/20260620_173555.jpg,20260620_173555.jpg,.jpg,2374230,4608x2128,ok
Suvarnarekha,before ripening,Suvarnarekha/before ripening/20260620_173602.jpg,20260620_173602.jpg,.jpg,2378227,4608x2128,ok
Suvarnarekha,before ripening,Suvarnarekha/before ripening/GMC10062026_180349 (1).jpg,GMC10062026_180349 (1).jpg,.jpg,10446019,4608x3456,ok
Suvarnarekha,before ripening,Suvarnarekha/before ripening/GMC10062026_180357.jpg,GMC10062026_180357.jpg,.jpg,10846981,4608x3456,ok
Suvarnarekha,before ripening,Suvarnarekha/before ripening/GMC12062026_171548.jpg,GMC12062026_171548.jpg,.jpg,5862400,4608x3456,ok
Totapuri,After ripening,Totapuri/After ripening/20250607_201238.jpg,20250607_201238.jpg,.jpg,4057783,4608x3456,ok
Totapuri,After ripening,Totapuri/After ripening/20250607_201243.jpg,20250607_201243.jpg,.jpg,4372473,4608x3456,ok
Totapuri,After ripening,Totapuri/After ripening/20250607_201244.jpg,20250607_201244.jpg,.jpg,4386630,4608x3456,ok
Totapuri,After ripening,Totapuri/After ripening/20250607_201245.jpg,20250607_201245.jpg,.jpg,4157538,4608x3456,ok
Totapuri,After ripening,Totapuri/After ripening/20250607_201436.jpg,20250607_201436.jpg,.jpg,4266245,4608x3456,ok
Totapuri,After ripening,Totapuri/After ripening/20250607_201441.jpg,20250607_201441.jpg,.jpg,4476484,4608x3456,ok
Totapuri,After ripening,Totapuri/After ripening/20250607_201443.jpg,20250607_201443.jpg,.jpg,3984097,4608x3456,ok
Totapuri,After ripening,Totapuri/After ripening/20250607_201445.jpg,20250607_201445.jpg,.jpg,4102153,4608x3456,ok
Totapuri,After ripening,Totapuri/After ripening/20250607_201447.jpg,20250607_201447.jpg,.jpg,4003727,4608x3456,ok
Totapuri,After ripening,Totapuri/After ripening/20250607_201502.jpg,20250607_201502.jpg,.jpg,4066040,4608x3456,ok
Totapuri,After ripening,Totapuri/After ripening/20250607_201505.jpg,20250607_201505.jpg,.jpg,3545020,4608x3456,ok
Totapuri,After ripening,Totapuri/After ripening/20250607_201508.jpg,20250607_201508.jpg,.jpg,3552390,4608x3456,ok
Totapuri,After ripening,Totapuri/After ripening/20250607_201510.jpg,20250607_201510.jpg,.jpg,3518248,4608x3456,ok
Totapuri,After ripening,Totapuri/After ripening/20250607_201524.jpg,20250607_201524.jpg,.jpg,4268308,4608x3456,ok
Totapuri,After ripening,Totapuri/After ripening/20250607_201533.jpg,20250607_201533.jpg,.jpg,3630470,4608x3456,ok
Totapuri,After ripening,Totapuri/After ripening/20250607_201539.jpg,20250607_201539.jpg,.jpg,4014899,4608x3456,ok
Totapuri,After ripening,Totapuri/After ripening/20250607_201542.jpg,20250607_201542.jpg,.jpg,3780138,4608x3456,ok
Totapuri,After ripening,Totapuri/After ripening/20250607_201811.jpg,20250607_201811.jpg,.jpg,4501910,4608x3456,ok
Totapuri,After ripening,Totapuri/After ripening/20250607_201814.jpg,20250607_201814.jpg,.jpg,4310931,4608x3456,ok
Totapuri,After ripening,Totapuri/After ripening/20260330_232114.jpg,20260330_232114.jpg,.jpg,2490952,4608x2128,ok
Totapuri,After ripening,Totapuri/After ripening/20260330_232117.jpg,20260330_232117.jpg,.jpg,2473712,4608x2128,ok
Totapuri,After ripening,Totapuri/After ripening/20260330_232119.jpg,20260330_232119.jpg,.jpg,2481466,4608x2128,ok
Totapuri,After ripening,Totapuri/After ripening/20260529_125757.jpg,20260529_125757.jpg,.jpg,2606282,4608x2128,ok
Totapuri,After ripening,Totapuri/After ripening/20260529_125759.jpg,20260529_125759.jpg,.jpg,2636793,4608x2128,ok
Totapuri,After ripening,Totapuri/After ripening/20260529_125801.jpg,20260529_125801.jpg,.jpg,2585521,4608x2128,ok
Totapuri,After ripening,Totapuri/After ripening/20260529_125802.jpg,20260529_125802.jpg,.jpg,2514158,4608x2128,ok
Totapuri,After ripening,Totapuri/After ripening/20260529_125806.jpg,20260529_125806.jpg,.jpg,2611179,4608x2128,ok
Totapuri,After ripening,Totapuri/After ripening/20260529_125808.jpg,20260529_125808.jpg,.jpg,2540006,4608x2128,ok
Totapuri,After ripening,Totapuri/After ripening/20260529_125810.jpg,20260529_125810.jpg,.jpg,2596987,4608x2128,ok
Totapuri,After ripening,Totapuri/After ripening/20260529_125815.jpg,20260529_125815.jpg,.jpg,2515388,4608x2128,ok
Totapuri,After ripening,Totapuri/After ripening/20260529_125818.jpg,20260529_125818.jpg,.jpg,2598176,4608x2128,ok
Totapuri,After ripening,Totapuri/After ripening/20260529_125833.jpg,20260529_125833.jpg,.jpg,2631473,4608x2128,ok
Totapuri,After ripening,Totapuri/After ripening/20260529_125836.jpg,20260529_125836.jpg,.jpg,2627071,4608x2128,ok
Totapuri,After ripening,Totapuri/After ripening/20260529_125849.jpg,20260529_125849.jpg,.jpg,2581998,4608x2128,ok
Totapuri,After ripening,Totapuri/After ripening/20260529_125851.jpg,20260529_125851.jpg,.jpg,2670973,4608x2128,ok
Totapuri,After ripening,Totapuri/After ripening/20260529_125853.jpg,20260529_125853.jpg,.jpg,2712209,4608x2128,ok
Totapuri,After ripening,Totapuri/After ripening/20260529_125855.jpg,20260529_125855.jpg,.jpg,2668954,4608x2128,ok
Totapuri,After ripening,Totapuri/After ripening/20260529_125909.jpg,20260529_125909.jpg,.jpg,2595979,4608x2128,ok
Totapuri,After ripening,Totapuri/After ripening/20260529_125911.jpg,20260529_125911.jpg,.jpg,2676339,4608x2128,ok
Totapuri,After ripening,Totapuri/After ripening/20260529_125912.jpg,20260529_125912.jpg,.jpg,2611293,4608x2128,ok
Totapuri,After ripening,Totapuri/After ripening/20260529_125914.jpg,20260529_125914.jpg,.jpg,2676955,4608x2128,ok
Totapuri,After ripening,Totapuri/After ripening/20260529_125927.jpg,20260529_125927.jpg,.jpg,2618052,4608x2128,ok
Totapuri,After ripening,Totapuri/After ripening/20260529_125929.jpg,20260529_125929.jpg,.jpg,2628928,4608x2128,ok
Totapuri,After ripening,Totapuri/After ripening/20260529_125931.jpg,20260529_125931.jpg,.jpg,2567761,4608x2128,ok
Totapuri,After ripening,Totapuri/After ripening/20260529_125932.jpg,20260529_125932.jpg,.jpg,2586590,4608x2128,ok
Totapuri,After ripening,Totapuri/After ripening/20260529_125956.jpg,20260529_125956.jpg,.jpg,2530758,4608x2128,ok
Totapuri,After ripening,Totapuri/After ripening/20260529_125958.jpg,20260529_125958.jpg,.jpg,2612053,4608x2128,ok
Totapuri,After ripening,Totapuri/After ripening/20260529_130000.jpg,20260529_130000.jpg,.jpg,2556167,4608x2128,ok
Totapuri,After ripening,Totapuri/After ripening/20260529_130001.jpg,20260529_130001.jpg,.jpg,2561928,4608x2128,ok
Totapuri,After ripening,Totapuri/After ripening/20260529_130003.jpg,20260529_130003.jpg,.jpg,2559210,4608x2128,ok
Totapuri,After ripening,Totapuri/After ripening/20260529_130005.jpg,20260529_130005.jpg,.jpg,2546459,4608x2128,ok
Totapuri,After ripening,Totapuri/After ripening/20260529_130007.jpg,20260529_130007.jpg,.jpg,2504672,4608x2128,ok
Totapuri,After ripening,Totapuri/After ripening/20260529_130008.jpg,20260529_130008.jpg,.jpg,2427810,4608x2128,ok
Totapuri,After ripening,Totapuri/After ripening/20260529_130012.jpg,20260529_130012.jpg,.jpg,2502804,4608x2128,ok
Totapuri,After ripening,Totapuri/After ripening/20260529_130014.jpg,20260529_130014.jpg,.jpg,2529835,4608x2128,ok
Totapuri,After ripening,Totapuri/After ripening/20260529_130015.jpg,20260529_130015.jpg,.jpg,2501552,4608x2128,ok
Totapuri,After ripening,Totapuri/After ripening/20260529_130034.jpg,20260529_130034.jpg,.jpg,2628077,4608x2128,ok
Totapuri,After ripening,Totapuri/After ripening/20260529_130036.jpg,20260529_130036.jpg,.jpg,2557556,4608x2128,ok
Totapuri,After ripening,Totapuri/After ripening/20260529_130038.jpg,20260529_130038.jpg,.jpg,2568750,4608x2128,ok
Totapuri,After ripening,Totapuri/After ripening/20260529_130040.jpg,20260529_130040.jpg,.jpg,2565196,4608x2128,ok
Totapuri,After ripening,Totapuri/After ripening/20260529_130042.jpg,20260529_130042.jpg,.jpg,2554495,4608x2128,ok
Totapuri,After ripening,Totapuri/After ripening/20260529_130043.jpg,20260529_130043.jpg,.jpg,2561016,4608x2128,ok
Totapuri,After ripening,Totapuri/After ripening/20260529_130045.jpg,20260529_130045.jpg,.jpg,2546704,4608x2128,ok
Totapuri,After ripening,Totapuri/After ripening/20260529_130047.jpg,20260529_130047.jpg,.jpg,2545900,4608x2128,ok
Totapuri,After ripening,Totapuri/After ripening/20260529_130049.jpg,20260529_130049.jpg,.jpg,2554162,4608x2128,ok
Totapuri,After ripening,Totapuri/After ripening/20260529_130107.jpg,20260529_130107.jpg,.jpg,2436464,4608x2128,ok
Totapuri,After ripening,Totapuri/After ripening/20260529_130109.jpg,20260529_130109.jpg,.jpg,2504615,4608x2128,ok
Totapuri,After ripening,Totapuri/After ripening/20260529_130110.jpg,20260529_130110.jpg,.jpg,2494062,4608x2128,ok
Totapuri,After ripening,Totapuri/After ripening/20260529_130112.jpg,20260529_130112.jpg,.jpg,2507134,4608x2128,ok
Totapuri,After ripening,Totapuri/After ripening/20260529_130114.jpg,20260529_130114.jpg,.jpg,2502675,4608x2128,ok
Totapuri,After ripening,Totapuri/After ripening/20260529_130115.jpg,20260529_130115.jpg,.jpg,2511127,4608x2128,ok
Totapuri,After ripening,Totapuri/After ripening/20260610_55417pmByGPSMapCamera.jpg,20260610_55417pmByGPSMapCamera.jpg,.jpg,6162130,3456x4608,ok
Totapuri,After ripening,Totapuri/After ripening/20260610_55420pmByGPSMapCamera.jpg,20260610_55420pmByGPSMapCamera.jpg,.jpg,6163537,3456x4608,ok
Totapuri,After ripening,Totapuri/After ripening/20260610_55423pmByGPSMapCamera.jpg,20260610_55423pmByGPSMapCamera.jpg,.jpg,6171596,3456x4608,ok
Totapuri,After ripening,Totapuri/After ripening/20260610_55425pmByGPSMapCamera.jpg,20260610_55425pmByGPSMapCamera.jpg,.jpg,6189277,3456x4608,ok
Totapuri,After ripening,Totapuri/After ripening/20260610_55429pmByGPSMapCamera.jpg,20260610_55429pmByGPSMapCamera.jpg,.jpg,6147306,3456x4608,ok
Totapuri,After ripening,Totapuri/After ripening/20260610_55440pmByGPSMapCamera.jpg,20260610_55440pmByGPSMapCamera.jpg,.jpg,5998747,3456x4608,ok
Totapuri,After ripening,Totapuri/After ripening/20260610_55442pmByGPSMapCamera.jpg,20260610_55442pmByGPSMapCamera.jpg,.jpg,6131880,3456x4608,ok
Totapuri,After ripening,Totapuri/After ripening/20260610_55446pmByGPSMapCamera.jpg,20260610_55446pmByGPSMapCamera.jpg,.jpg,6126152,3456x4608,ok
Totapuri,After ripening,Totapuri/After ripening/20260610_55457pmByGPSMapCamera.jpg,20260610_55457pmByGPSMapCamera.jpg,.jpg,6021590,3456x4608,ok
Totapuri,After ripening,Totapuri/After ripening/20260610_55459pmByGPSMapCamera.jpg,20260610_55459pmByGPSMapCamera.jpg,.jpg,6438869,3456x4608,ok
Totapuri,After ripening,Totapuri/After ripening/20260610_55506pmByGPSMapCamera.jpg,20260610_55506pmByGPSMapCamera.jpg,.jpg,6333419,3456x4608,ok
Totapuri,After ripening,Totapuri/After ripening/20260610_60259pmByGPSMapCamera.jpg,20260610_60259pmByGPSMapCamera.jpg,.jpg,9487519,3456x4608,ok
Totapuri,After ripening,Totapuri/After ripening/20260610_60728pmByGPSMapCamera.jpg,20260610_60728pmByGPSMapCamera.jpg,.jpg,8304390,3456x4608,ok
Totapuri,After ripening,Totapuri/After ripening/20260610_60732pmByGPSMapCamera.jpg,20260610_60732pmByGPSMapCamera.jpg,.jpg,8477537,3456x4608,ok
Totapuri,After ripening,Totapuri/After ripening/20260610_60735pmByGPSMapCamera.jpg,20260610_60735pmByGPSMapCamera.jpg,.jpg,8435928,3456x4608,ok
Totapuri,After ripening,Totapuri/After ripening/20260617_181413.jpg,20260617_181413.jpg,.jpg,1784717,4608x2128,ok
Totapuri,After ripening,Totapuri/After ripening/20260617_181416.jpg,20260617_181416.jpg,.jpg,2274387,4608x2128,ok
Totapuri,After ripening,Totapuri/After ripening/20260620_163940.jpg,20260620_163940.jpg,.jpg,2690031,4608x2128,ok
Totapuri,After ripening,Totapuri/After ripening/20260620_163941.jpg,20260620_163941.jpg,.jpg,2760889,4608x2128,ok
Totapuri,After ripening,Totapuri/After ripening/20260620_164131.jpg,20260620_164131.jpg,.jpg,2534980,4608x2128,ok
Totapuri,After ripening,Totapuri/After ripening/20260620_164133.jpg,20260620_164133.jpg,.jpg,2610479,4608x2128,ok
Totapuri,After ripening,Totapuri/After ripening/20260620_164345.jpg,20260620_164345.jpg,.jpg,3052634,4608x2128,ok
Totapuri,After ripening,Totapuri/After ripening/20260620_164347.jpg,20260620_164347.jpg,.jpg,2790295,4608x2128,ok
Totapuri,After ripening,Totapuri/After ripening/20260620_164351.jpg,20260620_164351.jpg,.jpg,2808592,4608x2128,ok
Totapuri,After ripening,Totapuri/After ripening/20260620_171747.jpg,20260620_171747.jpg,.jpg,2520755,4608x2128,ok
Totapuri,After ripening,Totapuri/After ripening/20260620_171749.jpg,20260620_171749.jpg,.jpg,2438307,4608x2128,ok
Totapuri,After ripening,Totapuri/After ripening/20260620_171752.jpg,20260620_171752.jpg,.jpg,2551534,4608x2128,ok
Totapuri,After ripening,Totapuri/After ripening/20260620_172348.jpg,20260620_172348.jpg,.jpg,2420719,4608x2128,ok
Totapuri,After ripening,Totapuri/After ripening/Totapuri 1 (1).jpeg,Totapuri 1 (1).jpeg,.jpeg,99130,741x658,ok
Totapuri,After ripening,Totapuri/After ripening/Totapuri 1 (1).jpg,Totapuri 1 (1).jpg,.jpg,4057783,4608x3456,ok
Totapuri,After ripening,Totapuri/After ripening/Totapuri 1 (1).webp,Totapuri 1 (1).webp,.webp,52214,659x1000,ok
Totapuri,After ripening,Totapuri/After ripening/Totapuri 1 (10).jpeg,Totapuri 1 (10).jpeg,.jpeg,67930,1152x864,ok
Totapuri,After ripening,Totapuri/After ripening/Totapuri 1 (10).jpg,Totapuri 1 (10).jpg,.jpg,4266245,4608x3456,ok
Totapuri,After ripening,Totapuri/After ripening/Totapuri 1 (11).jpeg,Totapuri 1 (11).jpeg,.jpeg,67057,1152x864,ok
Totapuri,After ripening,Totapuri/After ripening/Totapuri 1 (11).jpg,Totapuri 1 (11).jpg,.jpg,4476484,4608x3456,ok
Totapuri,After ripening,Totapuri/After ripening/Totapuri 1 (12).jpeg,Totapuri 1 (12).jpeg,.jpeg,67057,1152x864,ok
Totapuri,After ripening,Totapuri/After ripening/Totapuri 1 (12).jpg,Totapuri 1 (12).jpg,.jpg,4476484,4608x3456,ok
Totapuri,After ripening,Totapuri/After ripening/Totapuri 1 (13).jpeg,Totapuri 1 (13).jpeg,.jpeg,75410,864x1152,ok
Totapuri,After ripening,Totapuri/After ripening/Totapuri 1 (13).jpg,Totapuri 1 (13).jpg,.jpg,3984097,4608x3456,ok
Totapuri,After ripening,Totapuri/After ripening/Totapuri 1 (14).jpeg,Totapuri 1 (14).jpeg,.jpeg,75410,864x1152,ok
Totapuri,After ripening,Totapuri/After ripening/Totapuri 1 (14).jpg,Totapuri 1 (14).jpg,.jpg,3984097,4608x3456,ok
Totapuri,After ripening,Totapuri/After ripening/Totapuri 1 (15).jpeg,Totapuri 1 (15).jpeg,.jpeg,71987,864x1152,ok
Totapuri,After ripening,Totapuri/After ripening/Totapuri 1 (15).jpg,Totapuri 1 (15).jpg,.jpg,4102153,4608x3456,ok
Totapuri,After ripening,Totapuri/After ripening/Totapuri 1 (16).jpeg,Totapuri 1 (16).jpeg,.jpeg,62231,864x1152,ok
Totapuri,After ripening,Totapuri/After ripening/Totapuri 1 (16).jpg,Totapuri 1 (16).jpg,.jpg,4102153,4608x3456,ok
Totapuri,After ripening,Totapuri/After ripening/Totapuri 1 (17).jpeg,Totapuri 1 (17).jpeg,.jpeg,62231,864x1152,ok
Totapuri,After ripening,Totapuri/After ripening/Totapuri 1 (17).jpg,Totapuri 1 (17).jpg,.jpg,4003727,4608x3456,ok
Totapuri,After ripening,Totapuri/After ripening/Totapuri 1 (18).jpeg,Totapuri 1 (18).jpeg,.jpeg,71987,864x1152,ok
Totapuri,After ripening,Totapuri/After ripening/Totapuri 1 (18).jpg,Totapuri 1 (18).jpg,.jpg,4003727,4608x3456,ok
Totapuri,After ripening,Totapuri/After ripening/Totapuri 1 (19).jpeg,Totapuri 1 (19).jpeg,.jpeg,80162,864x1152,ok
Totapuri,After ripening,Totapuri/After ripening/Totapuri 1 (19).jpg,Totapuri 1 (19).jpg,.jpg,4066040,4608x3456,ok
Totapuri,After ripening,Totapuri/After ripening/Totapuri 1 (2).jpeg,Totapuri 1 (2).jpeg,.jpeg,99130,741x658,ok
Totapuri,After ripening,Totapuri/After ripening/Totapuri 1 (2).jpg,Totapuri 1 (2).jpg,.jpg,4057783,4608x3456,ok
Totapuri,After ripening,Totapuri/After ripening/Totapuri 1 (2).webp,Totapuri 1 (2).webp,.webp,52214,659x1000,ok
Totapuri,After ripening,Totapuri/After ripening/Totapuri 1 (20).jpeg,Totapuri 1 (20).jpeg,.jpeg,72437,864x1152,ok
Totapuri,After ripening,Totapuri/After ripening/Totapuri 1 (20).jpg,Totapuri 1 (20).jpg,.jpg,4066040,4608x3456,ok
Totapuri,After ripening,Totapuri/After ripening/Totapuri 1 (21).jpeg,Totapuri 1 (21).jpeg,.jpeg,72437,864x1152,ok
Totapuri,After ripening,Totapuri/After ripening/Totapuri 1 (21).jpg,Totapuri 1 (21).jpg,.jpg,3545020,4608x3456,ok
Totapuri,After ripening,Totapuri/After ripening/Totapuri 1 (22).jpeg,Totapuri 1 (22).jpeg,.jpeg,80162,864x1152,ok
Totapuri,After ripening,Totapuri/After ripening/Totapuri 1 (22).jpg,Totapuri 1 (22).jpg,.jpg,3545020,4608x3456,ok
Totapuri,After ripening,Totapuri/After ripening/Totapuri 1 (23).jpeg,Totapuri 1 (23).jpeg,.jpeg,72403,864x1152,ok
Totapuri,After ripening,Totapuri/After ripening/Totapuri 1 (23).jpg,Totapuri 1 (23).jpg,.jpg,3552390,4608x3456,ok
Totapuri,After ripening,Totapuri/After ripening/Totapuri 1 (24).jpeg,Totapuri 1 (24).jpeg,.jpeg,86039,864x1152,ok
Totapuri,After ripening,Totapuri/After ripening/Totapuri 1 (24).jpg,Totapuri 1 (24).jpg,.jpg,3552390,4608x3456,ok
Totapuri,After ripening,Totapuri/After ripening/Totapuri 1 (25).jpeg,Totapuri 1 (25).jpeg,.jpeg,86039,864x1152,ok
Totapuri,After ripening,Totapuri/After ripening/Totapuri 1 (25).jpg,Totapuri 1 (25).jpg,.jpg,3518248,4608x3456,ok
Totapuri,After ripening,Totapuri/After ripening/Totapuri 1 (26).jpeg,Totapuri 1 (26).jpeg,.jpeg,72403,864x1152,ok
Totapuri,After ripening,Totapuri/After ripening/Totapuri 1 (26).jpg,Totapuri 1 (26).jpg,.jpg,3518248,4608x3456,ok
Totapuri,After ripening,Totapuri/After ripening/Totapuri 1 (27).jpeg,Totapuri 1 (27).jpeg,.jpeg,86643,864x1152,ok
Totapuri,After ripening,Totapuri/After ripening/Totapuri 1 (27).jpg,Totapuri 1 (27).jpg,.jpg,4268308,4608x3456,ok
Totapuri,After ripening,Totapuri/After ripening/Totapuri 1 (28).jpeg,Totapuri 1 (28).jpeg,.jpeg,86643,864x1152,ok
Totapuri,After ripening,Totapuri/After ripening/Totapuri 1 (28).jpg,Totapuri 1 (28).jpg,.jpg,4268308,4608x3456,ok
Totapuri,After ripening,Totapuri/After ripening/Totapuri 1 (29).jpeg,Totapuri 1 (29).jpeg,.jpeg,84014,864x1152,ok
Totapuri,After ripening,Totapuri/After ripening/Totapuri 1 (29).jpg,Totapuri 1 (29).jpg,.jpg,4014899,4608x3456,ok
Totapuri,After ripening,Totapuri/After ripening/Totapuri 1 (3).jpeg,Totapuri 1 (3).jpeg,.jpeg,20404,280x289,ok
Totapuri,After ripening,Totapuri/After ripening/Totapuri 1 (3).jpg,Totapuri 1 (3).jpg,.jpg,4372473,4608x3456,ok
Totapuri,After ripening,Totapuri/After ripening/Totapuri 1 (3).webp,Totapuri 1 (3).webp,.webp,40586,500x456,ok
Totapuri,After ripening,Totapuri/After ripening/Totapuri 1 (30).jpeg,Totapuri 1 (30).jpeg,.jpeg,84014,864x1152,ok
Totapuri,After ripening,Totapuri/After ripening/Totapuri 1 (30).jpg,Totapuri 1 (30).jpg,.jpg,4014899,4608x3456,ok
Totapuri,After ripening,Totapuri/After ripening/Totapuri 1 (31).jpeg,Totapuri 1 (31).jpeg,.jpeg,86899,864x1152,ok
Totapuri,After ripening,Totapuri/After ripening/Totapuri 1 (31).jpg,Totapuri 1 (31).jpg,.jpg,3780138,4608x3456,ok
Totapuri,After ripening,Totapuri/After ripening/Totapuri 1 (32).jpeg,Totapuri 1 (32).jpeg,.jpeg,86899,864x1152,ok
Totapuri,After ripening,Totapuri/After ripening/Totapuri 1 (32).jpg,Totapuri 1 (32).jpg,.jpg,3780138,4608x3456,ok
Totapuri,After ripening,Totapuri/After ripening/Totapuri 1 (33).jpeg,Totapuri 1 (33).jpeg,.jpeg,78072,864x1152,ok
Totapuri,After ripening,Totapuri/After ripening/Totapuri 1 (33).jpg,Totapuri 1 (33).jpg,.jpg,4501910,4608x3456,ok
Totapuri,After ripening,Totapuri/After ripening/Totapuri 1 (34).jpeg,Totapuri 1 (34).jpeg,.jpeg,78072,864x1152,ok
Totapuri,After ripening,Totapuri/After ripening/Totapuri 1 (34).jpg,Totapuri 1 (34).jpg,.jpg,4501910,4608x3456,ok
Totapuri,After ripening,Totapuri/After ripening/Totapuri 1 (35).jpeg,Totapuri 1 (35).jpeg,.jpeg,89284,864x1152,ok
Totapuri,After ripening,Totapuri/After ripening/Totapuri 1 (35).jpg,Totapuri 1 (35).jpg,.jpg,4310931,4608x3456,ok
Totapuri,After ripening,Totapuri/After ripening/Totapuri 1 (36).jpeg,Totapuri 1 (36).jpeg,.jpeg,89686,864x1152,ok
Totapuri,After ripening,Totapuri/After ripening/Totapuri 1 (36).jpg,Totapuri 1 (36).jpg,.jpg,4310931,4608x3456,ok
Totapuri,After ripening,Totapuri/After ripening/Totapuri 1 (37).jpeg,Totapuri 1 (37).jpeg,.jpeg,89686,864x1152,ok
Totapuri,After ripening,Totapuri/After ripening/Totapuri 1 (37).jpg,Totapuri 1 (37).jpg,.jpg,24386,347x259,ok
Totapuri,After ripening,Totapuri/After ripening/Totapuri 1 (38).jpeg,Totapuri 1 (38).jpeg,.jpeg,89284,864x1152,ok
Totapuri,After ripening,Totapuri/After ripening/Totapuri 1 (38).jpg,Totapuri 1 (38).jpg,.jpg,24386,347x259,ok
Totapuri,After ripening,Totapuri/After ripening/Totapuri 1 (39).jpeg,Totapuri 1 (39).jpeg,.jpeg,84100,864x1152,ok
Totapuri,After ripening,Totapuri/After ripening/Totapuri 1 (39).jpg,Totapuri 1 (39).jpg,.jpg,197610,1517x918,ok
Totapuri,After ripening,Totapuri/After ripening/Totapuri 1 (4).jpeg,Totapuri 1 (4).jpeg,.jpeg,20404,280x289,ok
Totapuri,After ripening,Totapuri/After ripening/Totapuri 1 (4).jpg,Totapuri 1 (4).jpg,.jpg,4372473,4608x3456,ok
Totapuri,After ripening,Totapuri/After ripening/Totapuri 1 (4).webp,Totapuri 1 (4).webp,.webp,40586,500x456,ok
Totapuri,After ripening,Totapuri/After ripening/Totapuri 1 (40).jpeg,Totapuri 1 (40).jpeg,.jpeg,84100,864x1152,ok
Totapuri,After ripening,Totapuri/After ripening/Totapuri 1 (40).jpg,Totapuri 1 (40).jpg,.jpg,226425,1280x674,ok
Totapuri,After ripening,Totapuri/After ripening/Totapuri 1 (41).jpeg,Totapuri 1 (41).jpeg,.jpeg,81725,864x1152,ok
Totapuri,After ripening,Totapuri/After ripening/Totapuri 1 (41).jpg,Totapuri 1 (41).jpg,.jpg,524288,1280x720,ok
Totapuri,After ripening,Totapuri/After ripening/Totapuri 1 (42).jpeg,Totapuri 1 (42).jpeg,.jpeg,81725,864x1152,ok
Totapuri,After ripening,Totapuri/After ripening/Totapuri 1 (42).jpg,Totapuri 1 (42).jpg,.jpg,42893,500x375,ok
Totapuri,After ripening,Totapuri/After ripening/Totapuri 1 (43).jpeg,Totapuri 1 (43).jpeg,.jpeg,84433,864x1152,ok
Totapuri,After ripening,Totapuri/After ripening/Totapuri 1 (43).jpg,Totapuri 1 (43).jpg,.jpg,42893,500x375,ok
Totapuri,After ripening,Totapuri/After ripening/Totapuri 1 (44).jpeg,Totapuri 1 (44).jpeg,.jpeg,68430,864x1152,ok
Totapuri,After ripening,Totapuri/After ripening/Totapuri 1 (44).jpg,Totapuri 1 (44).jpg,.jpg,63679,425x617,ok
Totapuri,After ripening,Totapuri/After ripening/Totapuri 1 (45).jpeg,Totapuri 1 (45).jpeg,.jpeg,68430,864x1152,ok
Totapuri,After ripening,Totapuri/After ripening/Totapuri 1 (45).jpg,Totapuri 1 (45).jpg,.jpg,63679,425x617,ok
Totapuri,After ripening,Totapuri/After ripening/Totapuri 1 (46).jpeg,Totapuri 1 (46).jpeg,.jpeg,84433,864x1152,ok
Totapuri,After ripening,Totapuri/After ripening/Totapuri 1 (46).jpg,Totapuri 1 (46).jpg,.jpg,95319,513x673,ok
Totapuri,After ripening,Totapuri/After ripening/Totapuri 1 (47).jpeg,Totapuri 1 (47).jpeg,.jpeg,61417,1152x864,ok
Totapuri,After ripening,Totapuri/After ripening/Totapuri 1 (47).jpg,Totapuri 1 (47).jpg,.jpg,95319,513x673,ok
Totapuri,After ripening,Totapuri/After ripening/Totapuri 1 (48).jpeg,Totapuri 1 (48).jpeg,.jpeg,72769,864x1152,ok
Totapuri,After ripening,Totapuri/After ripening/Totapuri 1 (48).jpg,Totapuri 1 (48).jpg,.jpg,31513,380x345,ok
Totapuri,After ripening,Totapuri/After ripening/Totapuri 1 (49).jpeg,Totapuri 1 (49).jpeg,.jpeg,72769,864x1152,ok
Totapuri,After ripening,Totapuri/After ripening/Totapuri 1 (49).jpg,Totapuri 1 (49).jpg,.jpg,31513,380x345,ok
Totapuri,After ripening,Totapuri/After ripening/Totapuri 1 (5).jpeg,Totapuri 1 (5).jpeg,.jpeg,93634,695x504,ok
Totapuri,After ripening,Totapuri/After ripening/Totapuri 1 (5).jpg,Totapuri 1 (5).jpg,.jpg,4386630,4608x3456,ok
Totapuri,After ripening,Totapuri/After ripening/Totapuri 1 (50).jpeg,Totapuri 1 (50).jpeg,.jpeg,61417,1152x864,ok
Totapuri,After ripening,Totapuri/After ripening/Totapuri 1 (50).jpg,Totapuri 1 (50).jpg,.jpg,69680,394x593,ok
Totapuri,After ripening,Totapuri/After ripening/Totapuri 1 (51).jpeg,Totapuri 1 (51).jpeg,.jpeg,78531,864x1152,ok
Totapuri,After ripening,Totapuri/After ripening/Totapuri 1 (51).jpg,Totapuri 1 (51).jpg,.jpg,69680,394x593,ok
Totapuri,After ripening,Totapuri/After ripening/Totapuri 1 (52).jpeg,Totapuri 1 (52).jpeg,.jpeg,62807,1152x864,ok
Totapuri,After ripening,Totapuri/After ripening/Totapuri 1 (52).jpg,Totapuri 1 (52).jpg,.jpg,33391,385x322,ok
Totapuri,After ripening,Totapuri/After ripening/Totapuri 1 (53).jpeg,Totapuri 1 (53).jpeg,.jpeg,62807,1152x864,ok
Totapuri,After ripening,Totapuri/After ripening/Totapuri 1 (53).jpg,Totapuri 1 (53).jpg,.jpg,33391,385x322,ok
Totapuri,After ripening,Totapuri/After ripening/Totapuri 1 (54).jpeg,Totapuri 1 (54).jpeg,.jpeg,78531,864x1152,ok
Totapuri,After ripening,Totapuri/After ripening/Totapuri 1 (54).jpg,Totapuri 1 (54).jpg,.jpg,80051,808x352,ok
Totapuri,After ripening,Totapuri/After ripening/Totapuri 1 (55).jpeg,Totapuri 1 (55).jpeg,.jpeg,61258,1152x864,ok
Totapuri,After ripening,Totapuri/After ripening/Totapuri 1 (55).jpg,Totapuri 1 (55).jpg,.jpg,80051,808x352,ok
Totapuri,After ripening,Totapuri/After ripening/Totapuri 1 (56).jpeg,Totapuri 1 (56).jpeg,.jpeg,75161,1152x864,ok
Totapuri,After ripening,Totapuri/After ripening/Totapuri 1 (56).jpg,Totapuri 1 (56).jpg,.jpg,25293,255x375,ok
Totapuri,After ripening,Totapuri/After ripening/Totapuri 1 (57).jpeg,Totapuri 1 (57).jpeg,.jpeg,75161,1152x864,ok
Totapuri,After ripening,Totapuri/After ripening/Totapuri 1 (57).jpg,Totapuri 1 (57).jpg,.jpg,25293,255x375,ok
Totapuri,After ripening,Totapuri/After ripening/Totapuri 1 (58).jpeg,Totapuri 1 (58).jpeg,.jpeg,61258,1152x864,ok
Totapuri,After ripening,Totapuri/After ripening/Totapuri 1 (58).jpg,Totapuri 1 (58).jpg,.jpg,26757,259x375,ok
Totapuri,After ripening,Totapuri/After ripening/Totapuri 1 (59).jpeg,Totapuri 1 (59).jpeg,.jpeg,67100,1152x864,ok
Totapuri,After ripening,Totapuri/After ripening/Totapuri 1 (59).jpg,Totapuri 1 (59).jpg,.jpg,26757,259x375,ok
Totapuri,After ripening,Totapuri/After ripening/Totapuri 1 (6).jpeg,Totapuri 1 (6).jpeg,.jpeg,93634,695x504,ok
Totapuri,After ripening,Totapuri/After ripening/Totapuri 1 (6).jpg,Totapuri 1 (6).jpg,.jpg,4386630,4608x3456,ok
Totapuri,After ripening,Totapuri/After ripening/Totapuri 1 (60).jpeg,Totapuri 1 (60).jpeg,.jpeg,67100,1152x864,ok
Totapuri,After ripening,Totapuri/After ripening/Totapuri 1 (60).jpg,Totapuri 1 (60).jpg,.jpg,83737,606x751,ok
Totapuri,After ripening,Totapuri/After ripening/Totapuri 1 (61).jpeg,Totapuri 1 (61).jpeg,.jpeg,61056,1152x864,ok
Totapuri,After ripening,Totapuri/After ripening/Totapuri 1 (61).jpg,Totapuri 1 (61).jpg,.jpg,83737,606x751,ok
Totapuri,After ripening,Totapuri/After ripening/Totapuri 1 (62).jpeg,Totapuri 1 (62).jpeg,.jpeg,61056,1152x864,ok
Totapuri,After ripening,Totapuri/After ripening/Totapuri 1 (62).jpg,Totapuri 1 (62).jpg,.jpg,115533,755x918,ok
Totapuri,After ripening,Totapuri/After ripening/Totapuri 1 (63).jpeg,Totapuri 1 (63).jpeg,.jpeg,93132,1152x864,ok
Totapuri,After ripening,Totapuri/After ripening/Totapuri 1 (63).jpg,Totapuri 1 (63).jpg,.jpg,115533,755x918,ok
Totapuri,After ripening,Totapuri/After ripening/Totapuri 1 (64).jpeg,Totapuri 1 (64).jpeg,.jpeg,93132,1152x864,ok
Totapuri,After ripening,Totapuri/After ripening/Totapuri 1 (64).jpg,Totapuri 1 (64).jpg,.jpg,38716,258x456,ok
Totapuri,After ripening,Totapuri/After ripening/Totapuri 1 (65).jpeg,Totapuri 1 (65).jpeg,.jpeg,76621,1152x864,ok
Totapuri,After ripening,Totapuri/After ripening/Totapuri 1 (65).jpg,Totapuri 1 (65).jpg,.jpg,197610,1517x918,ok
Totapuri,After ripening,Totapuri/After ripening/Totapuri 1 (66).jpeg,Totapuri 1 (66).jpeg,.jpeg,76621,1152x864,ok
Totapuri,After ripening,Totapuri/After ripening/Totapuri 1 (66).jpg,Totapuri 1 (66).jpg,.jpg,50117,330x456,ok
Totapuri,After ripening,Totapuri/After ripening/Totapuri 1 (67).jpeg,Totapuri 1 (67).jpeg,.jpeg,76155,1152x864,ok
Totapuri,After ripening,Totapuri/After ripening/Totapuri 1 (68).jpeg,Totapuri 1 (68).jpeg,.jpeg,76155,1152x864,ok
Totapuri,After ripening,Totapuri/After ripening/Totapuri 1 (69).jpeg,Totapuri 1 (69).jpeg,.jpeg,79493,864x1152,ok
Totapuri,After ripening,Totapuri/After ripening/Totapuri 1 (7).jpeg,Totapuri 1 (7).jpeg,.jpeg,68432,1152x864,ok
Totapuri,After ripening,Totapuri/After ripening/Totapuri 1 (7).jpg,Totapuri 1 (7).jpg,.jpg,4157538,4608x3456,ok
Totapuri,After ripening,Totapuri/After ripening/Totapuri 1 (70).jpeg,Totapuri 1 (70).jpeg,.jpeg,79493,864x1152,ok
Totapuri,After ripening,Totapuri/After ripening/Totapuri 1 (71).jpeg,Totapuri 1 (71).jpeg,.jpeg,69535,1152x864,ok
Totapuri,After ripening,Totapuri/After ripening/Totapuri 1 (72).jpeg,Totapuri 1 (72).jpeg,.jpeg,69535,1152x864,ok
Totapuri,After ripening,Totapuri/After ripening/Totapuri 1 (73).jpeg,Totapuri 1 (73).jpeg,.jpeg,67930,1152x864,ok
Totapuri,After ripening,Totapuri/After ripening/Totapuri 1 (74).jpeg,Totapuri 1 (74).jpeg,.jpeg,67057,1152x864,ok
Totapuri,After ripening,Totapuri/After ripening/Totapuri 1 (75).jpeg,Totapuri 1 (75).jpeg,.jpeg,67057,1152x864,ok
Totapuri,After ripening,Totapuri/After ripening/Totapuri 1 (8).jpeg,Totapuri 1 (8).jpeg,.jpeg,68432,1152x864,ok
Totapuri,After ripening,Totapuri/After ripening/Totapuri 1 (8).jpg,Totapuri 1 (8).jpg,.jpg,4157538,4608x3456,ok
Totapuri,After ripening,Totapuri/After ripening/Totapuri 1 (9).jpeg,Totapuri 1 (9).jpeg,.jpeg,67930,1152x864,ok
Totapuri,After ripening,Totapuri/After ripening/Totapuri 1 (9).jpg,Totapuri 1 (9).jpg,.jpg,4266245,4608x3456,ok
Totapuri,After ripening,Totapuri/After ripening/Totapuri.jpeg,Totapuri.jpeg,.jpeg,99130,741x658,ok
Totapuri,After ripening,Totapuri/After ripening/WhatsApp Image 2025-06-16 at 8.43.45 PM (5).jpeg,WhatsApp Image 2025-06-16 at 8.43.45 PM (5).jpeg,.jpeg,20404,280x289,ok
Totapuri,After ripening,Totapuri/After ripening/WhatsApp Image 2025-06-16 at 8.43.45 PM (6).jpeg,WhatsApp Image 2025-06-16 at 8.43.45 PM (6).jpeg,.jpeg,93634,695x504,ok
Totapuri,After ripening,Totapuri/After ripening/WhatsApp Image 2025-08-21 at 10.26.58 PM (1).jpeg,WhatsApp Image 2025-08-21 at 10.26.58 PM (1).jpeg,.jpeg,68432,1152x864,ok
Totapuri,After ripening,Totapuri/After ripening/WhatsApp Image 2025-08-21 at 10.26.59 PM.jpeg,WhatsApp Image 2025-08-21 at 10.26.59 PM.jpeg,.jpeg,67930,1152x864,ok
Totapuri,After ripening,Totapuri/After ripening/WhatsApp Image 2025-08-21 at 10.27.00 PM.jpeg,WhatsApp Image 2025-08-21 at 10.27.00 PM.jpeg,.jpeg,67057,1152x864,ok
Totapuri,After ripening,Totapuri/After ripening/WhatsApp Image 2025-08-21 at 10.27.23 PM.jpeg,WhatsApp Image 2025-08-21 at 10.27.23 PM.jpeg,.jpeg,75410,864x1152,ok
Totapuri,After ripening,Totapuri/After ripening/WhatsApp Image 2025-08-21 at 10.27.24 PM (1).jpeg,WhatsApp Image 2025-08-21 at 10.27.24 PM (1).jpeg,.jpeg,62231,864x1152,ok
Totapuri,After ripening,Totapuri/After ripening/WhatsApp Image 2025-08-21 at 10.27.24 PM.jpeg,WhatsApp Image 2025-08-21 at 10.27.24 PM.jpeg,.jpeg,71987,864x1152,ok
Totapuri,After ripening,Totapuri/After ripening/WhatsApp Image 2025-08-21 at 10.27.25 PM (1).jpeg,WhatsApp Image 2025-08-21 at 10.27.25 PM (1).jpeg,.jpeg,72437,864x1152,ok
Totapuri,After ripening,Totapuri/After ripening/WhatsApp Image 2025-08-21 at 10.27.25 PM.jpeg,WhatsApp Image 2025-08-21 at 10.27.25 PM.jpeg,.jpeg,80162,864x1152,ok
Totapuri,After ripening,Totapuri/After ripening/WhatsApp Image 2025-08-21 at 10.27.26 PM (1).jpeg,WhatsApp Image 2025-08-21 at 10.27.26 PM (1).jpeg,.jpeg,86039,864x1152,ok
Totapuri,After ripening,Totapuri/After ripening/WhatsApp Image 2025-08-21 at 10.27.26 PM.jpeg,WhatsApp Image 2025-08-21 at 10.27.26 PM.jpeg,.jpeg,72403,864x1152,ok
Totapuri,After ripening,Totapuri/After ripening/WhatsApp Image 2025-08-21 at 10.27.27 PM.jpeg,WhatsApp Image 2025-08-21 at 10.27.27 PM.jpeg,.jpeg,86643,864x1152,ok
Totapuri,After ripening,Totapuri/After ripening/WhatsApp Image 2025-08-21 at 10.27.28 PM.jpeg,WhatsApp Image 2025-08-21 at 10.27.28 PM.jpeg,.jpeg,84014,864x1152,ok
Totapuri,After ripening,Totapuri/After ripening/WhatsApp Image 2025-08-21 at 10.27.47 PM.jpeg,WhatsApp Image 2025-08-21 at 10.27.47 PM.jpeg,.jpeg,86899,864x1152,ok
Totapuri,After ripening,Totapuri/After ripening/WhatsApp Image 2025-08-21 at 10.27.48 PM (1).jpeg,WhatsApp Image 2025-08-21 at 10.27.48 PM (1).jpeg,.jpeg,78072,864x1152,ok
Totapuri,After ripening,Totapuri/After ripening/WhatsApp Image 2025-08-21 at 10.27.49 PM (1).jpeg,WhatsApp Image 2025-08-21 at 10.27.49 PM (1).jpeg,.jpeg,89686,864x1152,ok
Totapuri,After ripening,Totapuri/After ripening/WhatsApp Image 2025-08-21 at 10.27.49 PM.jpeg,WhatsApp Image 2025-08-21 at 10.27.49 PM.jpeg,.jpeg,89284,864x1152,ok
Totapuri,After ripening,Totapuri/After ripening/WhatsApp Image 2025-08-21 at 10.27.50 PM.jpeg,WhatsApp Image 2025-08-21 at 10.27.50 PM.jpeg,.jpeg,84100,864x1152,ok
Totapuri,After ripening,Totapuri/After ripening/WhatsApp Image 2025-08-21 at 10.27.51 PM.jpeg,WhatsApp Image 2025-08-21 at 10.27.51 PM.jpeg,.jpeg,81725,864x1152,ok
Totapuri,After ripening,Totapuri/After ripening/WhatsApp Image 2025-08-21 at 10.27.57 PM (1).jpeg,WhatsApp Image 2025-08-21 at 10.27.57 PM (1).jpeg,.jpeg,68430,864x1152,ok
Totapuri,After ripening,Totapuri/After ripening/WhatsApp Image 2025-08-21 at 10.27.57 PM.jpeg,WhatsApp Image 2025-08-21 at 10.27.57 PM.jpeg,.jpeg,84433,864x1152,ok
Totapuri,After ripening,Totapuri/After ripening/WhatsApp Image 2025-08-21 at 10.27.58 PM (1).jpeg,WhatsApp Image 2025-08-21 at 10.27.58 PM (1).jpeg,.jpeg,72769,864x1152,ok
Totapuri,After ripening,Totapuri/After ripening/WhatsApp Image 2025-08-21 at 10.27.58 PM.jpeg,WhatsApp Image 2025-08-21 at 10.27.58 PM.jpeg,.jpeg,61417,1152x864,ok
Totapuri,After ripening,Totapuri/After ripening/WhatsApp Image 2025-08-21 at 10.27.59 PM (1).jpeg,WhatsApp Image 2025-08-21 at 10.27.59 PM (1).jpeg,.jpeg,62807,1152x864,ok
Totapuri,After ripening,Totapuri/After ripening/WhatsApp Image 2025-08-21 at 10.27.59 PM.jpeg,WhatsApp Image 2025-08-21 at 10.27.59 PM.jpeg,.jpeg,78531,864x1152,ok
Totapuri,After ripening,Totapuri/After ripening/WhatsApp Image 2025-08-21 at 10.28.03 PM (1).jpeg,WhatsApp Image 2025-08-21 at 10.28.03 PM (1).jpeg,.jpeg,75161,1152x864,ok
Totapuri,After ripening,Totapuri/After ripening/WhatsApp Image 2025-08-21 at 10.28.03 PM.jpeg,WhatsApp Image 2025-08-21 at 10.28.03 PM.jpeg,.jpeg,61258,1152x864,ok
Totapuri,After ripening,Totapuri/After ripening/WhatsApp Image 2025-08-21 at 10.28.04 PM.jpeg,WhatsApp Image 2025-08-21 at 10.28.04 PM.jpeg,.jpeg,67100,1152x864,ok
Totapuri,After ripening,Totapuri/After ripening/WhatsApp Image 2025-08-21 at 10.28.07 PM.jpeg,WhatsApp Image 2025-08-21 at 10.28.07 PM.jpeg,.jpeg,61056,1152x864,ok
Totapuri,After ripening,Totapuri/After ripening/WhatsApp Image 2025-08-21 at 10.28.10 PM.jpeg,WhatsApp Image 2025-08-21 at 10.28.10 PM.jpeg,.jpeg,93132,1152x864,ok
Totapuri,After ripening,Totapuri/After ripening/WhatsApp Image 2025-08-21 at 10.28.11 PM (1).jpeg,WhatsApp Image 2025-08-21 at 10.28.11 PM (1).jpeg,.jpeg,76621,1152x864,ok
Totapuri,After ripening,Totapuri/After ripening/WhatsApp Image 2025-08-21 at 10.28.12 PM.jpeg,WhatsApp Image 2025-08-21 at 10.28.12 PM.jpeg,.jpeg,76155,1152x864,ok
Totapuri,After ripening,Totapuri/After ripening/WhatsApp Image 2025-08-21 at 10.31.53 PM.jpeg,WhatsApp Image 2025-08-21 at 10.31.53 PM.jpeg,.jpeg,79493,864x1152,ok
Totapuri,After ripening,Totapuri/After ripening/WhatsApp Image 2025-08-21 at 11.11.46 PM.jpeg,WhatsApp Image 2025-08-21 at 11.11.46 PM.jpeg,.jpeg,68432,1152x864,ok
Totapuri,After ripening,Totapuri/After ripening/WhatsApp Image 2025-08-21 at 11.11.47 PM (1).jpeg,WhatsApp Image 2025-08-21 at 11.11.47 PM (1).jpeg,.jpeg,67057,1152x864,ok
Totapuri,After ripening,Totapuri/After ripening/WhatsApp Image 2025-08-21 at 11.11.47 PM.jpeg,WhatsApp Image 2025-08-21 at 11.11.47 PM.jpeg,.jpeg,67930,1152x864,ok
Totapuri,After ripening,Totapuri/After ripening/WhatsApp Image 2025-08-21 at 11.11.48 PM.jpeg,WhatsApp Image 2025-08-21 at 11.11.48 PM.jpeg,.jpeg,68201,1152x864,ok
Totapuri,Before ripening,Totapuri/Before ripening/20250404_172110.jpg,20250404_172110.jpg,.jpg,2663648,4608x2128,ok
Totapuri,Before ripening,Totapuri/Before ripening/20250404_172114.jpg,20250404_172114.jpg,.jpg,2503500,4608x2128,ok
Totapuri,Before ripening,Totapuri/Before ripening/20250404_172115.jpg,20250404_172115.jpg,.jpg,2528613,4608x2128,ok
Totapuri,Before ripening,Totapuri/Before ripening/20250404_172125(0).jpg,20250404_172125(0).jpg,.jpg,2832722,4608x2128,ok
Totapuri,Before ripening,Totapuri/Before ripening/20250404_172125.jpg,20250404_172125.jpg,.jpg,2867676,4608x2128,ok
Totapuri,Before ripening,Totapuri/Before ripening/20250404_172126.jpg,20250404_172126.jpg,.jpg,2809720,4608x2128,ok
Totapuri,Before ripening,Totapuri/Before ripening/20250404_172137.jpg,20250404_172137.jpg,.jpg,3736381,4608x2128,ok
Totapuri,Before ripening,Totapuri/Before ripening/20250404_172143(0).jpg,20250404_172143(0).jpg,.jpg,2753770,4608x2128,ok
Totapuri,Before ripening,Totapuri/Before ripening/20250404_172143.jpg,20250404_172143.jpg,.jpg,2569918,4608x2128,ok
Totapuri,Before ripening,Totapuri/Before ripening/20250404_172236.jpg,20250404_172236.jpg,.jpg,2487278,4608x2128,ok
Totapuri,Before ripening,Totapuri/Before ripening/20250404_172237(0).jpg,20250404_172237(0).jpg,.jpg,2381514,4608x2128,ok
Totapuri,Before ripening,Totapuri/Before ripening/20250404_172237.jpg,20250404_172237.jpg,.jpg,2428034,4608x2128,ok
Totapuri,Before ripening,Totapuri/Before ripening/20250404_172240.jpg,20250404_172240.jpg,.jpg,2659868,4608x2128,ok
Totapuri,Before ripening,Totapuri/Before ripening/20250404_172241.jpg,20250404_172241.jpg,.jpg,2442346,4608x2128,ok
Totapuri,Before ripening,Totapuri/Before ripening/20250404_172242.jpg,20250404_172242.jpg,.jpg,2388720,4608x2128,ok
Totapuri,Before ripening,Totapuri/Before ripening/20250404_172245.jpg,20250404_172245.jpg,.jpg,2886542,4608x2128,ok
Totapuri,Before ripening,Totapuri/Before ripening/20250404_172246(0).jpg,20250404_172246(0).jpg,.jpg,2874657,4608x2128,ok
Totapuri,Before ripening,Totapuri/Before ripening/20250404_172246.jpg,20250404_172246.jpg,.jpg,2898518,4608x2128,ok
Totapuri,Before ripening,Totapuri/Before ripening/20250404_172322.jpg,20250404_172322.jpg,.jpg,2350572,4608x2128,ok
Totapuri,Before ripening,Totapuri/Before ripening/20250404_172324.jpg,20250404_172324.jpg,.jpg,2479569,4608x2128,ok
Totapuri,Before ripening,Totapuri/Before ripening/20250404_172325.jpg,20250404_172325.jpg,.jpg,2490622,4608x2128,ok
Totapuri,Before ripening,Totapuri/Before ripening/20250514_171136.jpg,20250514_171136.jpg,.jpg,3150143,4608x2128,ok
Totapuri,Before ripening,Totapuri/Before ripening/20250514_171137(0).jpg,20250514_171137(0).jpg,.jpg,3125168,4608x2128,ok
Totapuri,Before ripening,Totapuri/Before ripening/20250514_171137(1).jpg,20250514_171137(1).jpg,.jpg,3169462,4608x2128,ok
Totapuri,Before ripening,Totapuri/Before ripening/20250514_171137.jpg,20250514_171137.jpg,.jpg,3073075,4608x2128,ok
Totapuri,Before ripening,Totapuri/Before ripening/20250514_171138(0).jpg,20250514_171138(0).jpg,.jpg,3210014,4608x2128,ok
Totapuri,Before ripening,Totapuri/Before ripening/20250514_171138.jpg,20250514_171138.jpg,.jpg,3150716,4608x2128,ok
Totapuri,Before ripening,Totapuri/Before ripening/20250514_171139.jpg,20250514_171139.jpg,.jpg,3238924,4608x2128,ok
Totapuri,Before ripening,Totapuri/Before ripening/20250514_171140.jpg,20250514_171140.jpg,.jpg,3001076,4608x2128,ok
Totapuri,Before ripening,Totapuri/Before ripening/20250514_171141(0).jpg,20250514_171141(0).jpg,.jpg,3038623,4608x2128,ok
Totapuri,Before ripening,Totapuri/Before ripening/20250514_171141.jpg,20250514_171141.jpg,.jpg,3004617,4608x2128,ok
Totapuri,Before ripening,Totapuri/Before ripening/20250514_171147.jpg,20250514_171147.jpg,.jpg,2838705,4608x2128,ok
Totapuri,Before ripening,Totapuri/Before ripening/20250514_171148(0).jpg,20250514_171148(0).jpg,.jpg,2827650,4608x2128,ok
Totapuri,Before ripening,Totapuri/Before ripening/20250514_171148.jpg,20250514_171148.jpg,.jpg,2860419,4608x2128,ok
Totapuri,Before ripening,Totapuri/Before ripening/20250514_171154.jpg,20250514_171154.jpg,.jpg,2690364,4608x2128,ok
Totapuri,Before ripening,Totapuri/Before ripening/20250514_171155.jpg,20250514_171155.jpg,.jpg,2770710,4608x2128,ok
Totapuri,Before ripening,Totapuri/Before ripening/20250514_171156.jpg,20250514_171156.jpg,.jpg,2768822,4608x2128,ok
Totapuri,Before ripening,Totapuri/Before ripening/20250514_171157.jpg,20250514_171157.jpg,.jpg,2751357,4608x2128,ok
Totapuri,Before ripening,Totapuri/Before ripening/20250514_171158(0).jpg,20250514_171158(0).jpg,.jpg,2715327,4608x2128,ok
Totapuri,Before ripening,Totapuri/Before ripening/20250514_171158.jpg,20250514_171158.jpg,.jpg,2691121,4608x2128,ok
Totapuri,Before ripening,Totapuri/Before ripening/20250514_171200(0).jpg,20250514_171200(0).jpg,.jpg,2778911,4608x2128,ok
Totapuri,Before ripening,Totapuri/Before ripening/20250514_171200.jpg,20250514_171200.jpg,.jpg,2690876,4608x2128,ok
Totapuri,Before ripening,Totapuri/Before ripening/20250514_171201.jpg,20250514_171201.jpg,.jpg,2767062,4608x2128,ok
Totapuri,Before ripening,Totapuri/Before ripening/20250514_171202.jpg,20250514_171202.jpg,.jpg,2682242,4608x2128,ok
Totapuri,Before ripening,Totapuri/Before ripening/20250514_171207(0).jpg,20250514_171207(0).jpg,.jpg,2787239,4608x2128,ok
Totapuri,Before ripening,Totapuri/Before ripening/20250514_171207.jpg,20250514_171207.jpg,.jpg,2725888,4608x2128,ok
Totapuri,Before ripening,Totapuri/Before ripening/20250514_171208.jpg,20250514_171208.jpg,.jpg,2706468,4608x2128,ok
Totapuri,Before ripening,Totapuri/Before ripening/20250514_171209.jpg,20250514_171209.jpg,.jpg,2676376,4608x2128,ok
Totapuri,Before ripening,Totapuri/Before ripening/20250514_171210.jpg,20250514_171210.jpg,.jpg,2724060,4608x2128,ok
Totapuri,Before ripening,Totapuri/Before ripening/20250514_171211.jpg,20250514_171211.jpg,.jpg,2722898,4608x2128,ok
Totapuri,Before ripening,Totapuri/Before ripening/20250514_171223.jpg,20250514_171223.jpg,.jpg,2711144,4608x2128,ok
Totapuri,Before ripening,Totapuri/Before ripening/20250514_171224.jpg,20250514_171224.jpg,.jpg,2688408,4608x2128,ok
Totapuri,Before ripening,Totapuri/Before ripening/20250514_171225.jpg,20250514_171225.jpg,.jpg,2706039,4608x2128,ok
Totapuri,Before ripening,Totapuri/Before ripening/20250514_171232.jpg,20250514_171232.jpg,.jpg,2960247,4608x2128,ok
Totapuri,Before ripening,Totapuri/Before ripening/20250514_171233(0).jpg,20250514_171233(0).jpg,.jpg,2797750,4608x2128,ok
Totapuri,Before ripening,Totapuri/Before ripening/20250514_171233.jpg,20250514_171233.jpg,.jpg,2840976,4608x2128,ok
Totapuri,Before ripening,Totapuri/Before ripening/20250514_171234.jpg,20250514_171234.jpg,.jpg,2975939,4608x2128,ok
Totapuri,Before ripening,Totapuri/Before ripening/20250514_171239(0).jpg,20250514_171239(0).jpg,.jpg,3295170,4608x2128,ok
Totapuri,Before ripening,Totapuri/Before ripening/20250514_171239.jpg,20250514_171239.jpg,.jpg,3268402,4608x2128,ok
Totapuri,Before ripening,Totapuri/Before ripening/20250514_171240(0).jpg,20250514_171240(0).jpg,.jpg,3176910,4608x2128,ok
Totapuri,Before ripening,Totapuri/Before ripening/20250514_171240.jpg,20250514_171240.jpg,.jpg,3210660,4608x2128,ok
Totapuri,Before ripening,Totapuri/Before ripening/20250514_171241(0).jpg,20250514_171241(0).jpg,.jpg,2924666,4608x2128,ok
Totapuri,Before ripening,Totapuri/Before ripening/20250514_171241.jpg,20250514_171241.jpg,.jpg,3356380,4608x2128,ok
Totapuri,Before ripening,Totapuri/Before ripening/20250514_171252(0).jpg,20250514_171252(0).jpg,.jpg,2758880,4608x2128,ok
Totapuri,Before ripening,Totapuri/Before ripening/20250514_171252.jpg,20250514_171252.jpg,.jpg,2836466,4608x2128,ok
Totapuri,Before ripening,Totapuri/Before ripening/20250514_171253(0).jpg,20250514_171253(0).jpg,.jpg,2759787,4608x2128,ok
Totapuri,Before ripening,Totapuri/Before ripening/20250514_171253.jpg,20250514_171253.jpg,.jpg,2784475,4608x2128,ok
Totapuri,Before ripening,Totapuri/Before ripening/20250514_171255 (1).jpg,20250514_171255 (1).jpg,.jpg,2665373,4608x2128,ok
Totapuri,Before ripening,Totapuri/Before ripening/20250514_171256 (1).jpg,20250514_171256 (1).jpg,.jpg,2685438,4608x2128,ok
Totapuri,Before ripening,Totapuri/Before ripening/20250514_171256(0) (1).jpg,20250514_171256(0) (1).jpg,.jpg,2701882,4608x2128,ok
Totapuri,Before ripening,Totapuri/Before ripening/20250514_171257 (1).jpg,20250514_171257 (1).jpg,.jpg,2630746,4608x2128,ok
Totapuri,Before ripening,Totapuri/Before ripening/20250514_171257(0) (1).jpg,20250514_171257(0) (1).jpg,.jpg,2622406,4608x2128,ok
Totapuri,Before ripening,Totapuri/Before ripening/20250514_171259 (1).jpg,20250514_171259 (1).jpg,.jpg,2597637,4608x2128,ok
Totapuri,Before ripening,Totapuri/Before ripening/20250514_171259(0) (1).jpg,20250514_171259(0) (1).jpg,.jpg,2735696,4608x2128,ok
Totapuri,Before ripening,Totapuri/Before ripening/20250514_171308 (1).jpg,20250514_171308 (1).jpg,.jpg,2925179,4608x2128,ok
Totapuri,Before ripening,Totapuri/Before ripening/20250514_171309 (1).jpg,20250514_171309 (1).jpg,.jpg,2730270,4608x2128,ok
Totapuri,Before ripening,Totapuri/Before ripening/20250514_171310 (1).jpg,20250514_171310 (1).jpg,.jpg,2708869,4608x2128,ok
Totapuri,Before ripening,Totapuri/Before ripening/20250514_171321 (1).jpg,20250514_171321 (1).jpg,.jpg,2631682,4608x2128,ok
Totapuri,Before ripening,Totapuri/Before ripening/20250514_171322 (1).jpg,20250514_171322 (1).jpg,.jpg,2683700,4608x2128,ok
Totapuri,Before ripening,Totapuri/Before ripening/20250514_171322(0) (1).jpg,20250514_171322(0) (1).jpg,.jpg,2681876,4608x2128,ok
Totapuri,Before ripening,Totapuri/Before ripening/20250514_171323 (1).jpg,20250514_171323 (1).jpg,.jpg,2694734,4608x2128,ok
Totapuri,Before ripening,Totapuri/Before ripening/20250514_171325 (1).jpg,20250514_171325 (1).jpg,.jpg,2644335,4608x2128,ok
Totapuri,Before ripening,Totapuri/Before ripening/20250514_171326 (1).jpg,20250514_171326 (1).jpg,.jpg,2591547,4608x2128,ok
Totapuri,Before ripening,Totapuri/Before ripening/20250514_171327 (1).jpg,20250514_171327 (1).jpg,.jpg,2632514,4608x2128,ok
Totapuri,Before ripening,Totapuri/Before ripening/20250514_171332 (1).jpg,20250514_171332 (1).jpg,.jpg,2723209,4608x2128,ok
Totapuri,Before ripening,Totapuri/Before ripening/20250514_171413(0).jpg,20250514_171413(0).jpg,.jpg,2655478,4608x2128,ok
Totapuri,Before ripening,Totapuri/Before ripening/20250514_171413.jpg,20250514_171413.jpg,.jpg,2657755,4608x2128,ok
Totapuri,Before ripening,Totapuri/Before ripening/20250514_171423.jpg,20250514_171423.jpg,.jpg,2499021,4608x2128,ok
Totapuri,Before ripening,Totapuri/Before ripening/20250514_171424.jpg,20250514_171424.jpg,.jpg,2619728,4608x2128,ok
Totapuri,Before ripening,Totapuri/Before ripening/20250514_171425.jpg,20250514_171425.jpg,.jpg,2600939,4608x2128,ok
Totapuri,Before ripening,Totapuri/Before ripening/20260330_231732.jpg,20260330_231732.jpg,.jpg,2581939,4608x2128,ok
Totapuri,Before ripening,Totapuri/Before ripening/20260330_231739.jpg,20260330_231739.jpg,.jpg,2455792,4608x2128,ok
Totapuri,Before ripening,Totapuri/Before ripening/20260330_231741.jpg,20260330_231741.jpg,.jpg,2477454,4608x2128,ok
Totapuri,Before ripening,Totapuri/Before ripening/20260330_231754.jpg,20260330_231754.jpg,.jpg,2505739,4608x2128,ok
Totapuri,Before ripening,Totapuri/Before ripening/20260330_231758.jpg,20260330_231758.jpg,.jpg,2735431,4608x2128,ok
Totapuri,Before ripening,Totapuri/Before ripening/20260330_231811.jpg,20260330_231811.jpg,.jpg,2618724,4608x2128,ok
Totapuri,Before ripening,Totapuri/Before ripening/20260330_231813.jpg,20260330_231813.jpg,.jpg,2531856,4608x2128,ok
Totapuri,Before ripening,Totapuri/Before ripening/20260330_231838.jpg,20260330_231838.jpg,.jpg,2509339,4608x2128,ok
Totapuri,Before ripening,Totapuri/Before ripening/20260330_231851.jpg,20260330_231851.jpg,.jpg,2633990,4608x2128,ok
Totapuri,Before ripening,Totapuri/Before ripening/20260330_231853.jpg,20260330_231853.jpg,.jpg,2602353,4608x2128,ok
Totapuri,Before ripening,Totapuri/Before ripening/20260330_231907.jpg,20260330_231907.jpg,.jpg,2484097,4608x2128,ok
Totapuri,Before ripening,Totapuri/Before ripening/20260330_231909.jpg,20260330_231909.jpg,.jpg,2503340,4608x2128,ok
Totapuri,Before ripening,Totapuri/Before ripening/20260330_231929.jpg,20260330_231929.jpg,.jpg,2491906,4608x2128,ok
Totapuri,Before ripening,Totapuri/Before ripening/20260330_231940.jpg,20260330_231940.jpg,.jpg,2581650,4608x2128,ok
Totapuri,Before ripening,Totapuri/Before ripening/20260330_231953.jpg,20260330_231953.jpg,.jpg,2615939,4608x2128,ok
Totapuri,Before ripening,Totapuri/Before ripening/20260330_232003.jpg,20260330_232003.jpg,.jpg,2634365,4608x2128,ok
Totapuri,Before ripening,Totapuri/Before ripening/20260330_232033.jpg,20260330_232033.jpg,.jpg,2511166,4608x2128,ok
Totapuri,Before ripening,Totapuri/Before ripening/20260330_232035.jpg,20260330_232035.jpg,.jpg,2330486,4608x2128,ok
Totapuri,Before ripening,Totapuri/Before ripening/20260330_232040.jpg,20260330_232040.jpg,.jpg,2532664,4608x2128,ok
Totapuri,Before ripening,Totapuri/Before ripening/20260330_232055.jpg,20260330_232055.jpg,.jpg,2464086,4608x2128,ok
Totapuri,Before ripening,Totapuri/Before ripening/20260330_232132.jpg,20260330_232132.jpg,.jpg,2675080,4608x2128,ok
Totapuri,Before ripening,Totapuri/Before ripening/20260330_232140.jpg,20260330_232140.jpg,.jpg,3023540,4608x2128,ok
Totapuri,Before ripening,Totapuri/Before ripening/20260330_232152.jpg,20260330_232152.jpg,.jpg,2511455,4608x2128,ok
Totapuri,Before ripening,Totapuri/Before ripening/20260330_232156.jpg,20260330_232156.jpg,.jpg,2631812,4608x2128,ok
Totapuri,Before ripening,Totapuri/Before ripening/20260330_232219.jpg,20260330_232219.jpg,.jpg,2660558,4608x2128,ok
Totapuri,Before ripening,Totapuri/Before ripening/20260330_232247.jpg,20260330_232247.jpg,.jpg,2531203,4608x2128,ok
Totapuri,Before ripening,Totapuri/Before ripening/20260330_232249.jpg,20260330_232249.jpg,.jpg,2497946,4608x2128,ok
Totapuri,Before ripening,Totapuri/Before ripening/20260330_232252.jpg,20260330_232252.jpg,.jpg,2570712,4608x2128,ok
Totapuri,Before ripening,Totapuri/Before ripening/20260330_232302.jpg,20260330_232302.jpg,.jpg,2651048,4608x2128,ok
Totapuri,Before ripening,Totapuri/Before ripening/20260330_232304.jpg,20260330_232304.jpg,.jpg,2562352,4608x2128,ok
Totapuri,Before ripening,Totapuri/Before ripening/20260330_232306.jpg,20260330_232306.jpg,.jpg,2608946,4608x2128,ok
Totapuri,Before ripening,Totapuri/Before ripening/20260330_232308.jpg,20260330_232308.jpg,.jpg,2583088,4608x2128,ok
Totapuri,Before ripening,Totapuri/Before ripening/20260330_232311.jpg,20260330_232311.jpg,.jpg,2766126,4608x2128,ok
Totapuri,Before ripening,Totapuri/Before ripening/20260330_232332.jpg,20260330_232332.jpg,.jpg,2468584,4608x2128,ok
Totapuri,Before ripening,Totapuri/Before ripening/20260330_232333.jpg,20260330_232333.jpg,.jpg,2457587,4608x2128,ok
Totapuri,Before ripening,Totapuri/Before ripening/20260330_232335.jpg,20260330_232335.jpg,.jpg,2414792,4608x2128,ok
Totapuri,Before ripening,Totapuri/Before ripening/20260330_232343.jpg,20260330_232343.jpg,.jpg,2403276,4608x2128,ok
Totapuri,Before ripening,Totapuri/Before ripening/20260330_232344.jpg,20260330_232344.jpg,.jpg,2433979,4608x2128,ok
Totapuri,Before ripening,Totapuri/Before ripening/20260330_232346.jpg,20260330_232346.jpg,.jpg,2440484,4608x2128,ok
Totapuri,Before ripening,Totapuri/Before ripening/20260330_232352.jpg,20260330_232352.jpg,.jpg,2473908,4608x2128,ok
Totapuri,Before ripening,Totapuri/Before ripening/20260330_232417.jpg,20260330_232417.jpg,.jpg,2592212,4608x2128,ok
Totapuri,Before ripening,Totapuri/Before ripening/20260330_232425.jpg,20260330_232425.jpg,.jpg,2643309,4608x2128,ok
Totapuri,Before ripening,Totapuri/Before ripening/20260330_232509.jpg,20260330_232509.jpg,.jpg,2661837,4608x2128,ok
Totapuri,Before ripening,Totapuri/Before ripening/20260330_232512.jpg,20260330_232512.jpg,.jpg,2606891,4608x2128,ok
Totapuri,Before ripening,Totapuri/Before ripening/20260330_232531.jpg,20260330_232531.jpg,.jpg,2711847,4608x2128,ok
Totapuri,Before ripening,Totapuri/Before ripening/20260330_232541.jpg,20260330_232541.jpg,.jpg,2549483,4608x2128,ok
Totapuri,Before ripening,Totapuri/Before ripening/20260330_232543.jpg,20260330_232543.jpg,.jpg,2664922,4608x2128,ok
Totapuri,Before ripening,Totapuri/Before ripening/20260330_232600.jpg,20260330_232600.jpg,.jpg,2707661,4608x2128,ok
Totapuri,Before ripening,Totapuri/Before ripening/20260330_232602.jpg,20260330_232602.jpg,.jpg,2590761,4608x2128,ok
Totapuri,Before ripening,Totapuri/Before ripening/20260330_232613.jpg,20260330_232613.jpg,.jpg,2643786,4608x2128,ok
Totapuri,Before ripening,Totapuri/Before ripening/20260330_232616.jpg,20260330_232616.jpg,.jpg,2700915,4608x2128,ok
Totapuri,Before ripening,Totapuri/Before ripening/20260330_232618.jpg,20260330_232618.jpg,.jpg,2766003,4608x2128,ok
Totapuri,Before ripening,Totapuri/Before ripening/20260330_232635.jpg,20260330_232635.jpg,.jpg,2415113,4608x2128,ok
Totapuri,Before ripening,Totapuri/Before ripening/20260330_232640.jpg,20260330_232640.jpg,.jpg,2559724,4608x2128,ok
Totapuri,Before ripening,Totapuri/Before ripening/20260330_232643.jpg,20260330_232643.jpg,.jpg,2464907,4608x2128,ok
Totapuri,Before ripening,Totapuri/Before ripening/20260330_232653.jpg,20260330_232653.jpg,.jpg,2693289,4608x2128,ok
Totapuri,Before ripening,Totapuri/Before ripening/20260330_232655.jpg,20260330_232655.jpg,.jpg,2401278,4608x2128,ok
Totapuri,Before ripening,Totapuri/Before ripening/20260330_232710.jpg,20260330_232710.jpg,.jpg,2542228,4608x2128,ok
Totapuri,Before ripening,Totapuri/Before ripening/20260330_232712.jpg,20260330_232712.jpg,.jpg,2503306,4608x2128,ok
Totapuri,Before ripening,Totapuri/Before ripening/20260330_232714.jpg,20260330_232714.jpg,.jpg,2576512,4608x2128,ok
Totapuri,Before ripening,Totapuri/Before ripening/20260330_232726.jpg,20260330_232726.jpg,.jpg,2577897,4608x2128,ok
Totapuri,Before ripening,Totapuri/Before ripening/20260330_232728.jpg,20260330_232728.jpg,.jpg,2539179,4608x2128,ok
Totapuri,Before ripening,Totapuri/Before ripening/20260330_232729.jpg,20260330_232729.jpg,.jpg,2585555,4608x2128,ok
Totapuri,Before ripening,Totapuri/Before ripening/20260504_173626.jpg,20260504_173626.jpg,.jpg,2602452,4608x2128,ok
Totapuri,Before ripening,Totapuri/Before ripening/20260504_173627.jpg,20260504_173627.jpg,.jpg,2530228,4608x2128,ok
Totapuri,Before ripening,Totapuri/Before ripening/20260504_173628.jpg,20260504_173628.jpg,.jpg,2571092,4608x2128,ok
Totapuri,Before ripening,Totapuri/Before ripening/20260519_115519.jpg,20260519_115519.jpg,.jpg,885455,2748x2128,ok
Totapuri,Before ripening,Totapuri/Before ripening/20260519_115539.jpg,20260519_115539.jpg,.jpg,2934648,4608x2128,ok
Totapuri,Before ripening,Totapuri/Before ripening/20260519_115540.jpg,20260519_115540.jpg,.jpg,2783724,4608x2128,ok
Totapuri,Before ripening,Totapuri/Before ripening/20260519_115542.jpg,20260519_115542.jpg,.jpg,2817961,4608x2128,ok
Totapuri,Before ripening,Totapuri/Before ripening/20260519_115543.jpg,20260519_115543.jpg,.jpg,2892467,4608x2128,ok
Totapuri,Before ripening,Totapuri/Before ripening/20260519_115545.jpg,20260519_115545.jpg,.jpg,2973124,4608x2128,ok
Totapuri,Before ripening,Totapuri/Before ripening/20260519_115547.jpg,20260519_115547.jpg,.jpg,2793301,4608x2128,ok
Totapuri,Before ripening,Totapuri/Before ripening/20260519_115555.jpg,20260519_115555.jpg,.jpg,3013094,4608x2128,ok
Totapuri,Before ripening,Totapuri/Before ripening/20260519_115557.jpg,20260519_115557.jpg,.jpg,2990226,4608x2128,ok
Totapuri,Before ripening,Totapuri/Before ripening/20260519_115559.jpg,20260519_115559.jpg,.jpg,2935641,4608x2128,ok
Totapuri,Before ripening,Totapuri/Before ripening/20260519_115601.jpg,20260519_115601.jpg,.jpg,2993338,4608x2128,ok
Totapuri,Before ripening,Totapuri/Before ripening/20260519_115602.jpg,20260519_115602.jpg,.jpg,2957427,4608x2128,ok
Totapuri,Before ripening,Totapuri/Before ripening/20260519_115614.jpg,20260519_115614.jpg,.jpg,2911860,4608x2128,ok
Totapuri,Before ripening,Totapuri/Before ripening/20260519_115615.jpg,20260519_115615.jpg,.jpg,2917433,4608x2128,ok
Totapuri,Before ripening,Totapuri/Before ripening/20260519_115617.jpg,20260519_115617.jpg,.jpg,2973060,4608x2128,ok
Totapuri,Before ripening,Totapuri/Before ripening/20260519_115619.jpg,20260519_115619.jpg,.jpg,2970794,4608x2128,ok
Totapuri,Before ripening,Totapuri/Before ripening/20260519_115620.jpg,20260519_115620.jpg,.jpg,2919680,4608x2128,ok
Totapuri,Before ripening,Totapuri/Before ripening/20260519_115622.jpg,20260519_115622.jpg,.jpg,2933586,4608x2128,ok
Totapuri,Before ripening,Totapuri/Before ripening/20260519_115632.jpg,20260519_115632.jpg,.jpg,2884945,4608x2128,ok
Totapuri,Before ripening,Totapuri/Before ripening/20260519_115634.jpg,20260519_115634.jpg,.jpg,2885661,4608x2128,ok
Totapuri,Before ripening,Totapuri/Before ripening/20260519_115635.jpg,20260519_115635.jpg,.jpg,2918150,4608x2128,ok
Totapuri,Before ripening,Totapuri/Before ripening/20260519_115645.jpg,20260519_115645.jpg,.jpg,773852,2350x2128,ok
Totapuri,Before ripening,Totapuri/Before ripening/20260609_40831pmByGPSMapCamera.jpg,20260609_40831pmByGPSMapCamera.jpg,.jpg,9533014,3456x4608,ok
Totapuri,Before ripening,Totapuri/Before ripening/20260609_40833pmByGPSMapCamera.jpg,20260609_40833pmByGPSMapCamera.jpg,.jpg,9519062,3456x4608,ok
Totapuri,Before ripening,Totapuri/Before ripening/20260609_40844pmByGPSMapCamera.jpg,20260609_40844pmByGPSMapCamera.jpg,.jpg,9456621,3456x4608,ok
Totapuri,Before ripening,Totapuri/Before ripening/20260609_40847pmByGPSMapCamera.jpg,20260609_40847pmByGPSMapCamera.jpg,.jpg,9604647,3456x4608,ok
Totapuri,Before ripening,Totapuri/Before ripening/20260609_40851pmByGPSMapCamera.jpg,20260609_40851pmByGPSMapCamera.jpg,.jpg,9609053,3456x4608,ok
Totapuri,Before ripening,Totapuri/Before ripening/20260609_40903pmByGPSMapCamera.jpg,20260609_40903pmByGPSMapCamera.jpg,.jpg,9258268,3456x4608,ok
Totapuri,Before ripening,Totapuri/Before ripening/20260609_40909pmByGPSMapCamera.jpg,20260609_40909pmByGPSMapCamera.jpg,.jpg,9355295,3456x4608,ok
Totapuri,Before ripening,Totapuri/Before ripening/20260609_40914pmByGPSMapCamera.jpg,20260609_40914pmByGPSMapCamera.jpg,.jpg,9345925,3456x4608,ok
Totapuri,Before ripening,Totapuri/Before ripening/20260609_40929pmByGPSMapCamera.jpg,20260609_40929pmByGPSMapCamera.jpg,.jpg,9435733,3456x4608,ok
Totapuri,Before ripening,Totapuri/Before ripening/20260609_40932pmByGPSMapCamera.jpg,20260609_40932pmByGPSMapCamera.jpg,.jpg,9425772,3456x4608,ok
Totapuri,Before ripening,Totapuri/Before ripening/20260609_40937pmByGPSMapCamera.jpg,20260609_40937pmByGPSMapCamera.jpg,.jpg,9381553,3456x4608,ok
Totapuri,Before ripening,Totapuri/Before ripening/20260609_41017pmByGPSMapCamera.jpg,20260609_41017pmByGPSMapCamera.jpg,.jpg,9562829,3456x4608,ok
Totapuri,Before ripening,Totapuri/Before ripening/20260609_41019pmByGPSMapCamera.jpg,20260609_41019pmByGPSMapCamera.jpg,.jpg,9542304,3456x4608,ok
Totapuri,Before ripening,Totapuri/Before ripening/20260609_41022pmByGPSMapCamera.jpg,20260609_41022pmByGPSMapCamera.jpg,.jpg,9586799,3456x4608,ok
Totapuri,Before ripening,Totapuri/Before ripening/20260609_41117pmByGPSMapCamera.jpg,20260609_41117pmByGPSMapCamera.jpg,.jpg,9676764,3456x4608,ok
Totapuri,Before ripening,Totapuri/Before ripening/20260609_41118pmByGPSMapCamera.jpg,20260609_41118pmByGPSMapCamera.jpg,.jpg,9688037,3456x4608,ok
Totapuri,Before ripening,Totapuri/Before ripening/20260609_41135pmByGPSMapCamera.jpg,20260609_41135pmByGPSMapCamera.jpg,.jpg,9079494,3456x4608,ok
Totapuri,Before ripening,Totapuri/Before ripening/20260609_41136pmByGPSMapCamera.jpg,20260609_41136pmByGPSMapCamera.jpg,.jpg,9182337,3456x4608,ok
Totapuri,Before ripening,Totapuri/Before ripening/20260609_41148pmByGPSMapCamera.jpg,20260609_41148pmByGPSMapCamera.jpg,.jpg,9250259,3456x4608,ok
Totapuri,Before ripening,Totapuri/Before ripening/20260609_41206pmByGPSMapCamera.jpg,20260609_41206pmByGPSMapCamera.jpg,.jpg,7720828,3456x4608,ok
Totapuri,Before ripening,Totapuri/Before ripening/20260609_41208pmByGPSMapCamera.jpg,20260609_41208pmByGPSMapCamera.jpg,.jpg,7757296,3456x4608,ok
Totapuri,Before ripening,Totapuri/Before ripening/20260609_41213pmByGPSMapCamera.jpg,20260609_41213pmByGPSMapCamera.jpg,.jpg,8812414,3456x4608,ok
Totapuri,Before ripening,Totapuri/Before ripening/20260609_41230pmByGPSMapCamera.jpg,20260609_41230pmByGPSMapCamera.jpg,.jpg,7448139,3456x4608,ok
Totapuri,Before ripening,Totapuri/Before ripening/20260609_41234pmByGPSMapCamera.jpg,20260609_41234pmByGPSMapCamera.jpg,.jpg,7405811,3456x4608,ok
Totapuri,Before ripening,Totapuri/Before ripening/20260609_41243pmByGPSMapCamera.jpg,20260609_41243pmByGPSMapCamera.jpg,.jpg,8519273,3456x4608,ok
Totapuri,Before ripening,Totapuri/Before ripening/20260609_41246pmByGPSMapCamera.jpg,20260609_41246pmByGPSMapCamera.jpg,.jpg,8094381,3456x4608,ok
Totapuri,Before ripening,Totapuri/Before ripening/20260609_41250pmByGPSMapCamera.jpg,20260609_41250pmByGPSMapCamera.jpg,.jpg,8793683,3456x4608,ok
Totapuri,Before ripening,Totapuri/Before ripening/20260609_41307pmByGPSMapCamera.jpg,20260609_41307pmByGPSMapCamera.jpg,.jpg,9092076,3456x4608,ok
Totapuri,Before ripening,Totapuri/Before ripening/20260609_41311pmByGPSMapCamera.jpg,20260609_41311pmByGPSMapCamera.jpg,.jpg,9012799,3456x4608,ok
Totapuri,Before ripening,Totapuri/Before ripening/20260609_41315pmByGPSMapCamera.jpg,20260609_41315pmByGPSMapCamera.jpg,.jpg,8957078,3456x4608,ok
Totapuri,Before ripening,Totapuri/Before ripening/20260609_41332pmByGPSMapCamera.jpg,20260609_41332pmByGPSMapCamera.jpg,.jpg,9829786,3456x4608,ok
Totapuri,Before ripening,Totapuri/Before ripening/20260609_41335pmByGPSMapCamera.jpg,20260609_41335pmByGPSMapCamera.jpg,.jpg,9795089,3456x4608,ok
Totapuri,Before ripening,Totapuri/Before ripening/20260609_41357pmByGPSMapCamera.jpg,20260609_41357pmByGPSMapCamera.jpg,.jpg,8542454,3456x4608,ok
Totapuri,Before ripening,Totapuri/Before ripening/20260609_41400pmByGPSMapCamera.jpg,20260609_41400pmByGPSMapCamera.jpg,.jpg,8509031,3456x4608,ok
Totapuri,Before ripening,Totapuri/Before ripening/20260609_41404pmByGPSMapCamera.jpg,20260609_41404pmByGPSMapCamera.jpg,.jpg,8908485,3456x4608,ok
Totapuri,Before ripening,Totapuri/Before ripening/20260609_41421pmByGPSMapCamera.jpg,20260609_41421pmByGPSMapCamera.jpg,.jpg,10462675,3456x4608,ok
Totapuri,Before ripening,Totapuri/Before ripening/20260609_41423pmByGPSMapCamera.jpg,20260609_41423pmByGPSMapCamera.jpg,.jpg,10488581,3456x4608,ok
Totapuri,Before ripening,Totapuri/Before ripening/20260609_41436pmByGPSMapCamera.jpg,20260609_41436pmByGPSMapCamera.jpg,.jpg,9155901,3456x4608,ok
Totapuri,Before ripening,Totapuri/Before ripening/20260609_41440pmByGPSMapCamera.jpg,20260609_41440pmByGPSMapCamera.jpg,.jpg,9133677,3456x4608,ok
Totapuri,Before ripening,Totapuri/Before ripening/20260609_41444pmByGPSMapCamera.jpg,20260609_41444pmByGPSMapCamera.jpg,.jpg,8704570,3456x4608,ok
Totapuri,Before ripening,Totapuri/Before ripening/20260609_41448pmByGPSMapCamera.jpg,20260609_41448pmByGPSMapCamera.jpg,.jpg,8711136,3456x4608,ok
Totapuri,Before ripening,Totapuri/Before ripening/20260609_41456pmByGPSMapCamera.jpg,20260609_41456pmByGPSMapCamera.jpg,.jpg,8211720,3456x4608,ok
Totapuri,Before ripening,Totapuri/Before ripening/20260609_41458pmByGPSMapCamera.jpg,20260609_41458pmByGPSMapCamera.jpg,.jpg,9174494,3456x4608,ok
Totapuri,Before ripening,Totapuri/Before ripening/20260609_41503pmByGPSMapCamera.jpg,20260609_41503pmByGPSMapCamera.jpg,.jpg,7979008,3456x4608,ok
Totapuri,Before ripening,Totapuri/Before ripening/20260609_41536pmByGPSMapCamera.jpg,20260609_41536pmByGPSMapCamera.jpg,.jpg,9722921,3456x4608,ok
Totapuri,Before ripening,Totapuri/Before ripening/20260609_41541pmByGPSMapCamera.jpg,20260609_41541pmByGPSMapCamera.jpg,.jpg,9733861,3456x4608,ok
Totapuri,Before ripening,Totapuri/Before ripening/20260609_41544pmByGPSMapCamera.jpg,20260609_41544pmByGPSMapCamera.jpg,.jpg,9741317,3456x4608,ok
Totapuri,Before ripening,Totapuri/Before ripening/20260609_41737pmByGPSMapCamera.jpg,20260609_41737pmByGPSMapCamera.jpg,.jpg,9513497,3456x4608,ok
Totapuri,Before ripening,Totapuri/Before ripening/20260609_41741pmByGPSMapCamera.jpg,20260609_41741pmByGPSMapCamera.jpg,.jpg,9584194,3456x4608,ok
Totapuri,Before ripening,Totapuri/Before ripening/20260609_41833pmByGPSMapCamera.jpg,20260609_41833pmByGPSMapCamera.jpg,.jpg,8949545,3456x4608,ok
Totapuri,Before ripening,Totapuri/Before ripening/20260609_41835pmByGPSMapCamera.jpg,20260609_41835pmByGPSMapCamera.jpg,.jpg,8560774,3456x4608,ok
Totapuri,Before ripening,Totapuri/Before ripening/20260609_41840pmByGPSMapCamera.jpg,20260609_41840pmByGPSMapCamera.jpg,.jpg,8831100,3456x4608,ok
Totapuri,Before ripening,Totapuri/Before ripening/20260609_41841pmByGPSMapCamera.jpg,20260609_41841pmByGPSMapCamera.jpg,.jpg,8834544,3456x4608,ok
Totapuri,Before ripening,Totapuri/Before ripening/20260609_41931pmByGPSMapCamera.jpg,20260609_41931pmByGPSMapCamera.jpg,.jpg,8671769,3456x4608,ok
Totapuri,Before ripening,Totapuri/Before ripening/20260609_41933pmByGPSMapCamera.jpg,20260609_41933pmByGPSMapCamera.jpg,.jpg,8744970,3456x4608,ok
Totapuri,Before ripening,Totapuri/Before ripening/20260609_41942pmByGPSMapCamera.jpg,20260609_41942pmByGPSMapCamera.jpg,.jpg,8793133,3456x4608,ok
Totapuri,Before ripening,Totapuri/Before ripening/20260609_41946pmByGPSMapCamera.jpg,20260609_41946pmByGPSMapCamera.jpg,.jpg,8860577,3456x4608,ok
Totapuri,Before ripening,Totapuri/Before ripening/20260609_41949pmByGPSMapCamera.jpg,20260609_41949pmByGPSMapCamera.jpg,.jpg,8771486,3456x4608,ok
Totapuri,Before ripening,Totapuri/Before ripening/20260609_41956pmByGPSMapCamera.jpg,20260609_41956pmByGPSMapCamera.jpg,.jpg,9068411,3456x4608,ok
Totapuri,Before ripening,Totapuri/Before ripening/20260609_41958pmByGPSMapCamera.jpg,20260609_41958pmByGPSMapCamera.jpg,.jpg,8915657,3456x4608,ok
Totapuri,Before ripening,Totapuri/Before ripening/20260609_42034pmByGPSMapCamera.jpg,20260609_42034pmByGPSMapCamera.jpg,.jpg,8452772,3456x4608,ok
Totapuri,Before ripening,Totapuri/Before ripening/20260609_42036pmByGPSMapCamera.jpg,20260609_42036pmByGPSMapCamera.jpg,.jpg,8392567,3456x4608,ok
Totapuri,Before ripening,Totapuri/Before ripening/20260609_42040pmByGPSMapCamera.jpg,20260609_42040pmByGPSMapCamera.jpg,.jpg,8305949,3456x4608,ok
Totapuri,Before ripening,Totapuri/Before ripening/20260609_42057pmByGPSMapCamera.jpg,20260609_42057pmByGPSMapCamera.jpg,.jpg,8386177,3456x4608,ok
Totapuri,Before ripening,Totapuri/Before ripening/20260609_42100pmByGPSMapCamera.jpg,20260609_42100pmByGPSMapCamera.jpg,.jpg,8537539,3456x4608,ok
Totapuri,Before ripening,Totapuri/Before ripening/20260609_42110pmByGPSMapCamera.jpg,20260609_42110pmByGPSMapCamera.jpg,.jpg,8428543,3456x4608,ok
Totapuri,Before ripening,Totapuri/Before ripening/20260609_42113pmByGPSMapCamera.jpg,20260609_42113pmByGPSMapCamera.jpg,.jpg,8510498,3456x4608,ok
Totapuri,Before ripening,Totapuri/Before ripening/20260609_42117pmByGPSMapCamera.jpg,20260609_42117pmByGPSMapCamera.jpg,.jpg,10103665,3456x4608,ok
Totapuri,Before ripening,Totapuri/Before ripening/20260609_42132pmByGPSMapCamera.jpg,20260609_42132pmByGPSMapCamera.jpg,.jpg,9789164,3456x4608,ok
Totapuri,Before ripening,Totapuri/Before ripening/20260609_42134pmByGPSMapCamera.jpg,20260609_42134pmByGPSMapCamera.jpg,.jpg,9738852,3456x4608,ok
Totapuri,Before ripening,Totapuri/Before ripening/20260609_42137pmByGPSMapCamera.jpg,20260609_42137pmByGPSMapCamera.jpg,.jpg,9758816,3456x4608,ok
Totapuri,Before ripening,Totapuri/Before ripening/20260609_42153pmByGPSMapCamera.jpg,20260609_42153pmByGPSMapCamera.jpg,.jpg,8669965,3456x4608,ok
Totapuri,Before ripening,Totapuri/Before ripening/20260609_42155pmByGPSMapCamera.jpg,20260609_42155pmByGPSMapCamera.jpg,.jpg,8565712,3456x4608,ok
Totapuri,Before ripening,Totapuri/Before ripening/20260609_42158pmByGPSMapCamera.jpg,20260609_42158pmByGPSMapCamera.jpg,.jpg,8605450,3456x4608,ok
Totapuri,Before ripening,Totapuri/Before ripening/20260609_42208pmByGPSMapCamera.jpg,20260609_42208pmByGPSMapCamera.jpg,.jpg,8600601,3456x4608,ok
Totapuri,Before ripening,Totapuri/Before ripening/20260609_42210pmByGPSMapCamera.jpg,20260609_42210pmByGPSMapCamera.jpg,.jpg,8913824,3456x4608,ok
Totapuri,Before ripening,Totapuri/Before ripening/20260609_42223pmByGPSMapCamera.jpg,20260609_42223pmByGPSMapCamera.jpg,.jpg,8906888,3456x4608,ok
Totapuri,Before ripening,Totapuri/Before ripening/20260609_42224pmByGPSMapCamera.jpg,20260609_42224pmByGPSMapCamera.jpg,.jpg,9142228,3456x4608,ok
Totapuri,Before ripening,Totapuri/Before ripening/20260609_42237pmByGPSMapCamera.jpg,20260609_42237pmByGPSMapCamera.jpg,.jpg,8833877,3456x4608,ok
Totapuri,Before ripening,Totapuri/Before ripening/20260609_42238pmByGPSMapCamera.jpg,20260609_42238pmByGPSMapCamera.jpg,.jpg,9035846,3456x4608,ok
Totapuri,Before ripening,Totapuri/Before ripening/20260609_42242pmByGPSMapCamera.jpg,20260609_42242pmByGPSMapCamera.jpg,.jpg,9120702,3456x4608,ok
Totapuri,Before ripening,Totapuri/Before ripening/20260609_42321pmByGPSMapCamera.jpg,20260609_42321pmByGPSMapCamera.jpg,.jpg,8740147,3456x4608,ok
Totapuri,Before ripening,Totapuri/Before ripening/20260609_42325pmByGPSMapCamera.jpg,20260609_42325pmByGPSMapCamera.jpg,.jpg,9187402,3456x4608,ok
Totapuri,Before ripening,Totapuri/Before ripening/20260609_42327pmByGPSMapCamera.jpg,20260609_42327pmByGPSMapCamera.jpg,.jpg,8993766,3456x4608,ok
Totapuri,Before ripening,Totapuri/Before ripening/20260609_42341pmByGPSMapCamera.jpg,20260609_42341pmByGPSMapCamera.jpg,.jpg,8863780,3456x4608,ok
Totapuri,Before ripening,Totapuri/Before ripening/20260609_42354pmByGPSMapCamera.jpg,20260609_42354pmByGPSMapCamera.jpg,.jpg,8815400,3456x4608,ok
Totapuri,Before ripening,Totapuri/Before ripening/20260609_42407pmByGPSMapCamera.jpg,20260609_42407pmByGPSMapCamera.jpg,.jpg,9408875,3456x4608,ok
Totapuri,Before ripening,Totapuri/Before ripening/20260609_42413pmByGPSMapCamera.jpg,20260609_42413pmByGPSMapCamera.jpg,.jpg,10596825,3456x4608,ok
Totapuri,Before ripening,Totapuri/Before ripening/20260609_42414pmByGPSMapCamera.jpg,20260609_42414pmByGPSMapCamera.jpg,.jpg,10217458,3456x4608,ok
Totapuri,Before ripening,Totapuri/Before ripening/20260609_42419pmByGPSMapCamera.jpg,20260609_42419pmByGPSMapCamera.jpg,.jpg,9520348,3456x4608,ok
Totapuri,Before ripening,Totapuri/Before ripening/20260609_42443pmByGPSMapCamera.jpg,20260609_42443pmByGPSMapCamera.jpg,.jpg,9443248,3456x4608,ok
Totapuri,Before ripening,Totapuri/Before ripening/20260609_42445pmByGPSMapCamera.jpg,20260609_42445pmByGPSMapCamera.jpg,.jpg,9580486,3456x4608,ok
Totapuri,Before ripening,Totapuri/Before ripening/20260609_42447pmByGPSMapCamera.jpg,20260609_42447pmByGPSMapCamera.jpg,.jpg,9283520,3456x4608,ok
Totapuri,Before ripening,Totapuri/Before ripening/20260609_42453pmByGPSMapCamera.jpg,20260609_42453pmByGPSMapCamera.jpg,.jpg,9388910,3456x4608,ok
Totapuri,Before ripening,Totapuri/Before ripening/20260609_42527pmByGPSMapCamera.jpg,20260609_42527pmByGPSMapCamera.jpg,.jpg,10188314,3456x4608,ok
Totapuri,Before ripening,Totapuri/Before ripening/20260609_42554pmByGPSMapCamera.jpg,20260609_42554pmByGPSMapCamera.jpg,.jpg,9969132,3456x4608,ok
Totapuri,Before ripening,Totapuri/Before ripening/20260609_42557pmByGPSMapCamera.jpg,20260609_42557pmByGPSMapCamera.jpg,.jpg,10015890,3456x4608,ok
Totapuri,Before ripening,Totapuri/Before ripening/20260609_42602pmByGPSMapCamera.jpg,20260609_42602pmByGPSMapCamera.jpg,.jpg,9938172,3456x4608,ok
Totapuri,Before ripening,Totapuri/Before ripening/20260609_42619pmByGPSMapCamera.jpg,20260609_42619pmByGPSMapCamera.jpg,.jpg,9988718,3456x4608,ok
Totapuri,Before ripening,Totapuri/Before ripening/20260609_42625pmByGPSMapCamera.jpg,20260609_42625pmByGPSMapCamera.jpg,.jpg,9723598,3456x4608,ok
Totapuri,Before ripening,Totapuri/Before ripening/20260609_42626pmByGPSMapCamera.jpg,20260609_42626pmByGPSMapCamera.jpg,.jpg,10129954,3456x4608,ok
Totapuri,Before ripening,Totapuri/Before ripening/20260609_42638pmByGPSMapCamera.jpg,20260609_42638pmByGPSMapCamera.jpg,.jpg,10032446,3456x4608,ok
Totapuri,Before ripening,Totapuri/Before ripening/20260609_42641pmByGPSMapCamera.jpg,20260609_42641pmByGPSMapCamera.jpg,.jpg,10013793,3456x4608,ok
Totapuri,Before ripening,Totapuri/Before ripening/20260609_42645pmByGPSMapCamera.jpg,20260609_42645pmByGPSMapCamera.jpg,.jpg,9967716,3456x4608,ok
Totapuri,Before ripening,Totapuri/Before ripening/20260609_42647pmByGPSMapCamera.jpg,20260609_42647pmByGPSMapCamera.jpg,.jpg,9885258,3456x4608,ok
Totapuri,Before ripening,Totapuri/Before ripening/20260609_42657pmByGPSMapCamera.jpg,20260609_42657pmByGPSMapCamera.jpg,.jpg,9431518,3456x4608,ok
Totapuri,Before ripening,Totapuri/Before ripening/20260609_42702pmByGPSMapCamera.jpg,20260609_42702pmByGPSMapCamera.jpg,.jpg,9280156,3456x4608,ok
Totapuri,Before ripening,Totapuri/Before ripening/20260609_42710pmByGPSMapCamera.jpg,20260609_42710pmByGPSMapCamera.jpg,.jpg,9911765,3456x4608,ok
Totapuri,Before ripening,Totapuri/Before ripening/20260609_42716pmByGPSMapCamera.jpg,20260609_42716pmByGPSMapCamera.jpg,.jpg,10077749,3456x4608,ok
Totapuri,Before ripening,Totapuri/Before ripening/20260609_42721pmByGPSMapCamera.jpg,20260609_42721pmByGPSMapCamera.jpg,.jpg,9989253,3456x4608,ok
Totapuri,Before ripening,Totapuri/Before ripening/20260609_42725pmByGPSMapCamera.jpg,20260609_42725pmByGPSMapCamera.jpg,.jpg,9674522,3456x4608,ok
Totapuri,Before ripening,Totapuri/Before ripening/20260609_42837pmByGPSMapCamera.jpg,20260609_42837pmByGPSMapCamera.jpg,.jpg,9860789,3456x4608,ok
Totapuri,Before ripening,Totapuri/Before ripening/20260609_42838pmByGPSMapCamera.jpg,20260609_42838pmByGPSMapCamera.jpg,.jpg,9937722,3456x4608,ok
Totapuri,Before ripening,Totapuri/Before ripening/20260609_42907pmByGPSMapCamera.jpg,20260609_42907pmByGPSMapCamera.jpg,.jpg,9764983,3456x4608,ok
Totapuri,Before ripening,Totapuri/Before ripening/20260609_42911pmByGPSMapCamera.jpg,20260609_42911pmByGPSMapCamera.jpg,.jpg,9780787,3456x4608,ok
Totapuri,Before ripening,Totapuri/Before ripening/20260609_42912pmByGPSMapCamera.jpg,20260609_42912pmByGPSMapCamera.jpg,.jpg,9793285,3456x4608,ok
Totapuri,Before ripening,Totapuri/Before ripening/20260609_42927pmByGPSMapCamera.jpg,20260609_42927pmByGPSMapCamera.jpg,.jpg,9617126,3456x4608,ok
Totapuri,Before ripening,Totapuri/Before ripening/20260609_42931pmByGPSMapCamera.jpg,20260609_42931pmByGPSMapCamera.jpg,.jpg,9547840,3456x4608,ok
Totapuri,Before ripening,Totapuri/Before ripening/20260609_43004pmByGPSMapCamera.jpg,20260609_43004pmByGPSMapCamera.jpg,.jpg,10109201,3456x4608,ok
Totapuri,Before ripening,Totapuri/Before ripening/20260609_43006pmByGPSMapCamera.jpg,20260609_43006pmByGPSMapCamera.jpg,.jpg,9947521,3456x4608,ok
Totapuri,Before ripening,Totapuri/Before ripening/20260609_43023pmByGPSMapCamera.jpg,20260609_43023pmByGPSMapCamera.jpg,.jpg,9278778,3456x4608,ok
Totapuri,Before ripening,Totapuri/Before ripening/20260609_43025pmByGPSMapCamera.jpg,20260609_43025pmByGPSMapCamera.jpg,.jpg,9550425,3456x4608,ok
Totapuri,Before ripening,Totapuri/Before ripening/20260609_43043pmByGPSMapCamera.jpg,20260609_43043pmByGPSMapCamera.jpg,.jpg,9707354,3456x4608,ok
Totapuri,Before ripening,Totapuri/Before ripening/20260609_43046pmByGPSMapCamera.jpg,20260609_43046pmByGPSMapCamera.jpg,.jpg,9729502,3456x4608,ok
Totapuri,Before ripening,Totapuri/Before ripening/20260609_43050pmByGPSMapCamera.jpg,20260609_43050pmByGPSMapCamera.jpg,.jpg,9851766,3456x4608,ok
Totapuri,Before ripening,Totapuri/Before ripening/20260609_43103pmByGPSMapCamera.jpg,20260609_43103pmByGPSMapCamera.jpg,.jpg,9754804,3456x4608,ok
Totapuri,Before ripening,Totapuri/Before ripening/20260609_43106pmByGPSMapCamera.jpg,20260609_43106pmByGPSMapCamera.jpg,.jpg,9503562,3456x4608,ok
Totapuri,Before ripening,Totapuri/Before ripening/20260609_43109pmByGPSMapCamera.jpg,20260609_43109pmByGPSMapCamera.jpg,.jpg,9667978,3456x4608,ok
Totapuri,Before ripening,Totapuri/Before ripening/20260609_43125pmByGPSMapCamera.jpg,20260609_43125pmByGPSMapCamera.jpg,.jpg,8817486,3456x4608,ok
Totapuri,Before ripening,Totapuri/Before ripening/20260609_43129pmByGPSMapCamera.jpg,20260609_43129pmByGPSMapCamera.jpg,.jpg,9254625,3456x4608,ok
Totapuri,Before ripening,Totapuri/Before ripening/20260609_43133pmByGPSMapCamera.jpg,20260609_43133pmByGPSMapCamera.jpg,.jpg,8950580,3456x4608,ok
Totapuri,Before ripening,Totapuri/Before ripening/20260609_43522pmByGPSMapCamera.jpg,20260609_43522pmByGPSMapCamera.jpg,.jpg,6211977,3456x4608,ok
Totapuri,Before ripening,Totapuri/Before ripening/20260609_43523pmByGPSMapCamera.jpg,20260609_43523pmByGPSMapCamera.jpg,.jpg,6179957,3456x4608,ok
Totapuri,Before ripening,Totapuri/Before ripening/20260609_43527pmByGPSMapCamera.jpg,20260609_43527pmByGPSMapCamera.jpg,.jpg,6181730,3456x4608,ok
Totapuri,Before ripening,Totapuri/Before ripening/20260609_43542pmByGPSMapCamera.jpg,20260609_43542pmByGPSMapCamera.jpg,.jpg,6399093,3456x4608,ok
Totapuri,Before ripening,Totapuri/Before ripening/20260609_43545pmByGPSMapCamera.jpg,20260609_43545pmByGPSMapCamera.jpg,.jpg,6488301,3456x4608,ok
Totapuri,Before ripening,Totapuri/Before ripening/20260609_43548pmByGPSMapCamera.jpg,20260609_43548pmByGPSMapCamera.jpg,.jpg,6492599,3456x4608,ok
Totapuri,Before ripening,Totapuri/Before ripening/20260609_43550pmByGPSMapCamera.jpg,20260609_43550pmByGPSMapCamera.jpg,.jpg,6485506,3456x4608,ok
Totapuri,Before ripening,Totapuri/Before ripening/20260609_43604pmByGPSMapCamera.jpg,20260609_43604pmByGPSMapCamera.jpg,.jpg,6235637,3456x4608,ok
Totapuri,Before ripening,Totapuri/Before ripening/20260609_43606pmByGPSMapCamera.jpg,20260609_43606pmByGPSMapCamera.jpg,.jpg,6173834,3456x4608,ok
Totapuri,Before ripening,Totapuri/Before ripening/20260609_43611pmByGPSMapCamera.jpg,20260609_43611pmByGPSMapCamera.jpg,.jpg,6101874,3456x4608,ok
Totapuri,Before ripening,Totapuri/Before ripening/20260609_43613pmByGPSMapCamera.jpg,20260609_43613pmByGPSMapCamera.jpg,.jpg,6198056,3456x4608,ok
Totapuri,Before ripening,Totapuri/Before ripening/20260609_43639pmByGPSMapCamera.jpg,20260609_43639pmByGPSMapCamera.jpg,.jpg,6179769,3456x4608,ok
Totapuri,Before ripening,Totapuri/Before ripening/20260609_43642pmByGPSMapCamera.jpg,20260609_43642pmByGPSMapCamera.jpg,.jpg,6137854,3456x4608,ok
Totapuri,Before ripening,Totapuri/Before ripening/20260609_43703pmByGPSMapCamera.jpg,20260609_43703pmByGPSMapCamera.jpg,.jpg,6123012,3456x4608,ok
Totapuri,Before ripening,Totapuri/Before ripening/20260609_43705pmByGPSMapCamera.jpg,20260609_43705pmByGPSMapCamera.jpg,.jpg,6201828,3456x4608,ok
Totapuri,Before ripening,Totapuri/Before ripening/20260609_43709pmByGPSMapCamera.jpg,20260609_43709pmByGPSMapCamera.jpg,.jpg,6289879,3456x4608,ok
Totapuri,Before ripening,Totapuri/Before ripening/20260609_43722pmByGPSMapCamera.jpg,20260609_43722pmByGPSMapCamera.jpg,.jpg,5610442,3456x4608,ok
Totapuri,Before ripening,Totapuri/Before ripening/20260609_43725pmByGPSMapCamera.jpg,20260609_43725pmByGPSMapCamera.jpg,.jpg,5158696,3456x4608,ok
Totapuri,Before ripening,Totapuri/Before ripening/20260609_43753pmByGPSMapCamera.jpg,20260609_43753pmByGPSMapCamera.jpg,.jpg,5982116,3456x4608,ok
Totapuri,Before ripening,Totapuri/Before ripening/20260609_43756pmByGPSMapCamera.jpg,20260609_43756pmByGPSMapCamera.jpg,.jpg,6091470,3456x4608,ok
Totapuri,Before ripening,Totapuri/Before ripening/20260609_43824pmByGPSMapCamera.jpg,20260609_43824pmByGPSMapCamera.jpg,.jpg,6675304,3456x4608,ok
Totapuri,Before ripening,Totapuri/Before ripening/20260609_43826pmByGPSMapCamera.jpg,20260609_43826pmByGPSMapCamera.jpg,.jpg,6562956,3456x4608,ok
Totapuri,Before ripening,Totapuri/Before ripening/20260609_43830pmByGPSMapCamera.jpg,20260609_43830pmByGPSMapCamera.jpg,.jpg,6545646,3456x4608,ok
Totapuri,Before ripening,Totapuri/Before ripening/20260609_43836pmByGPSMapCamera.jpg,20260609_43836pmByGPSMapCamera.jpg,.jpg,5791998,3456x4608,ok
Totapuri,Before ripening,Totapuri/Before ripening/20260609_43839pmByGPSMapCamera.jpg,20260609_43839pmByGPSMapCamera.jpg,.jpg,5749845,3456x4608,ok
Totapuri,Before ripening,Totapuri/Before ripening/20260609_43935pmByGPSMapCamera.jpg,20260609_43935pmByGPSMapCamera.jpg,.jpg,5917515,3456x4608,ok
Totapuri,Before ripening,Totapuri/Before ripening/20260609_43936pmByGPSMapCamera.jpg,20260609_43936pmByGPSMapCamera.jpg,.jpg,5839427,3456x4608,ok
Totapuri,Before ripening,Totapuri/Before ripening/20260609_43940pmByGPSMapCamera.jpg,20260609_43940pmByGPSMapCamera.jpg,.jpg,5367712,3456x4608,ok
Totapuri,Before ripening,Totapuri/Before ripening/20260609_44046pmByGPSMapCamera.jpg,20260609_44046pmByGPSMapCamera.jpg,.jpg,6502396,3456x4608,ok
Totapuri,Before ripening,Totapuri/Before ripening/20260609_44051pmByGPSMapCamera.jpg,20260609_44051pmByGPSMapCamera.jpg,.jpg,6395877,3456x4608,ok
Totapuri,Before ripening,Totapuri/Before ripening/20260609_44107pmByGPSMapCamera.jpg,20260609_44107pmByGPSMapCamera.jpg,.jpg,6502499,3456x4608,ok
Totapuri,Before ripening,Totapuri/Before ripening/20260609_44110pmByGPSMapCamera.jpg,20260609_44110pmByGPSMapCamera.jpg,.jpg,6504021,3456x4608,ok
Totapuri,Before ripening,Totapuri/Before ripening/20260610_55315pmByGPSMapCamera.jpg,20260610_55315pmByGPSMapCamera.jpg,.jpg,6014905,3456x4608,ok
Totapuri,Before ripening,Totapuri/Before ripening/20260610_55318pmByGPSMapCamera.jpg,20260610_55318pmByGPSMapCamera.jpg,.jpg,6204177,3456x4608,ok
Totapuri,Before ripening,Totapuri/Before ripening/20260610_55321pmByGPSMapCamera.jpg,20260610_55321pmByGPSMapCamera.jpg,.jpg,5979984,3456x4608,ok
Totapuri,Before ripening,Totapuri/Before ripening/20260610_55327pmByGPSMapCamera.jpg,20260610_55327pmByGPSMapCamera.jpg,.jpg,5779554,3456x4608,ok
Totapuri,Before ripening,Totapuri/Before ripening/20260610_55330pmByGPSMapCamera.jpg,20260610_55330pmByGPSMapCamera.jpg,.jpg,6028243,3456x4608,ok
Totapuri,Before ripening,Totapuri/Before ripening/20260610_55332pmByGPSMapCamera.jpg,20260610_55332pmByGPSMapCamera.jpg,.jpg,5618694,3456x4608,ok
Totapuri,Before ripening,Totapuri/Before ripening/20260610_55353pmByGPSMapCamera.jpg,20260610_55353pmByGPSMapCamera.jpg,.jpg,5939758,3456x4608,ok
Totapuri,Before ripening,Totapuri/Before ripening/20260610_55356pmByGPSMapCamera.jpg,20260610_55356pmByGPSMapCamera.jpg,.jpg,5922986,3456x4608,ok
Totapuri,Before ripening,Totapuri/Before ripening/20260610_55407pmByGPSMapCamera.jpg,20260610_55407pmByGPSMapCamera.jpg,.jpg,6081066,3456x4608,ok
Totapuri,Before ripening,Totapuri/Before ripening/20260610_55410pmByGPSMapCamera.jpg,20260610_55410pmByGPSMapCamera.jpg,.jpg,6065529,3456x4608,ok
Totapuri,Before ripening,Totapuri/Before ripening/20260610_55511pmByGPSMapCamera.jpg,20260610_55511pmByGPSMapCamera.jpg,.jpg,6812783,3456x4608,ok
Totapuri,Before ripening,Totapuri/Before ripening/20260610_55514pmByGPSMapCamera.jpg,20260610_55514pmByGPSMapCamera.jpg,.jpg,6953166,3456x4608,ok
Totapuri,Before ripening,Totapuri/Before ripening/20260610_55530pmByGPSMapCamera.jpg,20260610_55530pmByGPSMapCamera.jpg,.jpg,6051773,3456x4608,ok
Totapuri,Before ripening,Totapuri/Before ripening/20260610_55532pmByGPSMapCamera.jpg,20260610_55532pmByGPSMapCamera.jpg,.jpg,6189337,3456x4608,ok
Totapuri,Before ripening,Totapuri/Before ripening/20260610_55536pmByGPSMapCamera.jpg,20260610_55536pmByGPSMapCamera.jpg,.jpg,6056339,3456x4608,ok
Totapuri,Before ripening,Totapuri/Before ripening/20260610_55550pmByGPSMapCamera.jpg,20260610_55550pmByGPSMapCamera.jpg,.jpg,5952417,3456x4608,ok
Totapuri,Before ripening,Totapuri/Before ripening/20260610_55553pmByGPSMapCamera.jpg,20260610_55553pmByGPSMapCamera.jpg,.jpg,5933330,3456x4608,ok
Totapuri,Before ripening,Totapuri/Before ripening/20260610_55605pmByGPSMapCamera.jpg,20260610_55605pmByGPSMapCamera.jpg,.jpg,6749401,3456x4608,ok
Totapuri,Before ripening,Totapuri/Before ripening/20260610_55607pmByGPSMapCamera.jpg,20260610_55607pmByGPSMapCamera.jpg,.jpg,6554089,3456x4608,ok
Totapuri,Before ripening,Totapuri/Before ripening/20260610_55616pmByGPSMapCamera.jpg,20260610_55616pmByGPSMapCamera.jpg,.jpg,6909833,3456x4608,ok
Totapuri,Before ripening,Totapuri/Before ripening/20260610_55650pmByGPSMapCamera.jpg,20260610_55650pmByGPSMapCamera.jpg,.jpg,5746087,3456x4608,ok
Totapuri,Before ripening,Totapuri/Before ripening/20260610_55653pmByGPSMapCamera.jpg,20260610_55653pmByGPSMapCamera.jpg,.jpg,6074757,3456x4608,ok
Totapuri,Before ripening,Totapuri/Before ripening/20260610_55655pmByGPSMapCamera.jpg,20260610_55655pmByGPSMapCamera.jpg,.jpg,5674228,3456x4608,ok
Totapuri,Before ripening,Totapuri/Before ripening/20260610_55700pmByGPSMapCamera.jpg,20260610_55700pmByGPSMapCamera.jpg,.jpg,5924797,3456x4608,ok
Totapuri,Before ripening,Totapuri/Before ripening/20260610_55702pmByGPSMapCamera.jpg,20260610_55702pmByGPSMapCamera.jpg,.jpg,6067932,3456x4608,ok
Totapuri,Before ripening,Totapuri/Before ripening/20260610_55706pmByGPSMapCamera.jpg,20260610_55706pmByGPSMapCamera.jpg,.jpg,6035553,3456x4608,ok
Totapuri,Before ripening,Totapuri/Before ripening/20260610_55708pmByGPSMapCamera.jpg,20260610_55708pmByGPSMapCamera.jpg,.jpg,6043493,3456x4608,ok
Totapuri,Before ripening,Totapuri/Before ripening/20260610_55713pmByGPSMapCamera.jpg,20260610_55713pmByGPSMapCamera.jpg,.jpg,6290324,3456x4608,ok
Totapuri,Before ripening,Totapuri/Before ripening/20260610_55733pmByGPSMapCamera.jpg,20260610_55733pmByGPSMapCamera.jpg,.jpg,6158918,3456x4608,ok
Totapuri,Before ripening,Totapuri/Before ripening/20260610_55734pmByGPSMapCamera.jpg,20260610_55734pmByGPSMapCamera.jpg,.jpg,5919831,3456x4608,ok
Totapuri,Before ripening,Totapuri/Before ripening/20260610_55745pmByGPSMapCamera.jpg,20260610_55745pmByGPSMapCamera.jpg,.jpg,6474661,3456x4608,ok
Totapuri,Before ripening,Totapuri/Before ripening/20260610_55748pmByGPSMapCamera.jpg,20260610_55748pmByGPSMapCamera.jpg,.jpg,6387408,3456x4608,ok
Totapuri,Before ripening,Totapuri/Before ripening/20260610_55751pmByGPSMapCamera.jpg,20260610_55751pmByGPSMapCamera.jpg,.jpg,6682550,3456x4608,ok
Totapuri,Before ripening,Totapuri/Before ripening/20260610_55757pmByGPSMapCamera.jpg,20260610_55757pmByGPSMapCamera.jpg,.jpg,5759377,3456x4608,ok
Totapuri,Before ripening,Totapuri/Before ripening/20260610_55759pmByGPSMapCamera.jpg,20260610_55759pmByGPSMapCamera.jpg,.jpg,5801914,3456x4608,ok
Totapuri,Before ripening,Totapuri/Before ripening/20260610_55802pmByGPSMapCamera.jpg,20260610_55802pmByGPSMapCamera.jpg,.jpg,5720002,3456x4608,ok
Totapuri,Before ripening,Totapuri/Before ripening/20260610_55822pmByGPSMapCamera.jpg,20260610_55822pmByGPSMapCamera.jpg,.jpg,11161042,3456x4608,ok
Totapuri,Before ripening,Totapuri/Before ripening/20260610_55837pmByGPSMapCamera.jpg,20260610_55837pmByGPSMapCamera.jpg,.jpg,7094474,3456x4608,ok
Totapuri,Before ripening,Totapuri/Before ripening/20260610_55845pmByGPSMapCamera.jpg,20260610_55845pmByGPSMapCamera.jpg,.jpg,5950625,3456x4608,ok
Totapuri,Before ripening,Totapuri/Before ripening/20260610_55856pmByGPSMapCamera.jpg,20260610_55856pmByGPSMapCamera.jpg,.jpg,11315284,3456x4608,ok
Totapuri,Before ripening,Totapuri/Before ripening/20260610_55919pmByGPSMapCamera.jpg,20260610_55919pmByGPSMapCamera.jpg,.jpg,8730241,3456x4608,ok
Totapuri,Before ripening,Totapuri/Before ripening/20260610_55924pmByGPSMapCamera.jpg,20260610_55924pmByGPSMapCamera.jpg,.jpg,9588289,3456x4608,ok
Totapuri,Before ripening,Totapuri/Before ripening/20260610_55932pmByGPSMapCamera.jpg,20260610_55932pmByGPSMapCamera.jpg,.jpg,9749274,3456x4608,ok
Totapuri,Before ripening,Totapuri/Before ripening/20260610_55944pmByGPSMapCamera.jpg,20260610_55944pmByGPSMapCamera.jpg,.jpg,9680072,3456x4608,ok
Totapuri,Before ripening,Totapuri/Before ripening/20260610_55956pmByGPSMapCamera.jpg,20260610_55956pmByGPSMapCamera.jpg,.jpg,9963526,3456x4608,ok
Totapuri,Before ripening,Totapuri/Before ripening/20260610_60010pmByGPSMapCamera.jpg,20260610_60010pmByGPSMapCamera.jpg,.jpg,9351438,3456x4608,ok
Totapuri,Before ripening,Totapuri/Before ripening/20260610_60011pmByGPSMapCamera.jpg,20260610_60011pmByGPSMapCamera.jpg,.jpg,9357981,3456x4608,ok
Totapuri,Before ripening,Totapuri/Before ripening/20260610_60028pmByGPSMapCamera.jpg,20260610_60028pmByGPSMapCamera.jpg,.jpg,9400093,3456x4608,ok
Totapuri,Before ripening,Totapuri/Before ripening/20260610_60031pmByGPSMapCamera.jpg,20260610_60031pmByGPSMapCamera.jpg,.jpg,9423858,3456x4608,ok
Totapuri,Before ripening,Totapuri/Before ripening/20260610_60040pmByGPSMapCamera.jpg,20260610_60040pmByGPSMapCamera.jpg,.jpg,9000307,3456x4608,ok
Totapuri,Before ripening,Totapuri/Before ripening/20260610_60048pmByGPSMapCamera.jpg,20260610_60048pmByGPSMapCamera.jpg,.jpg,7927477,3456x4608,ok
Totapuri,Before ripening,Totapuri/Before ripening/20260610_60052pmByGPSMapCamera.jpg,20260610_60052pmByGPSMapCamera.jpg,.jpg,9928445,3456x4608,ok
Totapuri,Before ripening,Totapuri/Before ripening/20260610_60103pmByGPSMapCamera.jpg,20260610_60103pmByGPSMapCamera.jpg,.jpg,8960305,3456x4608,ok
Totapuri,Before ripening,Totapuri/Before ripening/20260610_60111pmByGPSMapCamera.jpg,20260610_60111pmByGPSMapCamera.jpg,.jpg,8630069,3456x4608,ok
Totapuri,Before ripening,Totapuri/Before ripening/20260610_60133pmByGPSMapCamera.jpg,20260610_60133pmByGPSMapCamera.jpg,.jpg,9022831,3456x4608,ok
Totapuri,Before ripening,Totapuri/Before ripening/20260610_60145pmByGPSMapCamera.jpg,20260610_60145pmByGPSMapCamera.jpg,.jpg,9981063,3456x4608,ok
Totapuri,Before ripening,Totapuri/Before ripening/20260610_60147pmByGPSMapCamera.jpg,20260610_60147pmByGPSMapCamera.jpg,.jpg,9723128,3456x4608,ok
Totapuri,Before ripening,Totapuri/Before ripening/20260610_60153pmByGPSMapCamera.jpg,20260610_60153pmByGPSMapCamera.jpg,.jpg,10180225,3456x4608,ok
Totapuri,Before ripening,Totapuri/Before ripening/20260610_60203pmByGPSMapCamera.jpg,20260610_60203pmByGPSMapCamera.jpg,.jpg,9676791,3456x4608,ok
Totapuri,Before ripening,Totapuri/Before ripening/20260610_60204pmByGPSMapCamera.jpg,20260610_60204pmByGPSMapCamera.jpg,.jpg,9956652,3456x4608,ok
Totapuri,Before ripening,Totapuri/Before ripening/20260610_60219pmByGPSMapCamera.jpg,20260610_60219pmByGPSMapCamera.jpg,.jpg,9535214,3456x4608,ok
Totapuri,Before ripening,Totapuri/Before ripening/20260610_60235pmByGPSMapCamera.jpg,20260610_60235pmByGPSMapCamera.jpg,.jpg,9666871,3456x4608,ok
Totapuri,Before ripening,Totapuri/Before ripening/20260610_60236pmByGPSMapCamera.jpg,20260610_60236pmByGPSMapCamera.jpg,.jpg,9763060,3456x4608,ok
Totapuri,Before ripening,Totapuri/Before ripening/20260610_60244pmByGPSMapCamera.jpg,20260610_60244pmByGPSMapCamera.jpg,.jpg,9477645,3456x4608,ok
Totapuri,Before ripening,Totapuri/Before ripening/20260610_60249pmByGPSMapCamera.jpg,20260610_60249pmByGPSMapCamera.jpg,.jpg,9192712,3456x4608,ok
Totapuri,Before ripening,Totapuri/Before ripening/20260610_60314pmByGPSMapCamera.jpg,20260610_60314pmByGPSMapCamera.jpg,.jpg,9852930,3456x4608,ok
Totapuri,Before ripening,Totapuri/Before ripening/20260610_60320pmByGPSMapCamera.jpg,20260610_60320pmByGPSMapCamera.jpg,.jpg,8457280,3456x4608,ok
Totapuri,Before ripening,Totapuri/Before ripening/20260610_60332pmByGPSMapCamera.jpg,20260610_60332pmByGPSMapCamera.jpg,.jpg,9163683,3456x4608,ok
Totapuri,Before ripening,Totapuri/Before ripening/20260610_60334pmByGPSMapCamera.jpg,20260610_60334pmByGPSMapCamera.jpg,.jpg,10249666,3456x4608,ok
Totapuri,Before ripening,Totapuri/Before ripening/20260610_60335pmByGPSMapCamera.jpg,20260610_60335pmByGPSMapCamera.jpg,.jpg,9360216,3456x4608,ok
Totapuri,Before ripening,Totapuri/Before ripening/20260610_60349pmByGPSMapCamera.jpg,20260610_60349pmByGPSMapCamera.jpg,.jpg,8779378,3456x4608,ok
Totapuri,Before ripening,Totapuri/Before ripening/20260610_60355pmByGPSMapCamera.jpg,20260610_60355pmByGPSMapCamera.jpg,.jpg,9843307,3456x4608,ok
Totapuri,Before ripening,Totapuri/Before ripening/20260610_60356pmByGPSMapCamera.jpg,20260610_60356pmByGPSMapCamera.jpg,.jpg,10131598,3456x4608,ok
Totapuri,Before ripening,Totapuri/Before ripening/20260610_60402pmByGPSMapCamera.jpg,20260610_60402pmByGPSMapCamera.jpg,.jpg,9998227,3456x4608,ok
Totapuri,Before ripening,Totapuri/Before ripening/20260610_60407pmByGPSMapCamera.jpg,20260610_60407pmByGPSMapCamera.jpg,.jpg,9216012,3456x4608,ok
Totapuri,Before ripening,Totapuri/Before ripening/20260610_60459pmByGPSMapCamera.jpg,20260610_60459pmByGPSMapCamera.jpg,.jpg,10042899,3456x4608,ok
Totapuri,Before ripening,Totapuri/Before ripening/20260610_60503pmByGPSMapCamera.jpg,20260610_60503pmByGPSMapCamera.jpg,.jpg,8728411,3456x4608,ok
Totapuri,Before ripening,Totapuri/Before ripening/20260610_60505pmByGPSMapCamera.jpg,20260610_60505pmByGPSMapCamera.jpg,.jpg,8813075,3456x4608,ok
Totapuri,Before ripening,Totapuri/Before ripening/20260610_60523pmByGPSMapCamera.jpg,20260610_60523pmByGPSMapCamera.jpg,.jpg,8957366,3456x4608,ok
Totapuri,Before ripening,Totapuri/Before ripening/20260610_60525pmByGPSMapCamera.jpg,20260610_60525pmByGPSMapCamera.jpg,.jpg,9086930,3456x4608,ok
Totapuri,Before ripening,Totapuri/Before ripening/20260610_60529pmByGPSMapCamera.jpg,20260610_60529pmByGPSMapCamera.jpg,.jpg,8851536,3456x4608,ok
Totapuri,Before ripening,Totapuri/Before ripening/20260610_60534pmByGPSMapCamera.jpg,20260610_60534pmByGPSMapCamera.jpg,.jpg,8800140,3456x4608,ok
Totapuri,Before ripening,Totapuri/Before ripening/20260610_60542pmByGPSMapCamera.jpg,20260610_60542pmByGPSMapCamera.jpg,.jpg,9338933,3456x4608,ok
Totapuri,Before ripening,Totapuri/Before ripening/20260610_60553pmByGPSMapCamera.jpg,20260610_60553pmByGPSMapCamera.jpg,.jpg,8990794,3456x4608,ok
Totapuri,Before ripening,Totapuri/Before ripening/20260610_60558pmByGPSMapCamera.jpg,20260610_60558pmByGPSMapCamera.jpg,.jpg,7871020,3456x4608,ok
Totapuri,Before ripening,Totapuri/Before ripening/20260610_60615pmByGPSMapCamera.jpg,20260610_60615pmByGPSMapCamera.jpg,.jpg,9445320,3456x4608,ok
Totapuri,Before ripening,Totapuri/Before ripening/20260610_60618pmByGPSMapCamera.jpg,20260610_60618pmByGPSMapCamera.jpg,.jpg,8987085,3456x4608,ok
Totapuri,Before ripening,Totapuri/Before ripening/20260610_60637pmByGPSMapCamera.jpg,20260610_60637pmByGPSMapCamera.jpg,.jpg,9407098,3456x4608,ok
Totapuri,Before ripening,Totapuri/Before ripening/20260610_60642pmByGPSMapCamera.jpg,20260610_60642pmByGPSMapCamera.jpg,.jpg,9254502,3456x4608,ok
Totapuri,Before ripening,Totapuri/Before ripening/20260610_60840pmByGPSMapCamera.jpg,20260610_60840pmByGPSMapCamera.jpg,.jpg,8012176,3456x4608,ok
Totapuri,Before ripening,Totapuri/Before ripening/20260610_60845pmByGPSMapCamera.jpg,20260610_60845pmByGPSMapCamera.jpg,.jpg,8256271,3456x4608,ok
Totapuri,Before ripening,Totapuri/Before ripening/20260610_60857pmByGPSMapCamera.jpg,20260610_60857pmByGPSMapCamera.jpg,.jpg,9266610,3456x4608,ok
Totapuri,Before ripening,Totapuri/Before ripening/20260610_60902pmByGPSMapCamera.jpg,20260610_60902pmByGPSMapCamera.jpg,.jpg,9546309,3456x4608,ok
Totapuri,Before ripening,Totapuri/Before ripening/20260610_60913pmByGPSMapCamera.jpg,20260610_60913pmByGPSMapCamera.jpg,.jpg,9529458,3456x4608,ok
Totapuri,Before ripening,Totapuri/Before ripening/20260610_60917pmByGPSMapCamera.jpg,20260610_60917pmByGPSMapCamera.jpg,.jpg,9434131,3456x4608,ok
Totapuri,Before ripening,Totapuri/Before ripening/20260611_50041pmByGPSMapCamera.jpg,20260611_50041pmByGPSMapCamera.jpg,.jpg,9144390,3456x4608,ok
Totapuri,Before ripening,Totapuri/Before ripening/20260611_50044pmByGPSMapCamera.jpg,20260611_50044pmByGPSMapCamera.jpg,.jpg,9587630,3456x4608,ok
Totapuri,Before ripening,Totapuri/Before ripening/20260611_50100pmByGPSMapCamera.jpg,20260611_50100pmByGPSMapCamera.jpg,.jpg,9489465,3456x4608,ok
Totapuri,Before ripening,Totapuri/Before ripening/20260611_50102pmByGPSMapCamera.jpg,20260611_50102pmByGPSMapCamera.jpg,.jpg,9460423,3456x4608,ok
Totapuri,Before ripening,Totapuri/Before ripening/20260617_180357.jpg,20260617_180357.jpg,.jpg,2728405,4608x2128,ok
Totapuri,Before ripening,Totapuri/Before ripening/20260617_180407.jpg,20260617_180407.jpg,.jpg,2465599,4608x2128,ok
Totapuri,Before ripening,Totapuri/Before ripening/20260617_180415.jpg,20260617_180415.jpg,.jpg,2651613,4608x2128,ok
Totapuri,Before ripening,Totapuri/Before ripening/20260617_180423.jpg,20260617_180423.jpg,.jpg,2865627,4608x2128,ok
Totapuri,Before ripening,Totapuri/Before ripening/20260617_180437.jpg,20260617_180437.jpg,.jpg,2821887,4608x2128,ok
Totapuri,Before ripening,Totapuri/Before ripening/20260617_180449.jpg,20260617_180449.jpg,.jpg,2727632,4608x2128,ok
Totapuri,Before ripening,Totapuri/Before ripening/20260617_180451.jpg,20260617_180451.jpg,.jpg,2763670,4608x2128,ok
Totapuri,Before ripening,Totapuri/Before ripening/20260617_180506.jpg,20260617_180506.jpg,.jpg,2769146,4608x2128,ok
Totapuri,Before ripening,Totapuri/Before ripening/20260617_180516.jpg,20260617_180516.jpg,.jpg,2848252,4608x2128,ok
Totapuri,Before ripening,Totapuri/Before ripening/20260617_180517.jpg,20260617_180517.jpg,.jpg,2983740,4608x2128,ok
Totapuri,Before ripening,Totapuri/Before ripening/20260617_180554.jpg,20260617_180554.jpg,.jpg,2565139,4608x2128,ok
Totapuri,Before ripening,Totapuri/Before ripening/20260617_180559.jpg,20260617_180559.jpg,.jpg,2893144,4608x2128,ok
Totapuri,Before ripening,Totapuri/Before ripening/20260617_180605.jpg,20260617_180605.jpg,.jpg,3599360,4608x2128,ok
Totapuri,Before ripening,Totapuri/Before ripening/20260617_180609.jpg,20260617_180609.jpg,.jpg,2901350,4608x2128,ok
Totapuri,Before ripening,Totapuri/Before ripening/20260617_180620.jpg,20260617_180620.jpg,.jpg,2429894,4608x2128,ok
Totapuri,Before ripening,Totapuri/Before ripening/20260617_180623.jpg,20260617_180623.jpg,.jpg,2391897,4608x2128,ok
Totapuri,Before ripening,Totapuri/Before ripening/20260617_180627.jpg,20260617_180627.jpg,.jpg,3147730,4608x2128,ok
Totapuri,Before ripening,Totapuri/Before ripening/20260617_180630.jpg,20260617_180630.jpg,.jpg,3082244,4608x2128,ok
Totapuri,Before ripening,Totapuri/Before ripening/20260617_180639.jpg,20260617_180639.jpg,.jpg,3146704,4608x2128,ok
Totapuri,Before ripening,Totapuri/Before ripening/20260617_180643.jpg,20260617_180643.jpg,.jpg,2891303,4608x2128,ok
Totapuri,Before ripening,Totapuri/Before ripening/20260617_180809.jpg,20260617_180809.jpg,.jpg,2675925,4608x2128,ok
Totapuri,Before ripening,Totapuri/Before ripening/20260617_181115.jpg,20260617_181115.jpg,.jpg,2701374,4608x2128,ok
Totapuri,Before ripening,Totapuri/Before ripening/20260617_181214.jpg,20260617_181214.jpg,.jpg,2682745,4608x2128,ok
Totapuri,Before ripening,Totapuri/Before ripening/20260617_181218.jpg,20260617_181218.jpg,.jpg,2724136,4608x2128,ok
Totapuri,Before ripening,Totapuri/Before ripening/20260617_181230.jpg,20260617_181230.jpg,.jpg,2651301,4608x2128,ok
Totapuri,Before ripening,Totapuri/Before ripening/20260617_181247.jpg,20260617_181247.jpg,.jpg,2195517,4608x2128,ok
Totapuri,Before ripening,Totapuri/Before ripening/20260617_181251.jpg,20260617_181251.jpg,.jpg,2414013,4608x2128,ok
Totapuri,Before ripening,Totapuri/Before ripening/20260617_181335.jpg,20260617_181335.jpg,.jpg,2570028,4608x2128,ok
Totapuri,Before ripening,Totapuri/Before ripening/20260617_181339.jpg,20260617_181339.jpg,.jpg,2313326,4608x2128,ok
Totapuri,Before ripening,Totapuri/Before ripening/20260617_181346.jpg,20260617_181346.jpg,.jpg,2381339,4608x2128,ok
Totapuri,Before ripening,Totapuri/Before ripening/20260617_181349.jpg,20260617_181349.jpg,.jpg,2292905,4608x2128,ok
Totapuri,Before ripening,Totapuri/Before ripening/20260617_181409.jpg,20260617_181409.jpg,.jpg,2355898,4608x2128,ok
Totapuri,Before ripening,Totapuri/Before ripening/20260617_181413.jpg,20260617_181413.jpg,.jpg,1784717,4608x2128,ok
Totapuri,Before ripening,Totapuri/Before ripening/20260617_181416.jpg,20260617_181416.jpg,.jpg,2274387,4608x2128,ok
Totapuri,Before ripening,Totapuri/Before ripening/20260617_60305pmByGPSMapCamera.jpg,20260617_60305pmByGPSMapCamera.jpg,.jpg,9909447,3456x4608,ok
Totapuri,Before ripening,Totapuri/Before ripening/20260617_60314pmByGPSMapCamera.jpg,20260617_60314pmByGPSMapCamera.jpg,.jpg,7208680,3456x4608,ok
Totapuri,Before ripening,Totapuri/Before ripening/20260617_60316pmByGPSMapCamera.jpg,20260617_60316pmByGPSMapCamera.jpg,.jpg,8130527,3456x4608,ok
Totapuri,Before ripening,Totapuri/Before ripening/20260617_60323pmByGPSMapCamera.jpg,20260617_60323pmByGPSMapCamera.jpg,.jpg,7486890,3456x4608,ok
Totapuri,Before ripening,Totapuri/Before ripening/20260620_163823.jpg,20260620_163823.jpg,.jpg,3257456,4608x2128,ok
Totapuri,Before ripening,Totapuri/Before ripening/20260620_163831.jpg,20260620_163831.jpg,.jpg,2800725,4608x2128,ok
Totapuri,Before ripening,Totapuri/Before ripening/20260620_163839.jpg,20260620_163839.jpg,.jpg,2677988,4608x2128,ok
Totapuri,Before ripening,Totapuri/Before ripening/20260620_163844.jpg,20260620_163844.jpg,.jpg,3162911,4608x2128,ok
Totapuri,Before ripening,Totapuri/Before ripening/20260620_163905.jpg,20260620_163905.jpg,.jpg,2464639,4608x2128,ok
Totapuri,Before ripening,Totapuri/Before ripening/20260620_163908.jpg,20260620_163908.jpg,.jpg,2830220,4608x2128,ok
Totapuri,Before ripening,Totapuri/Before ripening/20260620_163910.jpg,20260620_163910.jpg,.jpg,2438828,4608x2128,ok
Totapuri,Before ripening,Totapuri/Before ripening/20260620_163929.jpg,20260620_163929.jpg,.jpg,2908320,4608x2128,ok
Totapuri,Before ripening,Totapuri/Before ripening/20260620_163931.jpg,20260620_163931.jpg,.jpg,2900977,4608x2128,ok
Totapuri,Before ripening,Totapuri/Before ripening/20260620_164002.jpg,20260620_164002.jpg,.jpg,3132021,4608x2128,ok
Totapuri,Before ripening,Totapuri/Before ripening/20260620_164004.jpg,20260620_164004.jpg,.jpg,2840917,4608x2128,ok
Totapuri,Before ripening,Totapuri/Before ripening/20260620_164013.jpg,20260620_164013.jpg,.jpg,2927116,4608x2128,ok
Totapuri,Before ripening,Totapuri/Before ripening/20260620_164024.jpg,20260620_164024.jpg,.jpg,2543642,4608x2128,ok
Totapuri,Before ripening,Totapuri/Before ripening/20260620_164027.jpg,20260620_164027.jpg,.jpg,2541567,4608x2128,ok
Totapuri,Before ripening,Totapuri/Before ripening/20260620_164049.jpg,20260620_164049.jpg,.jpg,2748640,4608x2128,ok
Totapuri,Before ripening,Totapuri/Before ripening/20260620_164051.jpg,20260620_164051.jpg,.jpg,2730693,4608x2128,ok
Totapuri,Before ripening,Totapuri/Before ripening/20260620_164103.jpg,20260620_164103.jpg,.jpg,2611938,4608x2128,ok
Totapuri,Before ripening,Totapuri/Before ripening/20260620_164105.jpg,20260620_164105.jpg,.jpg,3001635,4608x2128,ok
Totapuri,Before ripening,Totapuri/Before ripening/20260620_164107.jpg,20260620_164107.jpg,.jpg,2729835,4608x2128,ok
Totapuri,Before ripening,Totapuri/Before ripening/20260620_164110.jpg,20260620_164110.jpg,.jpg,2552264,4608x2128,ok
Totapuri,Before ripening,Totapuri/Before ripening/20260620_164150.jpg,20260620_164150.jpg,.jpg,2784820,4608x2128,ok
Totapuri,Before ripening,Totapuri/Before ripening/20260620_164152.jpg,20260620_164152.jpg,.jpg,2763320,4608x2128,ok
Totapuri,Before ripening,Totapuri/Before ripening/20260620_164154.jpg,20260620_164154.jpg,.jpg,2772824,4608x2128,ok
Totapuri,Before ripening,Totapuri/Before ripening/20260620_164157.jpg,20260620_164157.jpg,.jpg,2752280,4608x2128,ok
Totapuri,Before ripening,Totapuri/Before ripening/20260620_164200.jpg,20260620_164200.jpg,.jpg,2785703,4608x2128,ok
Totapuri,Before ripening,Totapuri/Before ripening/20260620_164203.jpg,20260620_164203.jpg,.jpg,2824289,4608x2128,ok
Totapuri,Before ripening,Totapuri/Before ripening/20260620_164214.jpg,20260620_164214.jpg,.jpg,2844083,4608x2128,ok
Totapuri,Before ripening,Totapuri/Before ripening/20260620_164218.jpg,20260620_164218.jpg,.jpg,2899789,4608x2128,ok
Totapuri,Before ripening,Totapuri/Before ripening/20260620_164225.jpg,20260620_164225.jpg,.jpg,3031487,4608x2128,ok
Totapuri,Before ripening,Totapuri/Before ripening/20260620_164243.jpg,20260620_164243.jpg,.jpg,2804474,4608x2128,ok
Totapuri,Before ripening,Totapuri/Before ripening/20260620_164244.jpg,20260620_164244.jpg,.jpg,2761902,4608x2128,ok
Totapuri,Before ripening,Totapuri/Before ripening/20260620_164248.jpg,20260620_164248.jpg,.jpg,2797679,4608x2128,ok
Totapuri,Before ripening,Totapuri/Before ripening/20260620_164307.jpg,20260620_164307.jpg,.jpg,2824601,4608x2128,ok
Totapuri,Before ripening,Totapuri/Before ripening/20260620_164310.jpg,20260620_164310.jpg,.jpg,2821878,4608x2128,ok
Totapuri,Before ripening,Totapuri/Before ripening/20260620_164329.jpg,20260620_164329.jpg,.jpg,2835380,4608x2128,ok
Totapuri,Before ripening,Totapuri/Before ripening/20260620_164332.jpg,20260620_164332.jpg,.jpg,2883300,4608x2128,ok
Totapuri,Before ripening,Totapuri/Before ripening/20260620_164436.jpg,20260620_164436.jpg,.jpg,2641305,4608x2128,ok
Totapuri,Before ripening,Totapuri/Before ripening/20260620_164438.jpg,20260620_164438.jpg,.jpg,2524807,4608x2128,ok
Totapuri,Before ripening,Totapuri/Before ripening/20260620_170211.jpg,20260620_170211.jpg,.jpg,2719481,4608x2128,ok
Totapuri,Before ripening,Totapuri/Before ripening/20260620_170225.jpg,20260620_170225.jpg,.jpg,2876971,4608x2128,ok
Totapuri,Before ripening,Totapuri/Before ripening/20260620_170228.jpg,20260620_170228.jpg,.jpg,3101020,4608x2128,ok
Totapuri,Before ripening,Totapuri/Before ripening/20260620_170637.jpg,20260620_170637.jpg,.jpg,2611820,4608x2128,ok
Totapuri,Before ripening,Totapuri/Before ripening/20260620_170638.jpg,20260620_170638.jpg,.jpg,2634711,4608x2128,ok
Totapuri,Before ripening,Totapuri/Before ripening/20260620_170649.jpg,20260620_170649.jpg,.jpg,2781282,4608x2128,ok
Totapuri,Before ripening,Totapuri/Before ripening/20260620_170700.jpg,20260620_170700.jpg,.jpg,3318400,4608x2128,ok
Totapuri,Before ripening,Totapuri/Before ripening/20260620_170720.jpg,20260620_170720.jpg,.jpg,1550501,4608x2128,ok
Totapuri,Before ripening,Totapuri/Before ripening/20260620_170722.jpg,20260620_170722.jpg,.jpg,1533090,4608x2128,ok
Totapuri,Before ripening,Totapuri/Before ripening/20260620_170723.jpg,20260620_170723.jpg,.jpg,1523040,4608x2128,ok
Totapuri,Before ripening,Totapuri/Before ripening/20260620_170815.jpg,20260620_170815.jpg,.jpg,1668427,4608x2128,ok
Totapuri,Before ripening,Totapuri/Before ripening/20260620_170818.jpg,20260620_170818.jpg,.jpg,1689475,4608x2128,ok
Totapuri,Before ripening,Totapuri/Before ripening/20260620_170832.jpg,20260620_170832.jpg,.jpg,1598946,4608x2128,ok
Totapuri,Before ripening,Totapuri/Before ripening/20260620_170844.jpg,20260620_170844.jpg,.jpg,1602785,4608x2128,ok
Totapuri,Before ripening,Totapuri/Before ripening/20260620_170846.jpg,20260620_170846.jpg,.jpg,1624142,4608x2128,ok
Totapuri,Before ripening,Totapuri/Before ripening/20260620_170907.jpg,20260620_170907.jpg,.jpg,1506721,4608x2128,ok
Totapuri,Before ripening,Totapuri/Before ripening/20260620_170909.jpg,20260620_170909.jpg,.jpg,1519418,4608x2128,ok
Totapuri,Before ripening,Totapuri/Before ripening/20260620_170921.jpg,20260620_170921.jpg,.jpg,1593397,4608x2128,ok
Totapuri,Before ripening,Totapuri/Before ripening/20260620_170922.jpg,20260620_170922.jpg,.jpg,1596603,4608x2128,ok
Totapuri,Before ripening,Totapuri/Before ripening/20260620_170938.jpg,20260620_170938.jpg,.jpg,2238642,4608x2128,ok
Totapuri,Before ripening,Totapuri/Before ripening/20260620_171337.jpg,20260620_171337.jpg,.jpg,2507138,4608x2128,ok
Totapuri,Before ripening,Totapuri/Before ripening/20260620_171339.jpg,20260620_171339.jpg,.jpg,2405621,4608x2128,ok
Totapuri,Before ripening,Totapuri/Before ripening/20260620_171401.jpg,20260620_171401.jpg,.jpg,2477824,4608x2128,ok
Totapuri,Before ripening,Totapuri/Before ripening/20260620_171407.jpg,20260620_171407.jpg,.jpg,2443106,4608x2128,ok
Totapuri,Before ripening,Totapuri/Before ripening/20260620_171409.jpg,20260620_171409.jpg,.jpg,2411963,4608x2128,ok
Totapuri,Before ripening,Totapuri/Before ripening/20260620_171416.jpg,20260620_171416.jpg,.jpg,2539090,4608x2128,ok
Totapuri,Before ripening,Totapuri/Before ripening/20260620_171417.jpg,20260620_171417.jpg,.jpg,2496436,4608x2128,ok
Totapuri,Before ripening,Totapuri/Before ripening/20260620_171434.jpg,20260620_171434.jpg,.jpg,2312809,4608x2128,ok
Totapuri,Before ripening,Totapuri/Before ripening/20260620_171436.jpg,20260620_171436.jpg,.jpg,2316936,4608x2128,ok
Totapuri,Before ripening,Totapuri/Before ripening/20260620_171449.jpg,20260620_171449.jpg,.jpg,2213644,4608x2128,ok
Totapuri,Before ripening,Totapuri/Before ripening/20260620_171501.jpg,20260620_171501.jpg,.jpg,2537104,4608x2128,ok
Totapuri,Before ripening,Totapuri/Before ripening/20260620_171522.jpg,20260620_171522.jpg,.jpg,2448261,4608x2128,ok
Totapuri,Before ripening,Totapuri/Before ripening/20260620_171524.jpg,20260620_171524.jpg,.jpg,2415568,4608x2128,ok
Totapuri,Before ripening,Totapuri/Before ripening/20260620_171542.jpg,20260620_171542.jpg,.jpg,2352270,4608x2128,ok
Totapuri,Before ripening,Totapuri/Before ripening/20260620_171604.jpg,20260620_171604.jpg,.jpg,2451131,4608x2128,ok
Totapuri,Before ripening,Totapuri/Before ripening/20260620_171606.jpg,20260620_171606.jpg,.jpg,2398699,4608x2128,ok
Totapuri,Before ripening,Totapuri/Before ripening/20260620_171610.jpg,20260620_171610.jpg,.jpg,2564738,4608x2128,ok
Totapuri,Before ripening,Totapuri/Before ripening/20260620_171627.jpg,20260620_171627.jpg,.jpg,2436319,4608x2128,ok
Totapuri,Before ripening,Totapuri/Before ripening/20260620_171629.jpg,20260620_171629.jpg,.jpg,3154493,4608x2128,ok
Totapuri,Before ripening,Totapuri/Before ripening/20260620_171632.jpg,20260620_171632.jpg,.jpg,2524468,4608x2128,ok
Totapuri,Before ripening,Totapuri/Before ripening/20260620_171702.jpg,20260620_171702.jpg,.jpg,2465540,4608x2128,ok
Totapuri,Before ripening,Totapuri/Before ripening/20260620_171707.jpg,20260620_171707.jpg,.jpg,2454908,4608x2128,ok
Totapuri,Before ripening,Totapuri/Before ripening/20260620_171711.jpg,20260620_171711.jpg,.jpg,2407013,4608x2128,ok
Totapuri,Before ripening,Totapuri/Before ripening/20260620_171720.jpg,20260620_171720.jpg,.jpg,2371586,4608x2128,ok
Totapuri,Before ripening,Totapuri/Before ripening/20260620_171725.jpg,20260620_171725.jpg,.jpg,2445012,4608x2128,ok
Totapuri,Before ripening,Totapuri/Before ripening/20260620_171757.jpg,20260620_171757.jpg,.jpg,2419450,4608x2128,ok
Totapuri,Before ripening,Totapuri/Before ripening/20260620_171811.jpg,20260620_171811.jpg,.jpg,2477950,4608x2128,ok
Totapuri,Before ripening,Totapuri/Before ripening/20260620_171820.jpg,20260620_171820.jpg,.jpg,2425510,4608x2128,ok
Totapuri,Before ripening,Totapuri/Before ripening/20260620_171824.jpg,20260620_171824.jpg,.jpg,2387202,4608x2128,ok
Totapuri,Before ripening,Totapuri/Before ripening/20260620_171832.jpg,20260620_171832.jpg,.jpg,2467075,4608x2128,ok
Totapuri,Before ripening,Totapuri/Before ripening/20260620_171841.jpg,20260620_171841.jpg,.jpg,2540219,4608x2128,ok
Totapuri,Before ripening,Totapuri/Before ripening/20260620_171917.jpg,20260620_171917.jpg,.jpg,2338408,4608x2128,ok
Totapuri,Before ripening,Totapuri/Before ripening/20260620_171924.jpg,20260620_171924.jpg,.jpg,2403285,4608x2128,ok
Totapuri,Before ripening,Totapuri/Before ripening/20260620_171927.jpg,20260620_171927.jpg,.jpg,2488734,4608x2128,ok
Totapuri,Before ripening,Totapuri/Before ripening/20260620_171950.jpg,20260620_171950.jpg,.jpg,2469521,4608x2128,ok
Totapuri,Before ripening,Totapuri/Before ripening/20260620_171952.jpg,20260620_171952.jpg,.jpg,2476525,4608x2128,ok
Totapuri,Before ripening,Totapuri/Before ripening/20260620_172008.jpg,20260620_172008.jpg,.jpg,2456318,4608x2128,ok
Totapuri,Before ripening,Totapuri/Before ripening/20260620_172035.jpg,20260620_172035.jpg,.jpg,2448360,4608x2128,ok
Totapuri,Before ripening,Totapuri/Before ripening/20260620_172037.jpg,20260620_172037.jpg,.jpg,2459857,4608x2128,ok
Totapuri,Before ripening,Totapuri/Before ripening/20260620_172044.jpg,20260620_172044.jpg,.jpg,2311519,4608x2128,ok
Totapuri,Before ripening,Totapuri/Before ripening/20260620_172050.jpg,20260620_172050.jpg,.jpg,2445494,4608x2128,ok
Totapuri,Before ripening,Totapuri/Before ripening/20260620_172136.jpg,20260620_172136.jpg,.jpg,2493679,4608x2128,ok
Totapuri,Before ripening,Totapuri/Before ripening/20260620_172138.jpg,20260620_172138.jpg,.jpg,2522069,4608x2128,ok
Totapuri,Before ripening,Totapuri/Before ripening/20260620_172140.jpg,20260620_172140.jpg,.jpg,2478764,4608x2128,ok
Totapuri,Before ripening,Totapuri/Before ripening/20260620_172151.jpg,20260620_172151.jpg,.jpg,2486504,4608x2128,ok
Totapuri,Before ripening,Totapuri/Before ripening/20260620_172156.jpg,20260620_172156.jpg,.jpg,2494852,4608x2128,ok
Totapuri,Before ripening,Totapuri/Before ripening/20260620_172205.jpg,20260620_172205.jpg,.jpg,2711138,4608x2128,ok
Totapuri,Before ripening,Totapuri/Before ripening/20260620_172221.jpg,20260620_172221.jpg,.jpg,2087267,4608x2128,ok
Totapuri,Before ripening,Totapuri/Before ripening/20260620_172224.jpg,20260620_172224.jpg,.jpg,2090037,4608x2128,ok
Totapuri,Before ripening,Totapuri/Before ripening/20260620_172226.jpg,20260620_172226.jpg,.jpg,2120431,4608x2128,ok
Totapuri,Before ripening,Totapuri/Before ripening/20260620_172238.jpg,20260620_172238.jpg,.jpg,2266646,4608x2128,ok
Totapuri,Before ripening,Totapuri/Before ripening/20260620_172302.jpg,20260620_172302.jpg,.jpg,2579537,4608x2128,ok
Totapuri,Before ripening,Totapuri/Before ripening/20260620_172306.jpg,20260620_172306.jpg,.jpg,2493492,4608x2128,ok
Totapuri,Before ripening,Totapuri/Before ripening/20260620_172326.jpg,20260620_172326.jpg,.jpg,2604340,4608x2128,ok
Totapuri,Before ripening,Totapuri/Before ripening/20260620_172331.jpg,20260620_172331.jpg,.jpg,2339251,4608x2128,ok
Totapuri,Before ripening,Totapuri/Before ripening/20260620_172343.jpg,20260620_172343.jpg,.jpg,2478045,4608x2128,ok
Totapuri,Before ripening,Totapuri/Before ripening/20260620_172401.jpg,20260620_172401.jpg,.jpg,2269248,4608x2128,ok
Totapuri,Before ripening,Totapuri/Before ripening/20260620_172403.jpg,20260620_172403.jpg,.jpg,2325189,4608x2128,ok
Totapuri,Before ripening,Totapuri/Before ripening/20260620_172415.jpg,20260620_172415.jpg,.jpg,2496424,4608x2128,ok
Totapuri,Before ripening,Totapuri/Before ripening/20260620_172425.jpg,20260620_172425.jpg,.jpg,2591505,4608x2128,ok
Totapuri,Before ripening,Totapuri/Before ripening/20260620_172429.jpg,20260620_172429.jpg,.jpg,2630441,4608x2128,ok
Totapuri,Before ripening,Totapuri/Before ripening/20260620_172441.jpg,20260620_172441.jpg,.jpg,2552697,4608x2128,ok
Totapuri,Before ripening,Totapuri/Before ripening/20260620_172501.jpg,20260620_172501.jpg,.jpg,2573983,4608x2128,ok
Totapuri,Before ripening,Totapuri/Before ripening/20260620_172504.jpg,20260620_172504.jpg,.jpg,2450690,4608x2128,ok
Totapuri,Before ripening,Totapuri/Before ripening/20260620_172515.jpg,20260620_172515.jpg,.jpg,2550283,4608x2128,ok
Totapuri,Before ripening,Totapuri/Before ripening/20260620_172517.jpg,20260620_172517.jpg,.jpg,2538028,4608x2128,ok
Totapuri,Before ripening,Totapuri/Before ripening/20260620_172530.jpg,20260620_172530.jpg,.jpg,2168988,4608x2128,ok
Totapuri,Before ripening,Totapuri/Before ripening/20260620_172542.jpg,20260620_172542.jpg,.jpg,2696482,4608x2128,ok
Totapuri,Before ripening,Totapuri/Before ripening/20260620_172548.jpg,20260620_172548.jpg,.jpg,2555683,4608x2128,ok
Totapuri,Before ripening,Totapuri/Before ripening/20260620_172559.jpg,20260620_172559.jpg,.jpg,2424262,4608x2128,ok
Totapuri,Before ripening,Totapuri/Before ripening/20260620_172607.jpg,20260620_172607.jpg,.jpg,2364550,4608x2128,ok
Totapuri,Before ripening,Totapuri/Before ripening/20260620_172613.jpg,20260620_172613.jpg,.jpg,2265129,4608x2128,ok
Totapuri,Before ripening,Totapuri/Before ripening/20260620_172617.jpg,20260620_172617.jpg,.jpg,2275864,4608x2128,ok
Totapuri,Before ripening,Totapuri/Before ripening/20260620_173615.jpg,20260620_173615.jpg,.jpg,2334396,4608x2128,ok
Totapuri,Before ripening,Totapuri/Before ripening/20260620_173650.jpg,20260620_173650.jpg,.jpg,2386054,4608x2128,ok
Totapuri,Before ripening,Totapuri/Before ripening/20260620_173654.jpg,20260620_173654.jpg,.jpg,2172338,4608x2128,ok
Totapuri,Before ripening,Totapuri/Before ripening/20260620_173700.jpg,20260620_173700.jpg,.jpg,2572885,4608x2128,ok
Totapuri,Before ripening,Totapuri/Before ripening/20260620_173709.jpg,20260620_173709.jpg,.jpg,2101579,4608x2128,ok
Totapuri,Before ripening,Totapuri/Before ripening/20260620_173713.jpg,20260620_173713.jpg,.jpg,2300030,4608x2128,ok
Totapuri,Before ripening,Totapuri/Before ripening/20260620_173718.jpg,20260620_173718.jpg,.jpg,2373595,4608x2128,ok
Totapuri,Before ripening,Totapuri/Before ripening/20260620_173722.jpg,20260620_173722.jpg,.jpg,2608658,4608x2128,ok
Totapuri,Before ripening,Totapuri/Before ripening/20260620_173749.jpg,20260620_173749.jpg,.jpg,2618541,4608x2128,ok
Totapuri,Before ripening,Totapuri/Before ripening/20260620_173754.jpg,20260620_173754.jpg,.jpg,2856897,4608x2128,ok
Totapuri,Before ripening,Totapuri/Before ripening/20260620_173803.jpg,20260620_173803.jpg,.jpg,2310687,4608x2128,ok
Totapuri,Before ripening,Totapuri/Before ripening/20260620_173806.jpg,20260620_173806.jpg,.jpg,2323936,4608x2128,ok
Totapuri,Before ripening,Totapuri/Before ripening/20260620_173815.jpg,20260620_173815.jpg,.jpg,2356854,4608x2128,ok
Totapuri,Before ripening,Totapuri/Before ripening/20260620_173821.jpg,20260620_173821.jpg,.jpg,2481091,4608x2128,ok
Totapuri,Before ripening,Totapuri/Before ripening/20260620_173825.jpg,20260620_173825.jpg,.jpg,2379363,4608x2128,ok
Totapuri,Before ripening,Totapuri/Before ripening/20260620_173833.jpg,20260620_173833.jpg,.jpg,2472581,4608x2128,ok
Totapuri,Before ripening,Totapuri/Before ripening/20260620_173838.jpg,20260620_173838.jpg,.jpg,2464051,4608x2128,ok
Totapuri,Before ripening,Totapuri/Before ripening/20260620_173848.jpg,20260620_173848.jpg,.jpg,2312223,4608x2128,ok
Totapuri,Before ripening,Totapuri/Before ripening/20260620_173853.jpg,20260620_173853.jpg,.jpg,2336314,4608x2128,ok
Totapuri,Before ripening,Totapuri/Before ripening/20260620_173930.jpg,20260620_173930.jpg,.jpg,2477826,4608x2128,ok
Totapuri,Before ripening,Totapuri/Before ripening/20260620_173940.jpg,20260620_173940.jpg,.jpg,2114510,4608x2128,ok
Totapuri,Before ripening,Totapuri/Before ripening/20260620_174009.jpg,20260620_174009.jpg,.jpg,2388184,4608x2128,ok
Totapuri,Before ripening,Totapuri/Before ripening/20260620_43727pmByGPSMapCamera.jpg,20260620_43727pmByGPSMapCamera.jpg,.jpg,11443872,3456x4608,ok
Totapuri,Before ripening,Totapuri/Before ripening/20260620_43729pmByGPSMapCamera.jpg,20260620_43729pmByGPSMapCamera.jpg,.jpg,9833260,3456x4608,ok
Totapuri,Before ripening,Totapuri/Before ripening/20260620_43751pmByGPSMapCamera.jpg,20260620_43751pmByGPSMapCamera.jpg,.jpg,10035800,3456x4608,ok
Totapuri,Before ripening,Totapuri/Before ripening/20260620_43757pmByGPSMapCamera.jpg,20260620_43757pmByGPSMapCamera.jpg,.jpg,6625571,3456x4608,ok
Totapuri,Before ripening,Totapuri/Before ripening/20260620_43759pmByGPSMapCamera.jpg,20260620_43759pmByGPSMapCamera.jpg,.jpg,6831660,3456x4608,ok
Totapuri,Before ripening,Totapuri/Before ripening/GMC09062026_160855 (1).jpg,GMC09062026_160855 (1).jpg,.jpg,9917526,4608x3456,ok
Totapuri,Before ripening,Totapuri/Before ripening/GMC09062026_162702 (1).jpg,GMC09062026_162702 (1).jpg,.jpg,10746772,4608x3456,ok
Totapuri,Before ripening,Totapuri/Before ripening/Totapuri 1 (18).jpg,Totapuri 1 (18).jpg,.jpg,2898518,4608x2128,ok
Totapuri,Before ripening,Totapuri/Before ripening/Totapuri 1 (19).jpeg,Totapuri 1 (19).jpeg,.jpeg,83596,704x593,ok
Totapuri,Before ripening,Totapuri/Before ripening/Totapuri 1 (19).jpg,Totapuri 1 (19).jpg,.jpg,2350572,4608x2128,ok
Totapuri,Before ripening,Totapuri/Before ripening/Totapuri 1 (20).jpeg,Totapuri 1 (20).jpeg,.jpeg,34317,261x554,ok
Totapuri,Before ripening,Totapuri/Before ripening/Totapuri 1 (20).jpg,Totapuri 1 (20).jpg,.jpg,2479569,4608x2128,ok
Totapuri,Before ripening,Totapuri/Before ripening/Totapuri 1 (21).jpeg,Totapuri 1 (21).jpeg,.jpeg,87509,580x713,ok
Totapuri,Before ripening,Totapuri/Before ripening/Totapuri 1 (21).jpg,Totapuri 1 (21).jpg,.jpg,2490622,4608x2128,ok
Totapuri,Before ripening,Totapuri/Before ripening/Totapuri 1 (22).jpeg,Totapuri 1 (22).jpeg,.jpeg,99097,855x648,ok
Totapuri,Before ripening,Totapuri/Before ripening/Totapuri 1 (22).jpg,Totapuri 1 (22).jpg,.jpg,3150143,4608x2128,ok
Totapuri,Before ripening,Totapuri/Before ripening/Totapuri 1 (23).jpeg,Totapuri 1 (23).jpeg,.jpeg,133333,773x772,ok
Totapuri,Before ripening,Totapuri/Before ripening/Totapuri 1 (23).jpg,Totapuri 1 (23).jpg,.jpg,3125168,4608x2128,ok
Totapuri,Before ripening,Totapuri/Before ripening/Totapuri 1 (24).jpeg,Totapuri 1 (24).jpeg,.jpeg,66276,480x639,ok
Totapuri,Before ripening,Totapuri/Before ripening/Totapuri 1 (24).jpg,Totapuri 1 (24).jpg,.jpg,3169462,4608x2128,ok
Totapuri,Before ripening,Totapuri/Before ripening/Totapuri 1 (25).jpeg,Totapuri 1 (25).jpeg,.jpeg,105950,864x1152,ok
Totapuri,Before ripening,Totapuri/Before ripening/Totapuri 1 (25).jpg,Totapuri 1 (25).jpg,.jpg,3073075,4608x2128,ok
Totapuri,Before ripening,Totapuri/Before ripening/Totapuri 1 (26).jpeg,Totapuri 1 (26).jpeg,.jpeg,82117,564x723,ok
Totapuri,Before ripening,Totapuri/Before ripening/Totapuri 1 (26).jpg,Totapuri 1 (26).jpg,.jpg,3210014,4608x2128,ok
Totapuri,Before ripening,Totapuri/Before ripening/Totapuri 1 (27).jpeg,Totapuri 1 (27).jpeg,.jpeg,105021,1152x864,ok
Totapuri,Before ripening,Totapuri/Before ripening/Totapuri 1 (27).jpg,Totapuri 1 (27).jpg,.jpg,3150716,4608x2128,ok
Totapuri,Before ripening,Totapuri/Before ripening/Totapuri 1 (28).jpeg,Totapuri 1 (28).jpeg,.jpeg,94721,1152x864,ok
Totapuri,Before ripening,Totapuri/Before ripening/Totapuri 1 (28).jpg,Totapuri 1 (28).jpg,.jpg,3238924,4608x2128,ok
Totapuri,Before ripening,Totapuri/Before ripening/Totapuri 1 (29).jpeg,Totapuri 1 (29).jpeg,.jpeg,77491,1152x864,ok
Totapuri,Before ripening,Totapuri/Before ripening/Totapuri 1 (29).jpg,Totapuri 1 (29).jpg,.jpg,3001076,4608x2128,ok
Totapuri,Before ripening,Totapuri/Before ripening/Totapuri 1 (30).jpeg,Totapuri 1 (30).jpeg,.jpeg,111799,864x1152,ok
Totapuri,Before ripening,Totapuri/Before ripening/Totapuri 1 (30).jpg,Totapuri 1 (30).jpg,.jpg,3038623,4608x2128,ok
Totapuri,Before ripening,Totapuri/Before ripening/Totapuri 1 (31).jpeg,Totapuri 1 (31).jpeg,.jpeg,109220,864x1152,ok
Totapuri,Before ripening,Totapuri/Before ripening/Totapuri 1 (31).jpg,Totapuri 1 (31).jpg,.jpg,3004617,4608x2128,ok
Totapuri,Before ripening,Totapuri/Before ripening/Totapuri 1 (32).jpeg,Totapuri 1 (32).jpeg,.jpeg,115469,864x1152,ok
Totapuri,Before ripening,Totapuri/Before ripening/Totapuri 1 (32).jpg,Totapuri 1 (32).jpg,.jpg,2838705,4608x2128,ok
Totapuri,Before ripening,Totapuri/Before ripening/Totapuri 1 (33).jpeg,Totapuri 1 (33).jpeg,.jpeg,78063,720x1280,ok
Totapuri,Before ripening,Totapuri/Before ripening/Totapuri 1 (33).jpg,Totapuri 1 (33).jpg,.jpg,2827650,4608x2128,ok
Totapuri,Before ripening,Totapuri/Before ripening/Totapuri 1 (34).jpeg,Totapuri 1 (34).jpeg,.jpeg,396947,1504x1936,ok
Totapuri,Before ripening,Totapuri/Before ripening/Totapuri 1 (34).jpg,Totapuri 1 (34).jpg,.jpg,2860419,4608x2128,ok
Totapuri,Before ripening,Totapuri/Before ripening/Totapuri 1 (35).jpeg,Totapuri 1 (35).jpeg,.jpeg,331092,1921x4160,ok
Totapuri,Before ripening,Totapuri/Before ripening/Totapuri 1 (35).jpg,Totapuri 1 (35).jpg,.jpg,2690364,4608x2128,ok
Totapuri,Before ripening,Totapuri/Before ripening/Totapuri 1 (36).jpeg,Totapuri 1 (36).jpeg,.jpeg,441476,1921x4160,ok
Totapuri,Before ripening,Totapuri/Before ripening/Totapuri 1 (36).jpg,Totapuri 1 (36).jpg,.jpg,2770710,4608x2128,ok
Totapuri,Before ripening,Totapuri/Before ripening/Totapuri 1 (37).jpeg,Totapuri 1 (37).jpeg,.jpeg,519941,1921x4160,ok
Totapuri,Before ripening,Totapuri/Before ripening/Totapuri 1 (37).jpg,Totapuri 1 (37).jpg,.jpg,2768822,4608x2128,ok
Totapuri,Before ripening,Totapuri/Before ripening/Totapuri 1 (38).jpeg,Totapuri 1 (38).jpeg,.jpeg,426123,1561x1808,ok
Totapuri,Before ripening,Totapuri/Before ripening/Totapuri 1 (38).jpg,Totapuri 1 (38).jpg,.jpg,2751357,4608x2128,ok
Totapuri,Before ripening,Totapuri/Before ripening/Totapuri 1 (39).jpeg,Totapuri 1 (39).jpeg,.jpeg,334368,1921x4160,ok
Totapuri,Before ripening,Totapuri/Before ripening/Totapuri 1 (39).jpg,Totapuri 1 (39).jpg,.jpg,2715327,4608x2128,ok
Totapuri,Before ripening,Totapuri/Before ripening/Totapuri 1 (40).jpeg,Totapuri 1 (40).jpeg,.jpeg,149471,797x678,ok
Totapuri,Before ripening,Totapuri/Before ripening/Totapuri 1 (40).jpg,Totapuri 1 (40).jpg,.jpg,2691121,4608x2128,ok
Totapuri,Before ripening,Totapuri/Before ripening/Totapuri 1 (41).jpg,Totapuri 1 (41).jpg,.jpg,2778911,4608x2128,ok
Totapuri,Before ripening,Totapuri/Before ripening/Totapuri 1 (42).jpg,Totapuri 1 (42).jpg,.jpg,2690876,4608x2128,ok
Totapuri,Before ripening,Totapuri/Before ripening/Totapuri 1 (43).jpg,Totapuri 1 (43).jpg,.jpg,2767062,4608x2128,ok
Totapuri,Before ripening,Totapuri/Before ripening/Totapuri 1 (44).jpg,Totapuri 1 (44).jpg,.jpg,2682242,4608x2128,ok
Totapuri,Before ripening,Totapuri/Before ripening/Totapuri 1 (45).jpg,Totapuri 1 (45).jpg,.jpg,2787239,4608x2128,ok
Totapuri,Before ripening,Totapuri/Before ripening/Totapuri 1 (46).jpg,Totapuri 1 (46).jpg,.jpg,2725888,4608x2128,ok
Totapuri,Before ripening,Totapuri/Before ripening/Totapuri 1 (47).jpg,Totapuri 1 (47).jpg,.jpg,2706468,4608x2128,ok
Totapuri,Before ripening,Totapuri/Before ripening/Totapuri 1 (48).jpg,Totapuri 1 (48).jpg,.jpg,2676376,4608x2128,ok
Totapuri,Before ripening,Totapuri/Before ripening/Totapuri 1 (49).jpg,Totapuri 1 (49).jpg,.jpg,2724060,4608x2128,ok
Totapuri,Before ripening,Totapuri/Before ripening/Totapuri 1 (50).jpg,Totapuri 1 (50).jpg,.jpg,2722898,4608x2128,ok
Totapuri,Before ripening,Totapuri/Before ripening/Totapuri 1 (51).jpg,Totapuri 1 (51).jpg,.jpg,2711144,4608x2128,ok
Totapuri,Before ripening,Totapuri/Before ripening/Totapuri 1 (52).jpg,Totapuri 1 (52).jpg,.jpg,2688408,4608x2128,ok
Totapuri,Before ripening,Totapuri/Before ripening/Totapuri 1 (53).jpg,Totapuri 1 (53).jpg,.jpg,2706039,4608x2128,ok
Totapuri,Before ripening,Totapuri/Before ripening/Totapuri 1 (54).jpg,Totapuri 1 (54).jpg,.jpg,2960247,4608x2128,ok
Totapuri,Before ripening,Totapuri/Before ripening/Totapuri 1 (55).jpg,Totapuri 1 (55).jpg,.jpg,2797750,4608x2128,ok
Totapuri,Before ripening,Totapuri/Before ripening/Totapuri 1 (56).jpg,Totapuri 1 (56).jpg,.jpg,2840976,4608x2128,ok
Totapuri,Before ripening,Totapuri/Before ripening/Totapuri 1 (57).jpg,Totapuri 1 (57).jpg,.jpg,2975939,4608x2128,ok
Totapuri,Before ripening,Totapuri/Before ripening/Totapuri 1 (58).jpg,Totapuri 1 (58).jpg,.jpg,3295170,4608x2128,ok
Totapuri,Before ripening,Totapuri/Before ripening/Totapuri 1 (59).jpg,Totapuri 1 (59).jpg,.jpg,3268402,4608x2128,ok
Totapuri,Before ripening,Totapuri/Before ripening/Totapuri 1 (60).jpg,Totapuri 1 (60).jpg,.jpg,3176910,4608x2128,ok
Totapuri,Before ripening,Totapuri/Before ripening/Totapuri 1 (61).jpg,Totapuri 1 (61).jpg,.jpg,3210660,4608x2128,ok
Totapuri,Before ripening,Totapuri/Before ripening/Totapuri 1 (62).jpg,Totapuri 1 (62).jpg,.jpg,2924666,4608x2128,ok
Totapuri,Before ripening,Totapuri/Before ripening/Totapuri 1 (63).jpg,Totapuri 1 (63).jpg,.jpg,3356380,4608x2128,ok
Totapuri,Before ripening,Totapuri/Before ripening/Totapuri 1 (64).jpg,Totapuri 1 (64).jpg,.jpg,2758880,4608x2128,ok
Totapuri,Before ripening,Totapuri/Before ripening/Totapuri 1 (65).jpg,Totapuri 1 (65).jpg,.jpg,2836466,4608x2128,ok
Totapuri,Before ripening,Totapuri/Before ripening/Totapuri 1 (66).jpg,Totapuri 1 (66).jpg,.jpg,2759787,4608x2128,ok
Totapuri,Before ripening,Totapuri/Before ripening/Totapuri 1 (67).jpg,Totapuri 1 (67).jpg,.jpg,2784475,4608x2128,ok
Totapuri,Before ripening,Totapuri/Before ripening/Totapuri 1 (68).jpg,Totapuri 1 (68).jpg,.jpg,2665373,4608x2128,ok
Totapuri,Before ripening,Totapuri/Before ripening/Totapuri 1 (69).jpg,Totapuri 1 (69).jpg,.jpg,2685438,4608x2128,ok
Totapuri,Before ripening,Totapuri/Before ripening/Totapuri 1 (70).jpg,Totapuri 1 (70).jpg,.jpg,2701882,4608x2128,ok
Totapuri,Before ripening,Totapuri/Before ripening/Totapuri 1 (71).jpg,Totapuri 1 (71).jpg,.jpg,2630746,4608x2128,ok
Totapuri,Before ripening,Totapuri/Before ripening/Totapuri 1 (72).jpg,Totapuri 1 (72).jpg,.jpg,2622406,4608x2128,ok
Totapuri,Before ripening,Totapuri/Before ripening/Totapuri 1 (73).jpg,Totapuri 1 (73).jpg,.jpg,2597637,4608x2128,ok
Totapuri,Before ripening,Totapuri/Before ripening/Totapuri 1 (74).jpg,Totapuri 1 (74).jpg,.jpg,2735696,4608x2128,ok
Totapuri,Before ripening,Totapuri/Before ripening/Totapuri 1 (75).jpg,Totapuri 1 (75).jpg,.jpg,2925179,4608x2128,ok
Totapuri,Before ripening,Totapuri/Before ripening/Totapuri 1 (76).jpg,Totapuri 1 (76).jpg,.jpg,2730270,4608x2128,ok
Totapuri,Before ripening,Totapuri/Before ripening/Totapuri 1 (77).jpg,Totapuri 1 (77).jpg,.jpg,2708869,4608x2128,ok
Totapuri,Before ripening,Totapuri/Before ripening/Totapuri 1 (78).jpg,Totapuri 1 (78).jpg,.jpg,2631682,4608x2128,ok
Totapuri,Before ripening,Totapuri/Before ripening/Totapuri 1 (79).jpg,Totapuri 1 (79).jpg,.jpg,2683700,4608x2128,ok
Totapuri,Before ripening,Totapuri/Before ripening/Totapuri 1 (80).jpg,Totapuri 1 (80).jpg,.jpg,2681876,4608x2128,ok
Totapuri,Before ripening,Totapuri/Before ripening/Totapuri 1 (81).jpg,Totapuri 1 (81).jpg,.jpg,2694734,4608x2128,ok
Totapuri,Before ripening,Totapuri/Before ripening/Totapuri 1 (82).jpg,Totapuri 1 (82).jpg,.jpg,2644335,4608x2128,ok
Totapuri,Before ripening,Totapuri/Before ripening/Totapuri 1 (83).jpg,Totapuri 1 (83).jpg,.jpg,2591547,4608x2128,ok
Totapuri,Before ripening,Totapuri/Before ripening/Totapuri 1 (84).jpg,Totapuri 1 (84).jpg,.jpg,2632514,4608x2128,ok
Totapuri,Before ripening,Totapuri/Before ripening/Totapuri 1 (85).jpg,Totapuri 1 (85).jpg,.jpg,2723209,4608x2128,ok
Totapuri,Before ripening,Totapuri/Before ripening/Totapuri 1 (86).jpg,Totapuri 1 (86).jpg,.jpg,2655478,4608x2128,ok
Totapuri,Before ripening,Totapuri/Before ripening/Totapuri 1 (87).jpg,Totapuri 1 (87).jpg,.jpg,2657755,4608x2128,ok
Totapuri,Before ripening,Totapuri/Before ripening/Totapuri 1 (88).jpg,Totapuri 1 (88).jpg,.jpg,2499021,4608x2128,ok
Totapuri,Before ripening,Totapuri/Before ripening/Totapuri 1 (89).jpg,Totapuri 1 (89).jpg,.jpg,2619728,4608x2128,ok
Totapuri,Before ripening,Totapuri/Before ripening/Totapuri 1 (90).jpg,Totapuri 1 (90).jpg,.jpg,2600939,4608x2128,ok
Totapuri,Before ripening,Totapuri/Before ripening/Totapuri 1 (91).jpg,Totapuri 1 (91).jpg,.jpg,341633,1079x1986,ok
Totapuri,Before ripening,Totapuri/Before ripening/Totapuri 1 (92).jpg,Totapuri 1 (92).jpg,.jpg,451617,1193x2060,ok
Totapuri,Before ripening,Totapuri/Before ripening/Totapuri 1 (93).jpg,Totapuri 1 (93).jpg,.jpg,460090,1216x2041,ok
Totapuri,Before ripening,Totapuri/Before ripening/Totapuri 1 (94).jpg,Totapuri 1 (94).jpg,.jpg,422396,1218x2154,ok
Totapuri,Before ripening,Totapuri/Before ripening/Totapuri 1 (95).jpg,Totapuri 1 (95).jpg,.jpg,424848,1090x2257,ok
